date,time,open,high,low,close,volume
0,0,1.260022,1.259985,1.259972,1.259978,1000
1,1,1.259863,1.259909,1.259850,1.259880,1000
2,2,1.259322,1.259438,1.259059,1.259249,1000
3,3,1.258642,1.258869,1.258543,1.258706,1000
4,4,1.258852,1.258905,1.258813,1.258859,1000
5,5,1.259615,1.259802,1.259367,1.259585,1000
6,6,1.260650,1.260949,1.260319,1.260634,1000
7,7,1.260412,1.260545,1.260470,1.260507,1000
8,8,1.260918,1.260970,1.260756,1.260863,1000
9,9,1.260787,1.260854,1.260847,1.260851,1000
10,10,1.260627,1.260658,1.260493,1.260575,1000
11,11,1.259929,1.260102,1.259696,1.259899,1000
12,12,1.259546,1.259630,1.259400,1.259515,1000
13,13,1.258942,1.259162,1.258860,1.259011,1000
14,14,1.258481,1.258603,1.258254,1.258428,1000
15,15,1.257226,1.257610,1.256908,1.257259,1000
16,16,1.256344,1.256607,1.256049,1.256328,1000
17,17,1.255888,1.255918,1.255567,1.255743,1000
18,18,1.256025,1.256177,1.255977,1.256077,1000
19,19,1.256017,1.256002,1.255938,1.255970,1000
20,20,1.256905,1.257275,1.256672,1.256973,1000
21,21,1.259004,1.259615,1.258395,1.259005,1000
22,22,1.260783,1.261243,1.260210,1.260726,1000
23,23,1.263435,1.264218,1.262605,1.263411,1000
24,24,1.265260,1.265845,1.264721,1.265283,1000
25,25,1.266811,1.267362,1.266402,1.266882,1000
26,26,1.268407,1.268808,1.267919,1.268364,1000
27,27,1.269559,1.269963,1.269225,1.269594,1000
28,28,1.270487,1.270842,1.270266,1.270554,1000
29,29,1.271383,1.271662,1.271150,1.271406,1000
30,30,1.271392,1.271487,1.271450,1.271468,1000
31,31,1.271971,1.272099,1.271808,1.271953,1000
32,32,1.272306,1.272385,1.272186,1.272285,1000
33,33,1.272227,1.272218,1.272161,1.272189,1000
34,34,1.272515,1.272656,1.272440,1.272548,1000
35,35,1.272597,1.272492,1.272444,1.272468,1000
36,36,1.273028,1.273228,1.272877,1.273053,1000
37,37,1.273431,1.273549,1.273320,1.273434,1000
38,38,1.273579,1.273582,1.273514,1.273548,1000
39,39,1.273693,1.273678,1.273618,1.273648,1000
40,40,1.273973,1.273892,1.273779,1.273836,1000
41,41,1.274802,1.274969,1.274446,1.274707,1000
42,42,1.274724,1.274772,1.274742,1.274757,1000
43,43,1.274446,1.274566,1.274403,1.274485,1000
44,44,1.274653,1.274660,1.274579,1.274620,1000
45,45,1.273938,1.274145,1.273738,1.273941,1000
46,46,1.273329,1.273538,1.273193,1.273366,1000
47,47,1.272225,1.272550,1.271851,1.272201,1000
48,48,1.271124,1.271416,1.270744,1.271080,1000
49,49,1.269645,1.270076,1.269215,1.269646,1000
50,50,1.268397,1.268793,1.268063,1.268428,1000
51,51,1.267405,1.267703,1.267082,1.267392,1000
52,52,1.267143,1.267140,1.266925,1.267032,1000
53,53,1.265539,1.266025,1.265163,1.265594,1000
54,54,1.264944,1.265109,1.264693,1.264901,1000
55,55,1.263750,1.264114,1.263440,1.263777,1000
56,56,1.262293,1.262740,1.261851,1.262295,1000
57,57,1.262243,1.262245,1.262202,1.262224,1000
58,58,1.260931,1.261297,1.260503,1.260900,1000
59,59,1.259383,1.259872,1.258992,1.259432,1000
60,60,1.257900,1.258374,1.257468,1.257921,1000
61,61,1.258071,1.258034,1.257982,1.258008,1000
62,62,1.258359,1.258339,1.258186,1.258263,1000
63,63,1.258072,1.258131,1.258018,1.258074,1000
64,64,1.257427,1.257519,1.257043,1.257281,1000
65,65,1.257123,1.257152,1.257041,1.257096,1000
66,66,1.255664,1.256177,1.255390,1.255783,1000
67,67,1.255234,1.255433,1.255132,1.255282,1000
68,68,1.254039,1.254395,1.253635,1.254015,1000
69,69,1.253009,1.253251,1.252597,1.252924,1000
70,70,1.252644,1.252754,1.252608,1.252681,1000
71,71,1.252478,1.252555,1.252446,1.252500,1000
72,72,1.253920,1.254343,1.253492,1.253918,1000
73,73,1.256308,1.257129,1.255646,1.256387,1000
74,74,1.257963,1.258360,1.257449,1.257904,1000
75,75,1.259729,1.260370,1.259231,1.259801,1000
76,76,1.260957,1.261141,1.260522,1.260831,1000
77,77,1.260798,1.260826,1.260822,1.260824,1000
78,78,1.260389,1.260610,1.260426,1.260518,1000
79,79,1.261331,1.261419,1.261003,1.261211,1000
80,80,1.261646,1.261934,1.261600,1.261767,1000
81,81,1.262406,1.262432,1.262125,1.262279,1000
82,82,1.262255,1.262308,1.262294,1.262301,1000
83,83,1.261829,1.262033,1.261804,1.261919,1000
84,84,1.261468,1.261594,1.261315,1.261454,1000
85,85,1.260409,1.260718,1.260088,1.260403,1000
86,86,1.259188,1.259560,1.258838,1.259199,1000
87,87,1.258249,1.258540,1.257976,1.258258,1000
88,88,1.258153,1.258190,1.258132,1.258161,1000
89,89,1.257829,1.257899,1.257674,1.257786,1000
90,90,1.257961,1.258074,1.257941,1.258008,1000
91,91,1.258603,1.258654,1.258356,1.258505,1000
92,92,1.259540,1.259882,1.259246,1.259564,1000
93,93,1.260918,1.261301,1.260499,1.260900,1000
94,94,1.262347,1.262634,1.261834,1.262234,1000
95,95,1.263824,1.264223,1.263304,1.263764,1000
96,96,1.264960,1.265257,1.264568,1.264912,1000
97,97,1.266674,1.267268,1.266180,1.266724,1000
98,98,1.268122,1.268542,1.267702,1.268122,1000
99,99,1.270869,1.271770,1.270085,1.270928,1000
100,100,1.273581,1.274348,1.272768,1.273558,1000
101,101,1.276331,1.277113,1.275471,1.276292,1000
102,102,1.278701,1.279550,1.278045,1.278798,1000
103,103,1.281515,1.282314,1.280690,1.281502,1000
104,104,1.284064,1.284860,1.283309,1.284084,1000
105,105,1.286279,1.286817,1.285555,1.286186,1000
106,106,1.289505,1.290509,1.288512,1.289510,1000
107,107,1.292577,1.293444,1.291627,1.292535,1000
108,108,1.295991,1.297032,1.294955,1.295993,1000
109,109,1.299075,1.299960,1.298127,1.299044,1000
110,110,1.300611,1.301199,1.300204,1.300701,1000
111,111,1.301285,1.301558,1.301163,1.301360,1000
112,112,1.301399,1.301494,1.301432,1.301463,1000
113,113,1.301004,1.301077,1.300745,1.300911,1000
114,114,1.300477,1.300634,1.300396,1.300515,1000
115,115,1.301587,1.301836,1.301226,1.301531,1000
116,116,1.302952,1.303249,1.302456,1.302853,1000
117,117,1.303189,1.303232,1.303057,1.303145,1000
118,118,1.304021,1.304196,1.303711,1.303953,1000
119,119,1.305056,1.305500,1.304786,1.305143,1000
120,120,1.306308,1.306543,1.305897,1.306220,1000
121,121,1.307547,1.307877,1.307112,1.307494,1000
122,122,1.308275,1.308450,1.308009,1.308229,1000
123,123,1.308513,1.308488,1.308369,1.308429,1000
124,124,1.308746,1.308832,1.308646,1.308739,1000
125,125,1.309499,1.309660,1.309235,1.309447,1000
126,126,1.309903,1.309968,1.309728,1.309848,1000
127,127,1.311358,1.311738,1.310865,1.311301,1000
128,128,1.312223,1.312661,1.312033,1.312347,1000
129,129,1.314462,1.315083,1.313820,1.314452,1000
130,130,1.315652,1.316133,1.315357,1.315745,1000
131,131,1.316816,1.317156,1.316504,1.316830,1000
132,132,1.318663,1.319123,1.318064,1.318593,1000
133,133,1.320568,1.321300,1.320050,1.320675,1000
134,134,1.321689,1.322036,1.321408,1.321722,1000
135,135,1.322248,1.322393,1.322083,1.322238,1000
136,136,1.322872,1.323085,1.322694,1.322889,1000
137,137,1.324509,1.325108,1.324083,1.324596,1000
138,138,1.327266,1.328162,1.326515,1.327338,1000
139,139,1.328919,1.329471,1.328486,1.328979,1000
140,140,1.330768,1.331308,1.330233,1.330770,1000
141,141,1.332716,1.333164,1.332059,1.332612,1000
142,142,1.333293,1.333587,1.333137,1.333362,1000
143,143,1.333566,1.333470,1.333420,1.333445,1000
144,144,1.334007,1.334120,1.333809,1.333964,1000
145,145,1.334823,1.335114,1.334583,1.334848,1000
146,146,1.335022,1.335048,1.334956,1.335002,1000
147,147,1.335282,1.335410,1.335222,1.335316,1000
148,148,1.336750,1.337029,1.336238,1.336634,1000
149,149,1.337379,1.337589,1.337148,1.337369,1000
150,150,1.338155,1.338380,1.337913,1.338146,1000
151,151,1.338561,1.338677,1.338432,1.338554,1000
152,152,1.338362,1.338457,1.338374,1.338416,1000
153,153,1.337583,1.337843,1.337351,1.337597,1000
154,154,1.336822,1.337090,1.336656,1.336873,1000
155,155,1.336612,1.336668,1.336492,1.336580,1000
156,156,1.336038,1.336171,1.335820,1.335995,1000
157,157,1.334767,1.335144,1.334414,1.334779,1000
158,158,1.333551,1.333888,1.333124,1.333506,1000
159,159,1.332915,1.333100,1.332752,1.332926,1000
160,160,1.332121,1.332386,1.331923,1.332154,1000
161,161,1.331123,1.331476,1.330895,1.331185,1000
162,162,1.331043,1.331072,1.330975,1.331024,1000
163,163,1.331275,1.331429,1.331242,1.331336,1000
164,164,1.332568,1.332921,1.332189,1.332555,1000
165,165,1.334006,1.334443,1.333572,1.334007,1000
166,166,1.334819,1.335123,1.334608,1.334865,1000
167,167,1.336547,1.336992,1.336010,1.336501,1000
168,168,1.337611,1.338026,1.337322,1.337674,1000
169,169,1.339155,1.339542,1.338680,1.339111,1000
170,170,1.340719,1.341171,1.340220,1.340696,1000
171,171,1.342690,1.343328,1.342113,1.342721,1000
172,172,1.345124,1.345937,1.344452,1.345194,1000
173,173,1.346745,1.347330,1.346344,1.346837,1000
174,174,1.349657,1.350455,1.348784,1.349619,1000
175,175,1.351893,1.352606,1.351226,1.351916,1000
176,176,1.354108,1.354880,1.353511,1.354196,1000
177,177,1.356148,1.356861,1.355630,1.356246,1000
178,178,1.358404,1.359051,1.357755,1.358403,1000
179,179,1.359666,1.359985,1.359255,1.359620,1000
180,180,1.360837,1.361301,1.360525,1.360913,1000
181,181,1.361979,1.362361,1.361692,1.362026,1000
182,182,1.363298,1.363656,1.362904,1.363280,1000
183,183,1.364484,1.364910,1.364157,1.364534,1000
184,184,1.365450,1.365660,1.365140,1.365400,1000
185,185,1.365739,1.365721,1.365573,1.365647,1000
186,186,1.366601,1.366991,1.366370,1.366681,1000
187,187,1.367378,1.367376,1.367055,1.367215,1000
188,188,1.367277,1.367305,1.367264,1.367284,1000
189,189,1.367625,1.367650,1.367481,1.367565,1000
190,190,1.368203,1.368455,1.368044,1.368249,1000
191,191,1.368421,1.368420,1.368341,1.368381,1000
192,192,1.368091,1.368201,1.368046,1.368123,1000
193,193,1.368227,1.368270,1.368202,1.368236,1000
194,194,1.368994,1.369211,1.368761,1.368986,1000
195,195,1.368777,1.368895,1.368818,1.368857,1000
196,196,1.369373,1.369536,1.369222,1.369379,1000
197,197,1.369262,1.369324,1.369276,1.369300,1000
198,198,1.369152,1.369113,1.368953,1.369033,1000
199,199,1.369201,1.369259,1.369155,1.369207,1000
200,200,1.370119,1.370564,1.369937,1.370250,1000
201,201,1.371523,1.371924,1.371151,1.371538,1000
202,202,1.372706,1.373035,1.372344,1.372689,1000
203,203,1.374265,1.374767,1.373807,1.374287,1000
204,204,1.376033,1.376697,1.375584,1.376141,1000
205,205,1.377418,1.377944,1.377111,1.377528,1000
206,206,1.379233,1.379720,1.378708,1.379214,1000
207,207,1.380659,1.381162,1.380262,1.380712,1000
208,208,1.381398,1.381695,1.381241,1.381468,1000
209,209,1.381486,1.381457,1.381447,1.381452,1000
210,210,1.381446,1.381586,1.381524,1.381555,1000
211,211,1.381686,1.381672,1.381618,1.381645,1000
212,212,1.381568,1.381600,1.381562,1.381581,1000
213,213,1.381462,1.381578,1.381575,1.381576,1000
214,214,1.381864,1.381876,1.381738,1.381807,1000
215,215,1.382776,1.383250,1.382584,1.382917,1000
216,216,1.384078,1.384342,1.383684,1.384013,1000
217,217,1.385233,1.385664,1.384902,1.385283,1000
218,218,1.386145,1.386494,1.385935,1.386215,1000
219,219,1.388345,1.388906,1.387663,1.388285,1000
220,220,1.390957,1.391750,1.390149,1.390949,1000
221,221,1.393317,1.393946,1.392562,1.393254,1000
222,222,1.396152,1.397095,1.395321,1.396208,1000
223,223,1.398395,1.398967,1.397693,1.398330,1000
224,224,1.399696,1.400158,1.399314,1.399736,1000
225,225,1.401093,1.401519,1.400696,1.401108,1000
226,226,1.402028,1.402443,1.401826,1.402134,1000
227,227,1.401650,1.401793,1.401500,1.401646,1000
228,228,1.402719,1.403094,1.402426,1.402760,1000
229,229,1.403940,1.404425,1.403656,1.404041,1000
230,230,1.405302,1.405823,1.405000,1.405412,1000
231,231,1.407687,1.408326,1.406980,1.407653,1000
232,232,1.410466,1.411165,1.409543,1.410354,1000
233,233,1.412514,1.413222,1.411898,1.412560,1000
234,234,1.413874,1.414330,1.413513,1.413921,1000
235,235,1.414987,1.415450,1.414744,1.415097,1000
236,236,1.416573,1.417028,1.416136,1.416582,1000
237,237,1.418178,1.418912,1.417836,1.418374,1000
238,238,1.419833,1.420149,1.419330,1.419739,1000
239,239,1.420372,1.420523,1.420161,1.420342,1000
240,240,1.420268,1.420442,1.420396,1.420419,1000
241,241,1.420296,1.420317,1.420229,1.420273,1000
242,242,1.420731,1.420835,1.420576,1.420705,1000
243,243,1.420288,1.420365,1.420074,1.420220,1000
244,244,1.419793,1.419867,1.419564,1.419715,1000
245,245,1.418573,1.418874,1.418154,1.418514,1000
246,246,1.417186,1.417601,1.416819,1.417210,1000
247,247,1.415023,1.415667,1.414347,1.415007,1000
248,248,1.412102,1.412977,1.411239,1.412108,1000
249,249,1.409515,1.410322,1.408794,1.409558,1000
250,250,1.407239,1.407971,1.406613,1.407292,1000
251,251,1.405375,1.405926,1.404756,1.405341,1000
252,252,1.404846,1.405055,1.404809,1.404932,1000
253,253,1.405139,1.405267,1.405112,1.405190,1000
254,254,1.405700,1.405788,1.405512,1.405650,1000
255,255,1.406736,1.407122,1.406443,1.406782,1000
256,256,1.407320,1.407478,1.407157,1.407318,1000
257,257,1.407717,1.407780,1.407566,1.407673,1000
258,258,1.407425,1.407491,1.407336,1.407414,1000
259,259,1.408326,1.408573,1.408038,1.408305,1000
260,260,1.409100,1.409443,1.408917,1.409180,1000
261,261,1.410399,1.410696,1.409996,1.410346,1000
262,262,1.411030,1.411415,1.410922,1.411169,1000
263,263,1.412099,1.412386,1.411824,1.412105,1000
264,264,1.412772,1.413071,1.412625,1.412848,1000
265,265,1.413831,1.414066,1.413503,1.413784,1000
266,266,1.414071,1.414242,1.414031,1.414137,1000
267,267,1.414570,1.414719,1.414450,1.414585,1000
268,268,1.414405,1.414551,1.414522,1.414537,1000
269,269,1.415330,1.415632,1.415126,1.415379,1000
270,270,1.415186,1.415198,1.415043,1.415120,1000
271,271,1.414653,1.414761,1.414453,1.414607,1000
272,272,1.413632,1.413933,1.413356,1.413644,1000
273,273,1.412612,1.412875,1.412216,1.412546,1000
274,274,1.410980,1.411482,1.410571,1.411027,1000
275,275,1.410001,1.410250,1.409585,1.409918,1000
276,276,1.408143,1.408803,1.407848,1.408326,1000
277,277,1.407980,1.408099,1.407906,1.408002,1000
278,278,1.407845,1.407833,1.407687,1.407760,1000
279,279,1.407277,1.407462,1.407206,1.407334,1000
280,280,1.406311,1.406680,1.406119,1.406400,1000
281,281,1.406131,1.406252,1.406125,1.406188,1000
282,282,1.405605,1.405820,1.405505,1.405662,1000
283,283,1.405174,1.405367,1.405114,1.405241,1000
284,284,1.404937,1.405037,1.404863,1.404950,1000
285,285,1.404695,1.404750,1.404578,1.404664,1000
286,286,1.404801,1.404959,1.404823,1.404891,1000
287,287,1.405563,1.405659,1.405304,1.405482,1000
288,288,1.405729,1.405892,1.405703,1.405798,1000
289,289,1.406091,1.406224,1.406027,1.406126,1000
290,290,1.405093,1.405454,1.404878,1.405166,1000
291,291,1.405043,1.405039,1.404930,1.404985,1000
292,292,1.405203,1.405220,1.405111,1.405166,1000
293,293,1.405064,1.405090,1.405026,1.405058,1000
294,294,1.404783,1.404921,1.404804,1.404862,1000
295,295,1.404843,1.404806,1.404757,1.404782,1000
296,296,1.405145,1.405341,1.405083,1.405212,1000
297,297,1.405779,1.406042,1.405659,1.405850,1000
298,298,1.406911,1.407083,1.406514,1.406799,1000
299,299,1.407571,1.407822,1.407349,1.407585,1000
300,300,1.408349,1.408637,1.408152,1.408395,1000
301,301,1.409757,1.410097,1.409311,1.409704,1000
302,302,1.410373,1.410502,1.410133,1.410318,1000
303,303,1.410341,1.410515,1.410424,1.410470,1000
304,304,1.409785,1.409964,1.409531,1.409748,1000
305,305,1.409341,1.409489,1.409266,1.409378,1000
306,306,1.408449,1.408811,1.408326,1.408568,1000
307,307,1.407605,1.407921,1.407367,1.407644,1000
308,308,1.406716,1.407014,1.406475,1.406745,1000
309,309,1.405144,1.405587,1.404595,1.405091,1000
310,310,1.403185,1.403706,1.402520,1.403113,1000
311,311,1.401839,1.402176,1.401373,1.401774,1000
312,312,1.400717,1.401036,1.400404,1.400720,1000
313,313,1.400226,1.400407,1.400138,1.400273,1000
314,314,1.399176,1.399455,1.398754,1.399105,1000
315,315,1.398676,1.398741,1.398429,1.398585,1000
316,316,1.398074,1.398228,1.397923,1.398075,1000
317,317,1.396572,1.397000,1.396080,1.396540,1000
318,318,1.394655,1.395171,1.393999,1.394585,1000
319,319,1.393508,1.393899,1.393312,1.393605,1000
320,320,1.393167,1.393335,1.393102,1.393218,1000
321,321,1.393177,1.393267,1.393245,1.393256,1000
322,322,1.392559,1.392733,1.392285,1.392509,1000
323,323,1.392618,1.392575,1.392544,1.392560,1000
324,324,1.392420,1.392402,1.392267,1.392334,1000
325,325,1.393427,1.393885,1.393169,1.393527,1000
326,326,1.394277,1.394578,1.394093,1.394336,1000
327,327,1.394212,1.394218,1.394118,1.394168,1000
328,328,1.394905,1.395078,1.394658,1.394868,1000
329,329,1.395995,1.396241,1.395607,1.395924,1000
330,330,1.396084,1.396113,1.396026,1.396070,1000
331,331,1.395741,1.395819,1.395605,1.395712,1000
332,332,1.395601,1.395661,1.395618,1.395640,1000
333,333,1.395643,1.395704,1.395674,1.395689,1000
334,334,1.396031,1.396232,1.395982,1.396107,1000
335,335,1.396575,1.396811,1.396486,1.396648,1000
336,336,1.396035,1.396265,1.395937,1.396101,1000
337,337,1.395108,1.395365,1.394735,1.395050,1000
338,338,1.394727,1.394850,1.394678,1.394764,1000
339,339,1.394104,1.394346,1.393988,1.394167,1000
340,340,1.393718,1.393885,1.393643,1.393764,1000
341,341,1.393179,1.393370,1.393033,1.393201,1000
342,342,1.393251,1.393183,1.393168,1.393175,1000
343,343,1.393901,1.394084,1.393664,1.393874,1000
344,344,1.395252,1.395650,1.394830,1.395240,1000
345,345,1.395445,1.395636,1.395453,1.395545,1000
346,346,1.396410,1.396793,1.396217,1.396505,1000
347,347,1.397900,1.398315,1.397479,1.397897,1000
348,348,1.399128,1.399596,1.398812,1.399204,1000
349,349,1.399727,1.399836,1.399544,1.399690,1000
350,350,1.399617,1.399597,1.399517,1.399557,1000
351,351,1.398829,1.399084,1.398679,1.398882,1000
352,352,1.397297,1.397745,1.396772,1.397258,1000
353,353,1.396917,1.396969,1.396720,1.396844,1000
354,354,1.395819,1.396130,1.395517,1.395823,1000
355,355,1.395393,1.395526,1.395272,1.395399,1000
356,356,1.394347,1.394766,1.394223,1.394495,1000
357,357,1.392759,1.393323,1.392319,1.392821,1000
358,358,1.391233,1.391788,1.390904,1.391346,1000
359,359,1.390126,1.390517,1.389807,1.390162,1000
360,360,1.388977,1.389316,1.388591,1.388953,1000
361,361,1.387239,1.387720,1.386664,1.387192,1000
362,362,1.386241,1.386518,1.385939,1.386229,1000
363,363,1.384998,1.385381,1.384655,1.385018,1000
364,364,1.383497,1.383984,1.383099,1.383542,1000
365,365,1.382120,1.382579,1.381754,1.382166,1000
366,366,1.380425,1.380998,1.379997,1.380498,1000
367,367,1.378514,1.379118,1.377937,1.378527,1000
368,368,1.377889,1.378091,1.377716,1.377904,1000
369,369,1.378457,1.378723,1.378345,1.378534,1000
370,370,1.379601,1.379858,1.379247,1.379552,1000
371,371,1.379450,1.379448,1.379358,1.379403,1000
372,372,1.379765,1.379934,1.379689,1.379811,1000
373,373,1.379885,1.379934,1.379877,1.379906,1000
374,374,1.380823,1.380976,1.380482,1.380729,1000
375,375,1.381285,1.381355,1.381066,1.381211,1000
376,376,1.382575,1.382920,1.382131,1.382526,1000
377,377,1.383558,1.383918,1.383275,1.383597,1000
378,378,1.383933,1.383924,1.383773,1.383848,1000
379,379,1.384393,1.384479,1.384188,1.384333,1000
380,380,1.384198,1.384295,1.384262,1.384279,1000
381,381,1.385301,1.385538,1.384957,1.385247,1000
382,382,1.385752,1.385708,1.385495,1.385601,1000
383,383,1.385320,1.385447,1.385315,1.385381,1000
384,384,1.385063,1.385120,1.384896,1.385008,1000
385,385,1.384189,1.384420,1.383917,1.384169,1000
386,386,1.382843,1.383302,1.382560,1.382931,1000
387,387,1.381558,1.382025,1.381250,1.381637,1000
388,388,1.381770,1.381688,1.381665,1.381676,1000
389,389,1.382653,1.382827,1.382296,1.382562,1000
390,390,1.382883,1.382939,1.382765,1.382852,1000
391,391,1.383341,1.383512,1.383207,1.383360,1000
392,392,1.382593,1.382835,1.382385,1.382610,1000
393,393,1.381663,1.381865,1.381227,1.381546,1000
394,394,1.381353,1.381296,1.381082,1.381189,1000
395,395,1.381002,1.381049,1.380930,1.380989,1000
396,396,1.380745,1.380750,1.380545,1.380648,1000
397,397,1.379513,1.379911,1.379280,1.379595,1000
398,398,1.378243,1.378657,1.377853,1.378255,1000
399,399,1.377507,1.377732,1.377284,1.377508,1000
400,400,1.376073,1.376568,1.375763,1.376166,1000
401,401,1.374829,1.375265,1.374493,1.374879,1000
402,402,1.374601,1.374733,1.374608,1.374671,1000
403,403,1.373302,1.373678,1.372827,1.373253,1000
404,404,1.372661,1.372722,1.372267,1.372495,1000
405,405,1.372648,1.372763,1.372639,1.372701,1000
406,406,1.373373,1.373537,1.373151,1.373344,1000
407,407,1.374648,1.374908,1.374186,1.374547,1000
408,408,1.375458,1.375738,1.375188,1.375463,1000
409,409,1.376112,1.376216,1.375869,1.376042,1000
410,410,1.375959,1.375961,1.375892,1.375927,1000
411,411,1.376593,1.376614,1.376297,1.376456,1000
412,412,1.375507,1.375811,1.375259,1.375535,1000
413,413,1.374425,1.374763,1.374103,1.374433,1000
414,414,1.372687,1.373230,1.372199,1.372715,1000
415,415,1.371138,1.371598,1.370642,1.371120,1000
416,416,1.370051,1.370416,1.369813,1.370115,1000
417,417,1.370014,1.370002,1.369906,1.369954,1000
418,418,1.369955,1.369918,1.369888,1.369903,1000
419,419,1.369692,1.369762,1.369640,1.369701,1000
420,420,1.369094,1.369135,1.368649,1.368892,1000
421,421,1.367759,1.368106,1.367433,1.367770,1000
422,422,1.366653,1.367018,1.366374,1.366696,1000
423,423,1.366009,1.366215,1.365803,1.366009,1000
424,424,1.366660,1.366839,1.366456,1.366647,1000
425,425,1.366360,1.366388,1.366165,1.366277,1000
426,426,1.366417,1.366534,1.366415,1.366474,1000
427,427,1.366762,1.366876,1.366691,1.366783,1000
428,428,1.367965,1.368221,1.367557,1.367889,1000
429,429,1.368341,1.368614,1.368279,1.368447,1000
430,430,1.367643,1.367864,1.367365,1.367614,1000
431,431,1.367035,1.367245,1.366928,1.367087,1000
432,432,1.366922,1.367020,1.366963,1.366991,1000
433,433,1.368060,1.368401,1.367750,1.368076,1000
434,434,1.370075,1.370667,1.369470,1.370068,1000
435,435,1.371405,1.371725,1.370960,1.371342,1000
436,436,1.372139,1.372410,1.371917,1.372163,1000
437,437,1.373914,1.374322,1.373325,1.373823,1000
438,438,1.375200,1.375438,1.374693,1.375065,1000
439,439,1.375570,1.375863,1.375495,1.375679,1000
440,440,1.377182,1.377671,1.376751,1.377211,1000
441,441,1.378870,1.379130,1.378244,1.378687,1000
442,442,1.380478,1.380881,1.379868,1.380374,1000
443,443,1.381397,1.381769,1.381125,1.381447,1000
444,444,1.381768,1.381943,1.381714,1.381829,1000
445,445,1.381730,1.381784,1.381746,1.381765,1000
446,446,1.381458,1.381594,1.381447,1.381520,1000
447,447,1.380333,1.380685,1.379969,1.380327,1000
448,448,1.378964,1.379397,1.378601,1.378999,1000
449,449,1.377115,1.377608,1.376417,1.377012,1000
450,450,1.375104,1.375660,1.374502,1.375081,1000
451,451,1.374268,1.374517,1.374033,1.374275,1000
452,452,1.372900,1.373250,1.372372,1.372811,1000
453,453,1.371095,1.371492,1.370363,1.370927,1000
454,454,1.368364,1.369143,1.367616,1.368380,1000
455,455,1.365178,1.366248,1.364424,1.365336,1000
456,456,1.362875,1.363632,1.362174,1.362903,1000
457,457,1.360027,1.360855,1.359102,1.359979,1000
458,458,1.357327,1.358166,1.356613,1.357389,1000
459,459,1.355497,1.355979,1.354772,1.355376,1000
460,460,1.353966,1.354404,1.353571,1.353988,1000
461,461,1.352526,1.352958,1.352076,1.352517,1000
462,462,1.350989,1.351438,1.350513,1.350976,1000
463,463,1.348678,1.349426,1.348099,1.348762,1000
464,464,1.346898,1.347536,1.346486,1.347011,1000
465,465,1.344501,1.345217,1.343681,1.344449,1000
466,466,1.342185,1.342832,1.341447,1.342139,1000
467,467,1.340139,1.340855,1.339755,1.340305,1000
468,468,1.339174,1.339508,1.338825,1.339167,1000
469,469,1.338335,1.338557,1.338035,1.338296,1000
470,470,1.337976,1.338116,1.337962,1.338039,1000
471,471,1.338615,1.338825,1.338462,1.338643,1000
472,472,1.339850,1.340175,1.339468,1.339821,1000
473,473,1.341130,1.341467,1.340707,1.341087,1000
474,474,1.342314,1.342735,1.341974,1.342354,1000
475,475,1.343643,1.344055,1.343270,1.343663,1000
476,476,1.344526,1.344732,1.344238,1.344485,1000
477,477,1.344876,1.344998,1.344761,1.344879,1000
478,478,1.344856,1.344866,1.344855,1.344861,1000
479,479,1.345537,1.345683,1.345303,1.345493,1000
480,480,1.345565,1.345595,1.345548,1.345571,1000
481,481,1.345342,1.345481,1.345404,1.345443,1000
482,482,1.345754,1.345962,1.345722,1.345842,1000
483,483,1.346072,1.346032,1.345944,1.345988,1000
484,484,1.346973,1.347277,1.346682,1.346979,1000
485,485,1.348497,1.349195,1.348172,1.348683,1000
486,486,1.349825,1.350172,1.349485,1.349828,1000
487,487,1.350280,1.350321,1.350094,1.350208,1000
488,488,1.351759,1.352291,1.351329,1.351810,1000
489,489,1.351519,1.351620,1.351457,1.351539,1000
490,490,1.349827,1.350334,1.349303,1.349818,1000
491,491,1.348429,1.348863,1.348045,1.348454,1000
492,492,1.347803,1.347889,1.347404,1.347647,1000
493,493,1.346001,1.346540,1.345593,1.346066,1000
494,494,1.344788,1.345168,1.344399,1.344784,1000
495,495,1.344613,1.344707,1.344641,1.344674,1000
496,496,1.344354,1.344430,1.344222,1.344326,1000
497,497,1.344451,1.344453,1.344394,1.344424,1000
498,498,1.345402,1.345771,1.345149,1.345460,1000
499,499,1.345315,1.345323,1.345205,1.345264,1000
500,500,1.344699,1.344829,1.344457,1.344643,1000
501,501,1.343940,1.344222,1.343861,1.344042,1000
502,502,1.344141,1.344165,1.344108,1.344137,1000
503,503,1.343572,1.343781,1.343477,1.343629,1000
504,504,1.343284,1.343332,1.343078,1.343205,1000
505,505,1.343000,1.342991,1.342808,1.342900,1000
506,506,1.342899,1.342987,1.342946,1.342966,1000
507,507,1.343335,1.343387,1.343193,1.343290,1000
508,508,1.343366,1.343420,1.343360,1.343390,1000
509,509,1.344842,1.345148,1.344336,1.344742,1000
510,510,1.346211,1.346514,1.345696,1.346105,1000
511,511,1.346821,1.347014,1.346594,1.346804,1000
512,512,1.347530,1.347728,1.347301,1.347515,1000
513,513,1.348509,1.348808,1.348211,1.348509,1000
514,514,1.349688,1.349855,1.349234,1.349544,1000
515,515,1.349734,1.349718,1.349638,1.349678,1000
516,516,1.349523,1.349574,1.349485,1.349530,1000
517,517,1.349608,1.349600,1.349567,1.349584,1000
518,518,1.348864,1.349049,1.348590,1.348820,1000
519,519,1.349400,1.349370,1.349116,1.349243,1000
520,520,1.349109,1.349114,1.349005,1.349060,1000
521,521,1.349722,1.349920,1.349523,1.349722,1000
522,522,1.350720,1.351226,1.350532,1.350879,1000
523,523,1.351742,1.351864,1.351409,1.351637,1000
524,524,1.351893,1.351956,1.351808,1.351882,1000
525,525,1.351374,1.351522,1.351213,1.351368,1000
526,526,1.349620,1.350214,1.349225,1.349720,1000
527,527,1.349664,1.349607,1.349511,1.349559,1000
528,528,1.348563,1.348815,1.348178,1.348497,1000
529,529,1.346785,1.347293,1.346262,1.346777,1000
530,530,1.345687,1.346009,1.345352,1.345681,1000
531,531,1.345418,1.345488,1.345322,1.345405,1000
532,532,1.344964,1.345109,1.344855,1.344982,1000
533,533,1.345414,1.345443,1.345230,1.345337,1000
534,534,1.346474,1.346764,1.346105,1.346434,1000
535,535,1.347603,1.347957,1.347254,1.347606,1000
536,536,1.347173,1.347379,1.347186,1.347283,1000
537,537,1.346959,1.347015,1.346785,1.346900,1000
538,538,1.346980,1.346913,1.346907,1.346910,1000
539,539,1.347049,1.347160,1.347045,1.347103,1000
540,540,1.346657,1.346782,1.346507,1.346644,1000
541,541,1.345587,1.345902,1.345265,1.345584,1000
542,542,1.344343,1.344751,1.344037,1.344394,1000
543,543,1.343319,1.343531,1.342791,1.343161,1000
544,544,1.342337,1.342630,1.342175,1.342403,1000
545,545,1.341608,1.341757,1.341204,1.341481,1000
546,546,1.341242,1.341245,1.341043,1.341144,1000
547,547,1.341639,1.341888,1.341545,1.341717,1000
548,548,1.341548,1.341564,1.341433,1.341499,1000
549,549,1.341732,1.341826,1.341675,1.341751,1000
550,550,1.341916,1.341721,1.341695,1.341708,1000
551,551,1.342301,1.342513,1.342141,1.342327,1000
552,552,1.343204,1.343405,1.342907,1.343156,1000
553,553,1.344625,1.345041,1.344171,1.344606,1000
554,554,1.346450,1.347080,1.345938,1.346509,1000
555,555,1.348665,1.349235,1.347976,1.348606,1000
556,556,1.349221,1.349317,1.348989,1.349153,1000
557,557,1.350795,1.351275,1.350295,1.350785,1000
558,558,1.353125,1.353750,1.352381,1.353065,1000
559,559,1.355568,1.356223,1.354765,1.355494,1000
560,560,1.357599,1.358255,1.356980,1.357617,1000
561,561,1.359127,1.359482,1.358621,1.359052,1000
562,562,1.360085,1.360346,1.359748,1.360047,1000
563,563,1.360495,1.360505,1.360294,1.360400,1000
564,564,1.359656,1.359854,1.359387,1.359620,1000
565,565,1.360074,1.360319,1.359996,1.360158,1000
566,566,1.360524,1.360795,1.360501,1.360648,1000
567,567,1.361305,1.361308,1.361003,1.361155,1000
568,568,1.362398,1.362822,1.362053,1.362437,1000
569,569,1.363828,1.364239,1.363407,1.363823,1000
570,570,1.363811,1.363888,1.363858,1.363873,1000
571,571,1.364008,1.364110,1.364000,1.364055,1000
572,572,1.364491,1.364650,1.364375,1.364513,1000
573,573,1.365412,1.365550,1.365071,1.365310,1000
574,574,1.365134,1.365156,1.365024,1.365090,1000
575,575,1.364659,1.364852,1.364648,1.364750,1000
576,576,1.364759,1.364768,1.364760,1.364764,1000
577,577,1.365264,1.365480,1.365149,1.365314,1000
578,578,1.364723,1.364822,1.364400,1.364611,1000
579,579,1.363546,1.363824,1.363149,1.363487,1000
580,580,1.362785,1.363007,1.362596,1.362801,1000
581,581,1.362930,1.362882,1.362845,1.362863,1000
582,582,1.362622,1.362692,1.362545,1.362618,1000
583,583,1.362485,1.362555,1.362501,1.362528,1000
584,584,1.363489,1.363895,1.363264,1.363579,1000
585,585,1.364692,1.365019,1.364354,1.364687,1000
586,586,1.366867,1.367380,1.366136,1.366758,1000
587,587,1.367411,1.367590,1.367206,1.367398,1000
588,588,1.367107,1.367166,1.366968,1.367067,1000
589,589,1.366982,1.367030,1.366997,1.367013,1000
590,590,1.367714,1.367973,1.367530,1.367751,1000
591,591,1.369393,1.369839,1.368875,1.369357,1000
592,592,1.370750,1.371078,1.370283,1.370681,1000
593,593,1.372932,1.373599,1.372251,1.372925,1000
594,594,1.374647,1.375213,1.374156,1.374684,1000
595,595,1.375236,1.375564,1.375158,1.375361,1000
596,596,1.375723,1.375874,1.375637,1.375755,1000
597,597,1.376532,1.376587,1.376203,1.376395,1000
598,598,1.376736,1.376909,1.376672,1.376791,1000
599,599,1.377907,1.378344,1.377627,1.377985,1000
600,600,1.377936,1.377887,1.377803,1.377845,1000
601,601,1.378860,1.379113,1.378528,1.378820,1000
602,602,1.378856,1.378873,1.378849,1.378861,1000
603,603,1.379037,1.378972,1.378921,1.378947,1000
604,604,1.379514,1.379685,1.379344,1.379514,1000
605,605,1.380187,1.380298,1.379937,1.380118,1000
606,606,1.381328,1.381689,1.380963,1.381326,1000
607,607,1.381678,1.381787,1.381574,1.381680,1000
608,608,1.382430,1.382743,1.382252,1.382498,1000
609,609,1.385183,1.386065,1.384417,1.385241,1000
610,610,1.387789,1.388467,1.386977,1.387722,1000
611,611,1.388492,1.388737,1.388269,1.388503,1000
612,612,1.388627,1.388742,1.388631,1.388686,1000
613,613,1.389090,1.389322,1.389029,1.389175,1000
614,614,1.388825,1.389001,1.388852,1.388927,1000
615,615,1.388849,1.388858,1.388800,1.388829,1000
616,616,1.388459,1.388573,1.388354,1.388463,1000
617,617,1.388802,1.388948,1.388724,1.388836,1000
618,618,1.388468,1.388555,1.388315,1.388435,1000
619,619,1.387307,1.387629,1.386938,1.387283,1000
620,620,1.385456,1.385936,1.384783,1.385360,1000
621,621,1.383374,1.384079,1.382982,1.383531,1000
622,622,1.382353,1.382726,1.382036,1.382381,1000
623,623,1.381146,1.381535,1.380810,1.381172,1000
624,624,1.379974,1.380421,1.379778,1.380100,1000
625,625,1.378248,1.378799,1.377685,1.378242,1000
626,626,1.376612,1.377080,1.376086,1.376583,1000
627,627,1.374766,1.375315,1.374228,1.374772,1000
628,628,1.372947,1.373507,1.372424,1.372965,1000
629,629,1.370348,1.371210,1.369707,1.370458,1000
630,630,1.368438,1.369030,1.367807,1.368419,1000
631,631,1.367336,1.367647,1.366985,1.367316,1000
632,632,1.366595,1.366758,1.366280,1.366519,1000
633,633,1.366004,1.366098,1.365738,1.365918,1000
634,634,1.364821,1.365202,1.364588,1.364895,1000
635,635,1.364026,1.364286,1.363764,1.364025,1000
636,636,1.363518,1.363694,1.363410,1.363552,1000
637,637,1.362574,1.362883,1.362309,1.362596,1000
638,638,1.363045,1.363041,1.362836,1.362938,1000
639,639,1.363085,1.363000,1.362972,1.362986,1000
640,640,1.363549,1.363722,1.363382,1.363552,1000
641,641,1.365041,1.365356,1.364523,1.364940,1000
642,642,1.365534,1.365954,1.365486,1.365720,1000
643,643,1.365812,1.365802,1.365764,1.365783,1000
644,644,1.365762,1.365678,1.365587,1.365632,1000
645,645,1.365250,1.365390,1.365183,1.365287,1000
646,646,1.364280,1.364583,1.363980,1.364281,1000
647,647,1.363841,1.364039,1.363832,1.363935,1000
648,648,1.362208,1.362813,1.361851,1.362332,1000
649,649,1.361370,1.361722,1.361200,1.361461,1000
650,650,1.360612,1.360842,1.360312,1.360577,1000
651,651,1.360311,1.360412,1.360270,1.360341,1000
652,652,1.359124,1.359575,1.358919,1.359247,1000
653,653,1.359438,1.359507,1.359387,1.359447,1000
654,654,1.359529,1.359490,1.359470,1.359480,1000
655,655,1.360873,1.361224,1.360419,1.360821,1000
656,656,1.362404,1.362916,1.361949,1.362432,1000
657,657,1.364117,1.364711,1.363659,1.364185,1000
658,658,1.364363,1.364636,1.364428,1.364532,1000
659,659,1.365163,1.365324,1.364958,1.365141,1000
660,660,1.365209,1.365332,1.365244,1.365288,1000
661,661,1.364891,1.364972,1.364702,1.364837,1000
662,662,1.363796,1.364134,1.363532,1.363833,1000
663,663,1.362770,1.363006,1.362298,1.362652,1000
664,664,1.361549,1.361947,1.361343,1.361645,1000
665,665,1.361272,1.361457,1.361295,1.361376,1000
666,666,1.360417,1.360679,1.360081,1.360380,1000
667,667,1.359703,1.359833,1.359364,1.359598,1000
668,668,1.359331,1.359483,1.359384,1.359433,1000
669,669,1.359075,1.359195,1.358990,1.359093,1000
670,670,1.358148,1.358372,1.357754,1.358063,1000
671,671,1.355726,1.356438,1.355047,1.355743,1000
672,672,1.352272,1.353283,1.351178,1.352231,1000
673,673,1.349862,1.350560,1.349130,1.349845,1000
674,674,1.348177,1.348650,1.347628,1.348139,1000
675,675,1.346333,1.346908,1.345854,1.346381,1000
676,676,1.343796,1.344598,1.343071,1.343834,1000
677,677,1.341795,1.342318,1.341020,1.341669,1000
678,678,1.338984,1.339829,1.338253,1.339041,1000
679,679,1.336592,1.337288,1.335788,1.336538,1000
680,680,1.334214,1.334871,1.333444,1.334157,1000
681,681,1.332084,1.332830,1.331693,1.332261,1000
682,682,1.330930,1.331321,1.330516,1.330918,1000
683,683,1.328260,1.329059,1.327467,1.328263,1000
684,684,1.326549,1.327002,1.325922,1.326462,1000
685,685,1.324632,1.325177,1.324077,1.324627,1000
686,686,1.322869,1.323430,1.322406,1.322918,1000
687,687,1.321431,1.321834,1.320906,1.321370,1000
688,688,1.319566,1.320108,1.319027,1.319567,1000
689,689,1.317960,1.318464,1.317518,1.317991,1000
690,690,1.316761,1.317129,1.316390,1.316760,1000
691,691,1.315761,1.316003,1.315355,1.315679,1000
692,692,1.314511,1.314904,1.314240,1.314572,1000
693,693,1.312703,1.313250,1.312117,1.312683,1000
694,694,1.310393,1.311100,1.309744,1.310422,1000
695,695,1.308333,1.308919,1.307633,1.308276,1000
696,696,1.305740,1.306540,1.305054,1.305797,1000
697,697,1.303935,1.304417,1.303236,1.303826,1000
698,698,1.301162,1.301917,1.300282,1.301100,1000
699,699,1.297933,1.298889,1.296997,1.297943,1000
700,700,1.296420,1.296859,1.295930,1.296394,1000
701,701,1.294249,1.294905,1.293629,1.294267,1000
702,702,1.292912,1.293300,1.292472,1.292886,1000
703,703,1.291441,1.291906,1.291066,1.291486,1000
704,704,1.289387,1.289988,1.288706,1.289347,1000
705,705,1.287502,1.288036,1.286913,1.287474,1000
706,706,1.286459,1.286876,1.286363,1.286619,1000
707,707,1.287376,1.287518,1.287103,1.287311,1000
708,708,1.287209,1.287157,1.287026,1.287092,1000
709,709,1.287412,1.287561,1.287344,1.287452,1000
710,710,1.288375,1.288718,1.288134,1.288426,1000
711,711,1.287566,1.287773,1.287213,1.287493,1000
712,712,1.285815,1.286306,1.285289,1.285797,1000
713,713,1.285280,1.285401,1.285062,1.285232,1000
714,714,1.283648,1.284146,1.283216,1.283681,1000
715,715,1.282532,1.282881,1.282196,1.282539,1000
716,716,1.282408,1.282359,1.282204,1.282281,1000
717,717,1.282914,1.283245,1.282800,1.283022,1000
718,718,1.284162,1.284422,1.283776,1.284099,1000
719,719,1.284440,1.284544,1.284339,1.284441,1000
720,720,1.284210,1.284186,1.283967,1.284076,1000
721,721,1.284096,1.284107,1.284093,1.284100,1000
722,722,1.284180,1.284211,1.284160,1.284185,1000
723,723,1.284953,1.285354,1.284814,1.285084,1000
724,724,1.285608,1.285606,1.285365,1.285486,1000
725,725,1.286832,1.287373,1.286501,1.286937,1000
726,726,1.288148,1.288633,1.287850,1.288241,1000
727,727,1.288652,1.288969,1.288633,1.288801,1000
728,728,1.289020,1.288855,1.288830,1.288842,1000
729,729,1.288957,1.288901,1.288874,1.288887,1000
730,730,1.288580,1.288618,1.288387,1.288503,1000
731,731,1.288320,1.288352,1.288223,1.288287,1000
732,732,1.288220,1.288273,1.288262,1.288268,1000
733,733,1.287739,1.287936,1.287652,1.287794,1000
734,734,1.287421,1.287543,1.287329,1.287436,1000
735,735,1.287409,1.287395,1.287359,1.287377,1000
736,736,1.286974,1.287120,1.286900,1.287010,1000
737,737,1.287089,1.286960,1.286917,1.286939,1000
738,738,1.285929,1.286263,1.285684,1.285974,1000
739,739,1.285937,1.285884,1.285806,1.285845,1000
740,740,1.285449,1.285602,1.285395,1.285498,1000
741,741,1.284977,1.285136,1.284825,1.284981,1000
742,742,1.283133,1.283693,1.282591,1.283142,1000
743,743,1.281734,1.282099,1.281205,1.281652,1000
744,744,1.280277,1.280608,1.279714,1.280161,1000
745,745,1.278674,1.279191,1.278361,1.278776,1000
746,746,1.278838,1.278825,1.278802,1.278814,1000
747,747,1.277591,1.277957,1.277224,1.277590,1000
748,748,1.276463,1.276836,1.276189,1.276513,1000
749,749,1.275507,1.275778,1.275150,1.275464,1000
750,750,1.274719,1.274967,1.274542,1.274754,1000
751,751,1.273911,1.274126,1.273588,1.273857,1000
752,752,1.272878,1.273134,1.272514,1.272824,1000
753,753,1.271218,1.271711,1.270758,1.271235,1000
754,754,1.269897,1.270297,1.269494,1.269895,1000
755,755,1.269035,1.269309,1.268807,1.269058,1000
756,756,1.268075,1.268306,1.267662,1.267984,1000
757,757,1.266423,1.266855,1.265888,1.266371,1000
758,758,1.266208,1.266294,1.266228,1.266261,1000
759,759,1.267044,1.267248,1.266793,1.267020,1000
760,760,1.267352,1.267434,1.267243,1.267338,1000
761,761,1.267667,1.267688,1.267527,1.267607,1000
762,762,1.267479,1.267513,1.267432,1.267473,1000
763,763,1.267410,1.267344,1.267233,1.267289,1000
764,764,1.267338,1.267274,1.267262,1.267268,1000
765,765,1.266315,1.266573,1.265977,1.266275,1000
766,766,1.264520,1.265000,1.263909,1.264455,1000
767,767,1.261881,1.262680,1.261161,1.261921,1000
768,768,1.259746,1.260418,1.259131,1.259774,1000
769,769,1.259126,1.259318,1.258927,1.259122,1000
770,770,1.258461,1.258661,1.258265,1.258463,1000
771,771,1.256980,1.257440,1.256564,1.257002,1000
772,772,1.256377,1.256576,1.256211,1.256393,1000
773,773,1.255779,1.255902,1.255482,1.255692,1000
774,774,1.255976,1.256173,1.255951,1.256062,1000
775,775,1.255954,1.255995,1.255937,1.255966,1000
776,776,1.255885,1.255878,1.255802,1.255840,1000
777,777,1.256031,1.256199,1.256034,1.256116,1000
778,778,1.256579,1.256694,1.256428,1.256561,1000
779,779,1.257161,1.257409,1.257018,1.257214,1000
780,780,1.257673,1.257712,1.257482,1.257597,1000
781,781,1.258267,1.258405,1.258032,1.258219,1000
782,782,1.258539,1.258590,1.258418,1.258504,1000
783,783,1.258093,1.258194,1.257929,1.258061,1000
784,784,1.256945,1.257379,1.256795,1.257087,1000
785,785,1.255352,1.255907,1.254896,1.255401,1000
786,786,1.254352,1.254686,1.254073,1.254379,1000
787,787,1.252611,1.253149,1.252095,1.252622,1000
788,788,1.250853,1.251352,1.250264,1.250808,1000
789,789,1.248953,1.249573,1.248516,1.249045,1000
790,790,1.246371,1.247219,1.245657,1.246438,1000
791,791,1.244562,1.245126,1.244002,1.244564,1000
792,792,1.242460,1.243086,1.241820,1.242453,1000
793,793,1.240654,1.241145,1.240025,1.240585,1000
794,794,1.238560,1.239087,1.237804,1.238446,1000
795,795,1.237303,1.237638,1.236946,1.237292,1000
796,796,1.236670,1.236778,1.236337,1.236557,1000
797,797,1.235234,1.235552,1.234692,1.235122,1000
798,798,1.234001,1.234295,1.233587,1.233941,1000
799,799,1.232638,1.233047,1.232282,1.232665,1000
800,800,1.232006,1.232159,1.231726,1.231943,1000
801,801,1.231309,1.231505,1.231129,1.231317,1000
802,802,1.230391,1.230672,1.230120,1.230396,1000
803,803,1.229455,1.229631,1.228976,1.229304,1000
804,804,1.227808,1.228229,1.227308,1.227768,1000
805,805,1.226971,1.227282,1.226866,1.227074,1000
806,806,1.226346,1.226569,1.226136,1.226353,1000
807,807,1.225441,1.225761,1.225255,1.225508,1000
808,808,1.225099,1.225172,1.224883,1.225028,1000
809,809,1.223689,1.224023,1.223163,1.223593,1000
810,810,1.222364,1.222673,1.221886,1.222280,1000
811,811,1.221197,1.221576,1.220974,1.221275,1000
812,812,1.220317,1.220666,1.220144,1.220405,1000
813,813,1.219261,1.219583,1.218880,1.219232,1000
814,814,1.218233,1.218545,1.217956,1.218251,1000
815,815,1.217390,1.217664,1.217162,1.217413,1000
816,816,1.216312,1.216646,1.215989,1.216317,1000
817,817,1.215347,1.215620,1.215023,1.215322,1000
818,818,1.214206,1.214608,1.213996,1.214302,1000
819,819,1.213590,1.213788,1.213347,1.213568,1000
820,820,1.211805,1.212264,1.211147,1.211705,1000
821,821,1.209539,1.210109,1.208742,1.209426,1000
822,822,1.206861,1.207680,1.206187,1.206934,1000
823,823,1.204084,1.204938,1.203231,1.204085,1000
824,824,1.201384,1.202166,1.200524,1.201345,1000
825,825,1.198764,1.199508,1.197936,1.198722,1000
826,826,1.195934,1.196709,1.194985,1.195847,1000
827,827,1.193850,1.194468,1.193287,1.193877,1000
828,828,1.192151,1.192598,1.191503,1.192051,1000
829,829,1.189453,1.190227,1.188666,1.189446,1000
830,830,1.186402,1.187346,1.185548,1.186447,1000
831,831,1.184472,1.185058,1.183869,1.184463,1000
832,832,1.182859,1.183270,1.182248,1.182759,1000
833,833,1.181603,1.181972,1.181298,1.181635,1000
834,834,1.180377,1.180725,1.179945,1.180335,1000
835,835,1.179368,1.179689,1.179135,1.179412,1000
836,836,1.177539,1.178122,1.177017,1.177569,1000
837,837,1.175243,1.175866,1.174408,1.175137,1000
838,838,1.173488,1.174012,1.173049,1.173530,1000
839,839,1.170269,1.171268,1.169332,1.170300,1000
840,840,1.166889,1.167877,1.165804,1.166841,1000
841,841,1.164734,1.165387,1.164143,1.164765,1000
842,842,1.162675,1.163304,1.162052,1.162678,1000
843,843,1.159894,1.160768,1.159133,1.159950,1000
844,844,1.157200,1.158020,1.156368,1.157194,1000
845,845,1.154538,1.155278,1.153637,1.154457,1000
846,846,1.151584,1.152459,1.150749,1.151604,1000
847,847,1.149059,1.149841,1.148333,1.149087,1000
848,848,1.146213,1.147049,1.145304,1.146176,1000
849,849,1.142625,1.143629,1.141451,1.142540,1000
850,850,1.138559,1.139751,1.137366,1.138558,1000
851,851,1.134746,1.135887,1.133602,1.134744,1000
852,852,1.130322,1.131666,1.129034,1.130350,1000
853,853,1.127355,1.128270,1.126491,1.127381,1000
854,854,1.124666,1.125482,1.123856,1.124669,1000
855,855,1.122834,1.123374,1.122266,1.122820,1000
856,856,1.120873,1.121397,1.120179,1.120788,1000
857,857,1.118672,1.119284,1.117997,1.118641,1000
858,858,1.116874,1.117371,1.116284,1.116827,1000
859,859,1.114960,1.115480,1.114327,1.114904,1000
860,860,1.113428,1.113878,1.112999,1.113438,1000
861,861,1.112625,1.112923,1.112481,1.112702,1000
862,862,1.112499,1.112573,1.112462,1.112517,1000
863,863,1.111538,1.111806,1.111196,1.111501,1000
864,864,1.109770,1.110254,1.109187,1.109721,1000
865,865,1.108710,1.109081,1.108533,1.108807,1000
866,866,1.108413,1.108541,1.108312,1.108426,1000
867,867,1.108748,1.108783,1.108618,1.108700,1000
868,868,1.108195,1.108397,1.108138,1.108268,1000
869,869,1.108848,1.109079,1.108705,1.108892,1000
870,870,1.110247,1.110593,1.109808,1.110201,1000
871,871,1.110779,1.111016,1.110640,1.110828,1000
872,872,1.110614,1.110679,1.110552,1.110616,1000
873,873,1.110199,1.110386,1.110188,1.110287,1000
874,874,1.110728,1.110857,1.110594,1.110726,1000
875,875,1.111216,1.111262,1.111014,1.111138,1000
876,876,1.111255,1.111257,1.111202,1.111230,1000
877,877,1.111223,1.111219,1.111209,1.111214,1000
878,878,1.111699,1.111799,1.111529,1.111664,1000
879,879,1.112516,1.112718,1.112232,1.112475,1000
880,880,1.113119,1.113315,1.112927,1.113121,1000
881,881,1.112966,1.113003,1.112901,1.112952,1000
882,882,1.113890,1.114209,1.113629,1.113919,1000
883,883,1.116038,1.116709,1.115421,1.116065,1000
884,884,1.117880,1.118310,1.117273,1.117791,1000
885,885,1.118928,1.119285,1.118595,1.118940,1000
886,886,1.120013,1.120246,1.119643,1.119944,1000
887,887,1.121008,1.121357,1.120705,1.121031,1000
888,888,1.122168,1.122476,1.121809,1.122142,1000
889,889,1.122903,1.123046,1.122629,1.122837,1000
890,890,1.124562,1.125159,1.124087,1.124623,1000
891,891,1.125569,1.125788,1.125250,1.125519,1000
892,892,1.127117,1.127652,1.126667,1.127160,1000
893,893,1.127708,1.127894,1.127555,1.127724,1000
894,894,1.128738,1.128990,1.128406,1.128698,1000
895,895,1.129694,1.129994,1.129396,1.129695,1000
896,896,1.131751,1.132427,1.131165,1.131796,1000
897,897,1.133548,1.134063,1.133016,1.133539,1000
898,898,1.135435,1.136066,1.134899,1.135483,1000
899,899,1.137083,1.137732,1.136693,1.137213,1000
900,900,1.138961,1.139529,1.138459,1.138994,1000
901,901,1.140410,1.140848,1.139992,1.140420,1000
902,902,1.141566,1.141971,1.141255,1.141613,1000
903,903,1.143150,1.143600,1.142682,1.143141,1000
904,904,1.144445,1.144980,1.144131,1.144555,1000
905,905,1.146040,1.146570,1.145640,1.146105,1000
906,906,1.148257,1.148947,1.147635,1.148291,1000
907,907,1.150712,1.151384,1.149955,1.150670,1000
908,908,1.152527,1.152964,1.151905,1.152435,1000
909,909,1.154717,1.155312,1.153983,1.154648,1000
910,910,1.156056,1.156575,1.155685,1.156130,1000
911,911,1.158061,1.158700,1.157513,1.158106,1000
912,912,1.160583,1.161204,1.159773,1.160489,1000
913,913,1.162459,1.163054,1.161869,1.162462,1000
914,914,1.164728,1.165559,1.164128,1.164843,1000
915,915,1.166380,1.166946,1.165975,1.166460,1000
916,916,1.166903,1.167115,1.166813,1.166964,1000
917,917,1.166341,1.166473,1.166052,1.166262,1000
918,918,1.165063,1.165426,1.164710,1.165068,1000
919,919,1.163817,1.164153,1.163368,1.163761,1000
920,920,1.161889,1.162473,1.161370,1.161922,1000
921,921,1.159992,1.160541,1.159359,1.159950,1000
922,922,1.157431,1.158183,1.156670,1.157426,1000
923,923,1.155004,1.155704,1.154230,1.154967,1000
924,924,1.152864,1.153495,1.152236,1.152866,1000
925,925,1.150448,1.151145,1.149673,1.150409,1000
926,926,1.148195,1.148793,1.147409,1.148101,1000
927,927,1.145067,1.146077,1.144346,1.145212,1000
928,928,1.142757,1.143464,1.141968,1.142716,1000
929,929,1.139055,1.140167,1.137987,1.139077,1000
930,930,1.135813,1.136804,1.134860,1.135832,1000
931,931,1.132629,1.133628,1.131742,1.132685,1000
932,932,1.129397,1.130378,1.128405,1.129391,1000
933,933,1.126383,1.127293,1.125497,1.126395,1000
934,934,1.123908,1.124655,1.123165,1.123910,1000
935,935,1.121695,1.122436,1.121175,1.121806,1000
936,936,1.120305,1.120769,1.119882,1.120326,1000
937,937,1.117786,1.118621,1.117162,1.117891,1000
938,938,1.115243,1.116028,1.114433,1.115231,1000
939,939,1.113165,1.113832,1.112634,1.113233,1000
940,940,1.110678,1.111405,1.109841,1.110623,1000
941,941,1.108184,1.108909,1.107442,1.108175,1000
942,942,1.105407,1.106281,1.104660,1.105470,1000
943,943,1.102592,1.103415,1.101657,1.102536,1000
944,944,1.099930,1.100695,1.099120,1.099908,1000
945,945,1.097127,1.097926,1.096230,1.097078,1000
946,946,1.094701,1.095385,1.093936,1.094660,1000
947,947,1.092849,1.093397,1.092316,1.092857,1000
948,948,1.091382,1.091883,1.091049,1.091466,1000
949,949,1.089912,1.090394,1.089476,1.089935,1000
950,950,1.087867,1.088514,1.087298,1.087906,1000
951,951,1.086174,1.086776,1.085808,1.086292,1000
952,952,1.084412,1.085012,1.083916,1.084464,1000
953,953,1.082085,1.082819,1.081412,1.082116,1000
954,954,1.079434,1.080297,1.078741,1.079519,1000
955,955,1.077003,1.077745,1.076228,1.076987,1000
956,956,1.075628,1.076000,1.075156,1.075578,1000
957,957,1.075091,1.075198,1.074872,1.075035,1000
958,958,1.074921,1.074974,1.074923,1.074949,1000
959,959,1.073965,1.074213,1.073583,1.073898,1000
960,960,1.072736,1.073048,1.072320,1.072684,1000
961,961,1.071840,1.072032,1.071474,1.071753,1000
962,962,1.070739,1.070998,1.070351,1.070674,1000
963,963,1.069749,1.070002,1.069425,1.069713,1000
964,964,1.067962,1.068532,1.067520,1.068026,1000
965,965,1.066498,1.066963,1.066052,1.066508,1000
966,966,1.064614,1.065178,1.064041,1.064610,1000
967,967,1.062752,1.063327,1.062229,1.062778,1000
968,968,1.060858,1.061448,1.060310,1.060879,1000
969,969,1.058638,1.059345,1.058031,1.058688,1000
970,970,1.056689,1.057318,1.056146,1.056732,1000
971,971,1.054201,1.054933,1.053394,1.054163,1000
972,972,1.052255,1.052875,1.051772,1.052323,1000
973,973,1.050669,1.051157,1.050159,1.050658,1000
974,974,1.048648,1.049262,1.048068,1.048665,1000
975,975,1.047274,1.047650,1.046780,1.047215,1000
976,976,1.045816,1.046229,1.045384,1.045807,1000
977,977,1.045544,1.045615,1.045451,1.045533,1000
978,978,1.045954,1.045985,1.045776,1.045881,1000
979,979,1.046303,1.046475,1.046201,1.046338,1000
980,980,1.047473,1.047867,1.047161,1.047514,1000
981,981,1.048108,1.048293,1.047934,1.048113,1000
982,982,1.049240,1.049469,1.048843,1.049156,1000
983,983,1.049921,1.050200,1.049718,1.049959,1000
984,984,1.051556,1.051990,1.051052,1.051521,1000
985,985,1.052738,1.053021,1.052328,1.052675,1000
986,986,1.053352,1.053657,1.053203,1.053430,1000
987,987,1.054303,1.054525,1.054019,1.054272,1000
988,988,1.055453,1.055784,1.055086,1.055435,1000
989,989,1.057160,1.057657,1.056631,1.057144,1000
990,990,1.058166,1.058316,1.057775,1.058045,1000
991,991,1.058139,1.058155,1.058104,1.058129,1000
992,992,1.058431,1.058483,1.058320,1.058402,1000
993,993,1.059280,1.059430,1.058955,1.059193,1000
994,994,1.060259,1.060618,1.059960,1.060289,1000
995,995,1.061534,1.061969,1.061194,1.061581,1000
996,996,1.062971,1.063321,1.062518,1.062919,1000
997,997,1.064437,1.064955,1.064015,1.064485,1000
998,998,1.066508,1.067071,1.065877,1.066474,1000
999,999,1.068470,1.069149,1.067913,1.068531,1000
1000,1000,1.071183,1.071910,1.070349,1.071130,1000
1001,1001,1.073528,1.074349,1.072862,1.073605,1000
1002,1002,1.075699,1.076305,1.075058,1.075681,1000
1003,1003,1.076869,1.077291,1.076548,1.076920,1000
1004,1004,1.077757,1.078117,1.077564,1.077840,1000
1005,1005,1.079068,1.079430,1.078696,1.079063,1000
1006,1006,1.080729,1.081279,1.080256,1.080768,1000
1007,1007,1.082154,1.082660,1.081786,1.082223,1000
1008,1008,1.083420,1.083868,1.083109,1.083489,1000
1009,1009,1.085205,1.085636,1.084644,1.085140,1000
1010,1010,1.085668,1.085795,1.085493,1.085644,1000
1011,1011,1.086054,1.086250,1.085970,1.086110,1000
1012,1012,1.085302,1.085509,1.084994,1.085252,1000
1013,1013,1.083982,1.084314,1.083510,1.083912,1000
1014,1014,1.082193,1.082762,1.081776,1.082269,1000
1015,1015,1.081079,1.081414,1.080681,1.081047,1000
1016,1016,1.079842,1.080222,1.079515,1.079868,1000
1017,1017,1.077991,1.078555,1.077430,1.077993,1000
1018,1018,1.076977,1.077300,1.076706,1.077003,1000
1019,1019,1.076921,1.076940,1.076887,1.076914,1000
1020,1020,1.077809,1.078134,1.077570,1.077852,1000
1021,1021,1.077879,1.077931,1.077894,1.077913,1000
1022,1022,1.078195,1.078182,1.078058,1.078120,1000
1023,1023,1.078253,1.078273,1.078202,1.078238,1000
1024,1024,1.078484,1.078541,1.078401,1.078471,1000
1025,1025,1.078541,1.078413,1.078364,1.078389,1000
1026,1026,1.079229,1.079425,1.078946,1.079186,1000
1027,1027,1.080325,1.080655,1.079976,1.080316,1000
1028,1028,1.081342,1.081684,1.081052,1.081368,1000
1029,1029,1.082882,1.083365,1.082443,1.082904,1000
1030,1030,1.084885,1.085408,1.084252,1.084830,1000
1031,1031,1.086578,1.086939,1.085965,1.086452,1000
1032,1032,1.087801,1.088297,1.087445,1.087871,1000
1033,1033,1.089625,1.090171,1.089108,1.089640,1000
1034,1034,1.091320,1.091844,1.090826,1.091335,1000
1035,1035,1.093463,1.094096,1.092821,1.093458,1000
1036,1036,1.094881,1.095312,1.094456,1.094884,1000
1037,1037,1.096788,1.097384,1.096229,1.096807,1000
1038,1038,1.098598,1.099104,1.098043,1.098574,1000
1039,1039,1.100104,1.100488,1.099604,1.100046,1000
1040,1040,1.101481,1.101947,1.101069,1.101508,1000
1041,1041,1.103009,1.103505,1.102583,1.103044,1000
1042,1042,1.103911,1.104206,1.103669,1.103938,1000
1043,1043,1.103971,1.104010,1.103976,1.103993,1000
1044,1044,1.103466,1.103675,1.103403,1.103539,1000
1045,1045,1.103301,1.103375,1.103235,1.103305,1000
1046,1046,1.102328,1.102616,1.102026,1.102321,1000
1047,1047,1.102231,1.102251,1.102192,1.102222,1000
1048,1048,1.103050,1.103206,1.102752,1.102979,1000
1049,1049,1.103765,1.103988,1.103522,1.103755,1000
1050,1050,1.104037,1.104162,1.103974,1.104068,1000
1051,1051,1.104652,1.104800,1.104462,1.104631,1000
1052,1052,1.104618,1.104646,1.104639,1.104642,1000
1053,1053,1.104807,1.104872,1.104766,1.104819,1000
1054,1054,1.105598,1.105768,1.105330,1.105549,1000
1055,1055,1.107432,1.107895,1.106812,1.107354,1000
1056,1056,1.108390,1.108632,1.108042,1.108337,1000
1057,1057,1.109122,1.109306,1.108858,1.109082,1000
1058,1058,1.109968,1.110090,1.109624,1.109857,1000
1059,1059,1.110791,1.110996,1.110470,1.110733,1000
1060,1060,1.111272,1.111446,1.111117,1.111281,1000
1061,1061,1.111678,1.111833,1.111578,1.111706,1000
1062,1062,1.111964,1.111993,1.111860,1.111926,1000
1063,1063,1.113020,1.113328,1.112681,1.113004,1000
1064,1064,1.114131,1.114492,1.113805,1.114149,1000
1065,1065,1.115595,1.116168,1.115235,1.115701,1000
1066,1066,1.116523,1.116806,1.116296,1.116551,1000
1067,1067,1.116577,1.116659,1.116609,1.116634,1000
1068,1068,1.116251,1.116344,1.116095,1.116220,1000
1069,1069,1.115944,1.115965,1.115747,1.115856,1000
1070,1070,1.115993,1.116096,1.115985,1.116040,1000
1071,1071,1.116371,1.116407,1.116238,1.116322,1000
1072,1072,1.116517,1.116621,1.116483,1.116552,1000
1073,1073,1.117123,1.117222,1.116912,1.117067,1000
1074,1074,1.116881,1.116929,1.116810,1.116870,1000
1075,1075,1.116070,1.116332,1.115871,1.116102,1000
1076,1076,1.115124,1.115409,1.114816,1.115112,1000
1077,1077,1.113983,1.114315,1.113633,1.113974,1000
1078,1078,1.112486,1.112910,1.111998,1.112454,1000
1079,1079,1.111065,1.111454,1.110598,1.111026,1000
1080,1080,1.109512,1.109911,1.108957,1.109434,1000
1081,1081,1.108094,1.108522,1.107741,1.108131,1000
1082,1082,1.107010,1.107354,1.106689,1.107021,1000
1083,1083,1.105785,1.106179,1.105457,1.105818,1000
1084,1084,1.104513,1.104942,1.104191,1.104566,1000
1085,1085,1.102798,1.103295,1.102206,1.102750,1000
1086,1086,1.101359,1.101763,1.100917,1.101340,1000
1087,1087,1.099014,1.099711,1.098317,1.099014,1000
1088,1088,1.096964,1.097577,1.096348,1.096963,1000
1089,1089,1.095507,1.095943,1.095070,1.095506,1000
1090,1090,1.094047,1.094480,1.093601,1.094041,1000
1091,1091,1.092353,1.092873,1.091874,1.092373,1000
1092,1092,1.091166,1.091504,1.090760,1.091132,1000
1093,1093,1.090038,1.090302,1.089590,1.089946,1000
1094,1094,1.088253,1.088789,1.087799,1.088294,1000
1095,1095,1.086914,1.087289,1.086428,1.086858,1000
1096,1096,1.086202,1.086439,1.086080,1.086259,1000
1097,1097,1.084898,1.085299,1.084477,1.084888,1000
1098,1098,1.083072,1.083600,1.082497,1.083049,1000
1099,1099,1.081615,1.082072,1.081236,1.081654,1000
1100,1100,1.081056,1.081208,1.080826,1.081017,1000
1101,1101,1.080022,1.080305,1.079695,1.080000,1000
1102,1102,1.079887,1.079925,1.079860,1.079892,1000
1103,1103,1.079265,1.079449,1.079069,1.079259,1000
1104,1104,1.078604,1.078817,1.078439,1.078628,1000
1105,1105,1.078204,1.078372,1.078153,1.078262,1000
1106,1106,1.076436,1.076968,1.075859,1.076413,1000
1107,1107,1.074574,1.075115,1.074004,1.074560,1000
1108,1108,1.072741,1.073294,1.072211,1.072753,1000
1109,1109,1.071109,1.071548,1.070517,1.071033,1000
1110,1110,1.069943,1.070289,1.069653,1.069971,1000
1111,1111,1.069425,1.069569,1.069224,1.069396,1000
1112,1112,1.069475,1.069508,1.069456,1.069482,1000
1113,1113,1.069331,1.069369,1.069271,1.069320,1000
1114,1114,1.069054,1.069120,1.068948,1.069034,1000
1115,1115,1.069168,1.069210,1.069129,1.069169,1000
1116,1116,1.069655,1.069919,1.069573,1.069746,1000
1117,1117,1.069781,1.069806,1.069778,1.069792,1000
1118,1118,1.069485,1.069568,1.069376,1.069472,1000
1119,1119,1.069039,1.069109,1.068797,1.068953,1000
1120,1120,1.069089,1.069027,1.068993,1.069010,1000
1121,1121,1.069245,1.069223,1.069125,1.069174,1000
1122,1122,1.068738,1.068893,1.068653,1.068773,1000
1123,1123,1.068280,1.068400,1.068080,1.068240,1000
1124,1124,1.067543,1.067780,1.067386,1.067583,1000
1125,1125,1.065976,1.066509,1.065589,1.066049,1000
1126,1126,1.065029,1.065373,1.064795,1.065084,1000
1127,1127,1.065070,1.065074,1.065065,1.065069,1000
1128,1128,1.064632,1.064777,1.064526,1.064652,1000
1129,1129,1.063944,1.064173,1.063763,1.063968,1000
1130,1130,1.063862,1.063892,1.063827,1.063859,1000
1131,1131,1.063662,1.063759,1.063673,1.063716,1000
1132,1132,1.063118,1.063260,1.062869,1.063064,1000
1133,1133,1.062207,1.062422,1.061872,1.062147,1000
1134,1134,1.060676,1.061130,1.060258,1.060694,1000
1135,1135,1.059230,1.059651,1.058758,1.059205,1000
1136,1136,1.057999,1.058350,1.057618,1.057984,1000
1137,1137,1.056640,1.057075,1.056296,1.056685,1000
1138,1138,1.055004,1.055513,1.054509,1.055011,1000
1139,1139,1.053265,1.053805,1.052773,1.053289,1000
1140,1140,1.051345,1.051895,1.050702,1.051299,1000
1141,1141,1.049999,1.050455,1.049731,1.050093,1000
1142,1142,1.048204,1.048751,1.047602,1.048176,1000
1143,1143,1.046238,1.046807,1.045634,1.046221,1000
1144,1144,1.044678,1.045109,1.044157,1.044633,1000
1145,1145,1.042069,1.042886,1.041392,1.042139,1000
1146,1146,1.039356,1.040273,1.038676,1.039475,1000
1147,1147,1.037538,1.038107,1.036936,1.037521,1000
1148,1148,1.034996,1.035778,1.034286,1.035032,1000
1149,1149,1.032984,1.033573,1.032325,1.032949,1000
1150,1150,1.030742,1.031453,1.030173,1.030813,1000
1151,1151,1.029362,1.029826,1.028980,1.029403,1000
1152,1152,1.028581,1.028812,1.028306,1.028559,1000
1153,1153,1.028471,1.028432,1.028324,1.028378,1000
1154,1154,1.027721,1.027947,1.027577,1.027762,1000
1155,1155,1.026407,1.026754,1.025890,1.026322,1000
1156,1156,1.025635,1.025867,1.025478,1.025673,1000
1157,1157,1.025344,1.025449,1.025258,1.025354,1000
1158,1158,1.024814,1.024922,1.024551,1.024736,1000
1159,1159,1.024041,1.024268,1.023868,1.024068,1000
1160,1160,1.023217,1.023468,1.022954,1.023211,1000
1161,1161,1.022346,1.022594,1.022066,1.022330,1000
1162,1162,1.021074,1.021439,1.020677,1.021058,1000
1163,1163,1.020139,1.020399,1.019834,1.020116,1000
1164,1164,1.019130,1.019391,1.018770,1.019080,1000
1165,1165,1.017532,1.018001,1.017078,1.017539,1000
1166,1166,1.015941,1.016421,1.015463,1.015942,1000
1167,1167,1.014192,1.014731,1.013695,1.014213,1000
1168,1168,1.012688,1.013184,1.012303,1.012743,1000
1169,1169,1.012351,1.012500,1.012291,1.012395,1000
1170,1170,1.012054,1.012189,1.012013,1.012101,1000
1171,1171,1.011671,1.011805,1.011551,1.011678,1000
1172,1172,1.012137,1.012409,1.012071,1.012240,1000
1173,1173,1.012083,1.012112,1.012002,1.012057,1000
1174,1174,1.012956,1.013355,1.012756,1.013055,1000
1175,1175,1.014151,1.014528,1.013848,1.014188,1000
1176,1176,1.015177,1.015466,1.014876,1.015171,1000
1177,1177,1.016380,1.016737,1.016014,1.016375,1000
1178,1178,1.017457,1.017789,1.017136,1.017462,1000
1179,1179,1.018312,1.018488,1.018014,1.018251,1000
1180,1180,1.018793,1.018973,1.018640,1.018806,1000
1181,1181,1.019678,1.020029,1.019464,1.019747,1000
1182,1182,1.020878,1.021215,1.020537,1.020876,1000
1183,1183,1.022869,1.023579,1.022330,1.022955,1000
1184,1184,1.024331,1.024783,1.023939,1.024361,1000
1185,1185,1.026009,1.026470,1.025496,1.025983,1000
1186,1186,1.027145,1.027421,1.026757,1.027089,1000
1187,1187,1.028702,1.029179,1.028214,1.028697,1000
1188,1188,1.029138,1.029246,1.028992,1.029119,1000
1189,1189,1.029631,1.029820,1.029496,1.029658,1000
1190,1190,1.030228,1.030486,1.030104,1.030295,1000
1191,1191,1.029715,1.029897,1.029556,1.029726,1000
1192,1192,1.029070,1.029204,1.028757,1.028981,1000
1193,1193,1.028585,1.028642,1.028352,1.028497,1000
1194,1194,1.028243,1.028293,1.028118,1.028205,1000
1195,1195,1.027617,1.027811,1.027473,1.027642,1000
1196,1196,1.027238,1.027325,1.027054,1.027189,1000
1197,1197,1.026590,1.026717,1.026313,1.026515,1000
1198,1198,1.026154,1.026265,1.026050,1.026158,1000
1199,1199,1.025771,1.025903,1.025685,1.025794,1000
1200,1200,1.025148,1.025321,1.024915,1.025118,1000
1201,1201,1.025101,1.025233,1.025180,1.025206,1000
1202,1202,1.024870,1.024941,1.024715,1.024828,1000
1203,1203,1.024007,1.024192,1.023647,1.023919,1000
1204,1204,1.023189,1.023457,1.023061,1.023259,1000
1205,1205,1.023017,1.023064,1.022896,1.022980,1000
1206,1206,1.022560,1.022724,1.022504,1.022614,1000
1207,1207,1.020757,1.021347,1.020262,1.020805,1000
1208,1208,1.019462,1.019847,1.019026,1.019437,1000
1209,1209,1.018234,1.018592,1.017868,1.018230,1000
1210,1210,1.017600,1.017793,1.017419,1.017606,1000
1211,1211,1.017868,1.017958,1.017796,1.017877,1000
1212,1212,1.017776,1.017799,1.017733,1.017766,1000
1213,1213,1.018064,1.018217,1.018009,1.018113,1000
1214,1214,1.018436,1.018622,1.018387,1.018504,1000
1215,1215,1.018337,1.018429,1.018365,1.018397,1000
1216,1216,1.017711,1.017885,1.017447,1.017666,1000
1217,1217,1.016467,1.016872,1.016191,1.016531,1000
1218,1218,1.016136,1.016245,1.016001,1.016123,1000
1219,1219,1.016309,1.016430,1.016288,1.016359,1000
1220,1220,1.017103,1.017300,1.016865,1.017083,1000
1221,1221,1.017918,1.018138,1.017651,1.017894,1000
1222,1222,1.018421,1.018618,1.018284,1.018451,1000
1223,1223,1.018985,1.019133,1.018818,1.018975,1000
1224,1224,1.019375,1.019425,1.019217,1.019321,1000
1225,1225,1.019912,1.020154,1.019769,1.019962,1000
1226,1226,1.020534,1.020659,1.020337,1.020498,1000
1227,1227,1.021360,1.021540,1.021059,1.021299,1000
1228,1228,1.021626,1.021679,1.021504,1.021591,1000
1229,1229,1.021052,1.021235,1.020930,1.021082,1000
1230,1230,1.020505,1.020627,1.020237,1.020432,1000
1231,1231,1.019476,1.019801,1.019260,1.019531,1000
1232,1232,1.018176,1.018564,1.017737,1.018151,1000
1233,1233,1.016447,1.016940,1.015903,1.016422,1000
1234,1234,1.014750,1.015269,1.014281,1.014775,1000
1235,1235,1.013195,1.013661,1.012707,1.013184,1000
1236,1236,1.012262,1.012553,1.012012,1.012282,1000
1237,1237,1.010977,1.011362,1.010574,1.010968,1000
1238,1238,1.009163,1.009746,1.008699,1.009222,1000
1239,1239,1.007581,1.008078,1.007098,1.007588,1000
1240,1240,1.006433,1.006822,1.006165,1.006494,1000
1241,1241,1.005609,1.005896,1.005384,1.005640,1000
1242,1242,1.005505,1.005552,1.005476,1.005514,1000
1243,1243,1.004771,1.004985,1.004532,1.004758,1000
1244,1244,1.003755,1.004038,1.003421,1.003729,1000
1245,1245,1.003213,1.003375,1.003072,1.003224,1000
1246,1246,1.002901,1.002962,1.002738,1.002850,1000
1247,1247,1.003816,1.004096,1.003521,1.003808,1000
1248,1248,1.005189,1.005516,1.004728,1.005122,1000
1249,1249,1.006650,1.007111,1.006192,1.006652,1000
1250,1250,1.007748,1.008089,1.007425,1.007757,1000
1251,1251,1.007886,1.007990,1.007882,1.007936,1000
1252,1252,1.007577,1.007677,1.007455,1.007566,1000
1253,1253,1.006905,1.007228,1.006939,1.007083,1000
1254,1254,1.006420,1.006637,1.006255,1.006446,1000
1255,1255,1.005584,1.005782,1.005212,1.005497,1000
1256,1256,1.004274,1.004637,1.003901,1.004269,1000
1257,1257,1.002571,1.003128,1.002152,1.002640,1000
1258,1258,1.001629,1.001904,1.001274,1.001589,1000
1259,1259,0.999853,1.000422,0.999423,0.999922,1000
1260,1260,0.999250,0.999479,0.999099,0.999289,1000
1261,1261,0.998962,0.999031,0.998809,0.998920,1000
1262,1262,0.997791,0.998160,0.997508,0.997834,1000
1263,1263,0.997059,0.997349,0.996933,0.997141,1000
1264,1264,0.997319,0.997382,0.997271,0.997327,1000
1265,1265,0.997791,0.998019,0.997700,0.997859,1000
1266,1266,0.998743,0.999082,0.998517,0.998800,1000
1267,1267,1.000112,1.000491,0.999710,1.000100,1000
1268,1268,1.001952,1.002437,1.001358,1.001897,1000
1269,1269,1.003030,1.003340,1.002674,1.003007,1000
1270,1270,1.003530,1.003723,1.003393,1.003558,1000
1271,1271,1.003321,1.003392,1.003249,1.003321,1000
1272,1272,1.002919,1.003048,1.002815,1.002932,1000
1273,1273,1.003571,1.003901,1.003454,1.003678,1000
1274,1274,1.003877,1.004008,1.003855,1.003932,1000
1275,1275,1.004119,1.004172,1.004061,1.004116,1000
1276,1276,1.004670,1.004798,1.004483,1.004641,1000
1277,1277,1.005905,1.006332,1.005551,1.005942,1000
1278,1278,1.007111,1.007498,1.006780,1.007139,1000
1279,1279,1.008681,1.009079,1.008183,1.008631,1000
1280,1280,1.009543,1.009805,1.009263,1.009534,1000
1281,1281,1.009957,1.010025,1.009798,1.009912,1000
1282,1282,1.010077,1.010178,1.010055,1.010117,1000
1283,1283,1.010182,1.010241,1.010184,1.010212,1000
1284,1284,1.010465,1.010522,1.010379,1.010451,1000
1285,1285,1.010495,1.010489,1.010472,1.010480,1000
1286,1286,1.010150,1.010296,1.010139,1.010218,1000
1287,1287,1.010630,1.010848,1.010557,1.010703,1000
1288,1288,1.011312,1.011513,1.011139,1.011326,1000
1289,1289,1.011229,1.011336,1.011332,1.011334,1000
1290,1290,1.011474,1.011611,1.011483,1.011547,1000
1291,1291,1.011694,1.011609,1.011580,1.011595,1000
1292,1292,1.011099,1.011213,1.010887,1.011050,1000
1293,1293,1.011520,1.011709,1.011405,1.011557,1000
1294,1294,1.012100,1.012205,1.011906,1.012055,1000
1295,1295,1.012070,1.012095,1.012077,1.012086,1000
1296,1296,1.012382,1.012526,1.012323,1.012425,1000
1297,1297,1.013074,1.013283,1.012887,1.013085,1000
1298,1298,1.013551,1.013744,1.013439,1.013591,1000
1299,1299,1.013583,1.013661,1.013629,1.013645,1000
1300,1300,1.013282,1.013434,1.013253,1.013344,1000
1301,1301,1.014135,1.014301,1.013859,1.014080,1000
1302,1302,1.014421,1.014564,1.014341,1.014452,1000
1303,1303,1.015190,1.015264,1.014890,1.015077,1000
1304,1304,1.015427,1.015636,1.015378,1.015507,1000
1305,1305,1.015548,1.015584,1.015549,1.015566,1000
1306,1306,1.015447,1.015512,1.015465,1.015488,1000
1307,1307,1.015897,1.015954,1.015739,1.015847,1000
1308,1308,1.016629,1.016770,1.016344,1.016557,1000
1309,1309,1.016672,1.016736,1.016653,1.016695,1000
1310,1310,1.016712,1.016724,1.016710,1.016717,1000
1311,1311,1.016423,1.016514,1.016341,1.016427,1000
1312,1312,1.016617,1.016613,1.016527,1.016570,1000
1313,1313,1.016380,1.016468,1.016380,1.016424,1000
1314,1314,1.016525,1.016453,1.016440,1.016447,1000
1315,1315,1.016051,1.016146,1.015888,1.016017,1000
1316,1316,1.015583,1.015710,1.015446,1.015578,1000
1317,1317,1.015798,1.015896,1.015749,1.015822,1000
1318,1318,1.015552,1.015623,1.015452,1.015538,1000
1319,1319,1.015784,1.015852,1.015707,1.015779,1000
1320,1320,1.016428,1.016676,1.016262,1.016469,1000
1321,1321,1.016977,1.017172,1.016847,1.017009,1000
1322,1322,1.017305,1.017417,1.017229,1.017323,1000
1323,1323,1.017714,1.017884,1.017625,1.017755,1000
1324,1324,1.018101,1.018206,1.017998,1.018102,1000
1325,1325,1.019154,1.019482,1.018845,1.019163,1000
1326,1326,1.020125,1.020402,1.019830,1.020116,1000
1327,1327,1.021198,1.021542,1.020883,1.021213,1000
1328,1328,1.022204,1.022436,1.021871,1.022153,1000
1329,1329,1.023126,1.023586,1.022925,1.023256,1000
1330,1330,1.023513,1.023645,1.023465,1.023555,1000
1331,1331,1.023647,1.023748,1.023659,1.023703,1000
1332,1332,1.023570,1.023647,1.023599,1.023623,1000
1333,1333,1.023551,1.023564,1.023512,1.023538,1000
1334,1334,1.023667,1.023790,1.023674,1.023732,1000
1335,1335,1.024299,1.024451,1.024119,1.024285,1000
1336,1336,1.024222,1.024261,1.024241,1.024251,1000
1337,1337,1.023588,1.023810,1.023432,1.023621,1000
1338,1338,1.023308,1.023407,1.023223,1.023315,1000
1339,1339,1.022936,1.023061,1.022843,1.022952,1000
1340,1340,1.021895,1.022156,1.021475,1.021816,1000
1341,1341,1.021283,1.021468,1.021170,1.021319,1000
1342,1342,1.020954,1.021072,1.020860,1.020966,1000
1343,1343,1.020238,1.020483,1.020069,1.020276,1000
1344,1344,1.018962,1.019300,1.018464,1.018882,1000
1345,1345,1.018490,1.018625,1.018406,1.018515,1000
1346,1346,1.017925,1.018046,1.017644,1.017845,1000
1347,1347,1.017380,1.017481,1.017169,1.017325,1000
1348,1348,1.017007,1.017106,1.016919,1.017013,1000
1349,1349,1.016381,1.016652,1.016343,1.016498,1000
1350,1350,1.016384,1.016443,1.016396,1.016420,1000
1351,1351,1.016103,1.016233,1.016073,1.016153,1000
1352,1352,1.015675,1.015789,1.015477,1.015633,1000
1353,1353,1.015958,1.016163,1.015918,1.016041,1000
1354,1354,1.015860,1.015868,1.015720,1.015794,1000
1355,1355,1.015239,1.015465,1.015183,1.015324,1000
1356,1356,1.014391,1.014647,1.014067,1.014357,1000
1357,1357,1.013979,1.014085,1.013852,1.013969,1000
1358,1358,1.014067,1.014201,1.014094,1.014148,1000
1359,1359,1.013779,1.013907,1.013701,1.013804,1000
1360,1360,1.014508,1.014837,1.014360,1.014599,1000
1361,1361,1.015536,1.015879,1.015288,1.015584,1000
1362,1362,1.017065,1.017547,1.016640,1.017094,1000
1363,1363,1.018562,1.018940,1.018087,1.018513,1000
1364,1364,1.019359,1.019591,1.019094,1.019342,1000
1365,1365,1.020096,1.020302,1.019859,1.020080,1000
1366,1366,1.020983,1.021226,1.020697,1.020961,1000
1367,1367,1.021790,1.021969,1.021504,1.021736,1000
1368,1368,1.023330,1.023715,1.022801,1.023258,1000
1369,1369,1.023738,1.023867,1.023586,1.023726,1000
1370,1370,1.024459,1.024631,1.024213,1.024422,1000
1371,1371,1.025554,1.025934,1.025236,1.025585,1000
1372,1372,1.026975,1.027442,1.026585,1.027013,1000
1373,1373,1.028481,1.028918,1.028038,1.028478,1000
1374,1374,1.030002,1.030541,1.029588,1.030065,1000
1375,1375,1.031937,1.032569,1.031412,1.031991,1000
1376,1376,1.033546,1.033934,1.033037,1.033486,1000
1377,1377,1.034670,1.035033,1.034319,1.034676,1000
1378,1378,1.036769,1.037362,1.036121,1.036742,1000
1379,1379,1.039133,1.039834,1.038406,1.039120,1000
1380,1380,1.041146,1.041891,1.040611,1.041251,1000
1381,1381,1.043144,1.043663,1.042549,1.043106,1000
1382,1382,1.044918,1.045361,1.044320,1.044840,1000
1383,1383,1.045994,1.046308,1.045630,1.045969,1000
1384,1384,1.046761,1.047063,1.046558,1.046810,1000
1385,1385,1.047512,1.047681,1.047279,1.047480,1000
1386,1386,1.048412,1.048787,1.048183,1.048485,1000
1387,1387,1.049272,1.049536,1.049051,1.049294,1000
1388,1388,1.049031,1.049105,1.048944,1.049025,1000
1389,1389,1.048712,1.048811,1.048628,1.048720,1000
1390,1390,1.048552,1.048592,1.048483,1.048538,1000
1391,1391,1.048461,1.048478,1.048426,1.048452,1000
1392,1392,1.048131,1.048200,1.047985,1.048093,1000
1393,1393,1.047722,1.047870,1.047678,1.047774,1000
1394,1394,1.047601,1.047682,1.047603,1.047643,1000
1395,1395,1.047731,1.047659,1.047651,1.047655,1000
1396,1396,1.046993,1.047210,1.046829,1.047020,1000
1397,1397,1.047349,1.047395,1.047222,1.047308,1000
1398,1398,1.046789,1.046950,1.046643,1.046796,1000
1399,1399,1.047276,1.047497,1.047173,1.047335,1000
1400,1400,1.047867,1.048024,1.047706,1.047865,1000
1401,1401,1.048388,1.048590,1.048256,1.048423,1000
1402,1402,1.048859,1.049034,1.048752,1.048893,1000
1403,1403,1.049100,1.049077,1.048992,1.049035,1000
1404,1404,1.049844,1.050015,1.049562,1.049788,1000
1405,1405,1.050041,1.050178,1.049998,1.050088,1000
1406,1406,1.050200,1.050178,1.050136,1.050157,1000
1407,1407,1.049744,1.049913,1.049704,1.049809,1000
1408,1408,1.049476,1.049600,1.049422,1.049511,1000
1409,1409,1.048790,1.049095,1.048739,1.048917,1000
1410,1410,1.047860,1.048186,1.047560,1.047873,1000
1411,1411,1.047107,1.047324,1.046853,1.047088,1000
1412,1412,1.046577,1.046714,1.046393,1.046553,1000
1413,1413,1.046179,1.046333,1.046143,1.046238,1000
1414,1414,1.047288,1.047693,1.047021,1.047357,1000
1415,1415,1.047628,1.047763,1.047576,1.047669,1000
1416,1416,1.048645,1.048874,1.048318,1.048596,1000
1417,1417,1.049772,1.050050,1.049379,1.049714,1000
1418,1418,1.051058,1.051338,1.050588,1.050963,1000
1419,1419,1.052825,1.053301,1.052221,1.052761,1000
1420,1420,1.053882,1.054184,1.053527,1.053856,1000
1421,1421,1.055077,1.055342,1.054656,1.054999,1000
1422,1422,1.056044,1.056239,1.055666,1.055952,1000
1423,1423,1.056074,1.056182,1.056076,1.056129,1000
1424,1424,1.056973,1.057249,1.056732,1.056991,1000
1425,1425,1.057271,1.057357,1.057188,1.057273,1000
1426,1426,1.057761,1.058019,1.057674,1.057847,1000
1427,1427,1.058536,1.058812,1.058367,1.058589,1000
1428,1428,1.058624,1.058637,1.058615,1.058626,1000
1429,1429,1.058118,1.058259,1.057944,1.058101,1000
1430,1430,1.057420,1.057615,1.057199,1.057407,1000
1431,1431,1.056285,1.056574,1.055861,1.056218,1000
1432,1432,1.054821,1.055246,1.054413,1.054829,1000
1433,1433,1.053846,1.054118,1.053509,1.053814,1000
1434,1434,1.052459,1.052913,1.052141,1.052527,1000
1435,1435,1.051512,1.051891,1.051346,1.051618,1000
1436,1436,1.050998,1.051154,1.050756,1.050955,1000
1437,1437,1.049889,1.050175,1.049507,1.049841,1000
1438,1438,1.049422,1.049534,1.049272,1.049403,1000
1439,1439,1.048742,1.049003,1.048659,1.048831,1000
1440,1440,1.048649,1.048716,1.048618,1.048667,1000
1441,1441,1.048047,1.048244,1.047882,1.048063,1000
1442,1442,1.049268,1.049598,1.048889,1.049243,1000
1443,1443,1.050102,1.050405,1.049869,1.050137,1000
1444,1444,1.050962,1.051158,1.050687,1.050923,1000
1445,1445,1.051551,1.051752,1.051369,1.051560,1000
1446,1446,1.051820,1.051855,1.051719,1.051787,1000
1447,1447,1.053068,1.053429,1.052670,1.053050,1000
1448,1448,1.054864,1.055334,1.054279,1.054806,1000
1449,1449,1.056006,1.056274,1.055597,1.055935,1000
1450,1450,1.056582,1.056928,1.056470,1.056699,1000
1451,1451,1.057282,1.057450,1.057103,1.057277,1000
1452,1452,1.055814,1.056257,1.055384,1.055821,1000
1453,1453,1.055675,1.055717,1.055628,1.055672,1000
1454,1454,1.055348,1.055351,1.055076,1.055214,1000
1455,1455,1.054088,1.054393,1.053690,1.054041,1000
1456,1456,1.053296,1.053491,1.053019,1.053255,1000
1457,1457,1.052644,1.052857,1.052516,1.052686,1000
1458,1458,1.052602,1.052584,1.052496,1.052540,1000
1459,1459,1.052203,1.052293,1.052082,1.052188,1000
1460,1460,1.051883,1.051949,1.051745,1.051847,1000
1461,1461,1.052071,1.052160,1.052015,1.052087,1000
1462,1462,1.052606,1.052627,1.052378,1.052503,1000
1463,1463,1.052519,1.052546,1.052526,1.052536,1000
1464,1464,1.051923,1.052084,1.051697,1.051891,1000
1465,1465,1.051819,1.051820,1.051759,1.051789,1000
1466,1466,1.051603,1.051652,1.051534,1.051593,1000
1467,1467,1.051314,1.051403,1.051241,1.051322,1000
1468,1468,1.050525,1.050740,1.050241,1.050490,1000
1469,1469,1.050216,1.050295,1.050128,1.050211,1000
1470,1470,1.049322,1.049539,1.048963,1.049251,1000
1471,1471,1.048901,1.049042,1.048863,1.048952,1000
1472,1472,1.048235,1.048482,1.048079,1.048280,1000
1473,1473,1.047132,1.047555,1.046933,1.047244,1000
1474,1474,1.046095,1.046404,1.045686,1.046045,1000
1475,1475,1.044110,1.044684,1.043518,1.044101,1000
1476,1476,1.042431,1.042847,1.041774,1.042311,1000
1477,1477,1.041359,1.041654,1.041091,1.041373,1000
1478,1478,1.039796,1.040270,1.039327,1.039798,1000
1479,1479,1.038601,1.038988,1.038294,1.038641,1000
1480,1480,1.037359,1.037771,1.037026,1.037399,1000
1481,1481,1.035549,1.036023,1.034846,1.035435,1000
1482,1482,1.033662,1.034232,1.033203,1.033717,1000
1483,1483,1.032102,1.032523,1.031500,1.032012,1000
1484,1484,1.030657,1.031075,1.030273,1.030674,1000
1485,1485,1.029811,1.030030,1.029478,1.029754,1000
1486,1486,1.028303,1.028701,1.027800,1.028251,1000
1487,1487,1.026745,1.027153,1.026214,1.026684,1000
1488,1488,1.025160,1.025675,1.024811,1.025243,1000
1489,1489,1.024366,1.024598,1.024045,1.024322,1000
1490,1490,1.022555,1.023111,1.022074,1.022592,1000
1491,1491,1.021373,1.021738,1.021007,1.021372,1000
1492,1492,1.021011,1.021155,1.020968,1.021061,1000
1493,1493,1.020933,1.020951,1.020857,1.020904,1000
1494,1494,1.020294,1.020457,1.020074,1.020266,1000
1495,1495,1.020574,1.020754,1.020529,1.020641,1000
1496,1496,1.020658,1.020718,1.020683,1.020700,1000
1497,1497,1.020696,1.020702,1.020701,1.020701,1000
1498,1498,1.020935,1.020984,1.020854,1.020919,1000
1499,1499,1.021171,1.021201,1.021071,1.021136,1000
1500,1500,1.021060,1.021059,1.020994,1.021027,1000
1501,1501,1.020683,1.020791,1.020589,1.020690,1000
1502,1502,1.019974,1.020234,1.019842,1.020038,1000
1503,1503,1.020142,1.020225,1.020138,1.020182,1000
1504,1504,1.020161,1.020140,1.020105,1.020123,1000
1505,1505,1.019585,1.019750,1.019431,1.019591,1000
1506,1506,1.018882,1.019103,1.018686,1.018895,1000
1507,1507,1.018764,1.018733,1.018594,1.018663,1000
1508,1508,1.018625,1.018644,1.018627,1.018635,1000
1509,1509,1.018836,1.018848,1.018750,1.018799,1000
1510,1510,1.019974,1.020362,1.019640,1.020001,1000
1511,1511,1.020847,1.021228,1.020661,1.020945,1000
1512,1512,1.021822,1.021998,1.021511,1.021755,1000
1513,1513,1.022016,1.021965,1.021868,1.021916,1000
1514,1514,1.021847,1.021854,1.021801,1.021828,1000
1515,1515,1.021283,1.021460,1.021145,1.021303,1000
1516,1516,1.020608,1.020812,1.020391,1.020601,1000
1517,1517,1.020025,1.020192,1.019840,1.020016,1000
1518,1518,1.019675,1.019829,1.019669,1.019749,1000
1519,1519,1.018341,1.018689,1.017782,1.018236,1000
1520,1520,1.017303,1.017545,1.016954,1.017249,1000
1521,1521,1.016202,1.016499,1.015856,1.016177,1000
1522,1522,1.014825,1.015185,1.014335,1.014760,1000
1523,1523,1.013260,1.013708,1.012807,1.013257,1000
1524,1524,1.011499,1.012052,1.011020,1.011536,1000
1525,1525,1.009391,1.009993,1.008672,1.009332,1000
1526,1526,1.006691,1.007502,1.005937,1.006719,1000
1527,1527,1.004077,1.004841,1.003234,1.004038,1000
1528,1528,1.002470,1.002874,1.001878,1.002376,1000
1529,1529,1.000038,1.000694,0.999255,0.999974,1000
1530,1530,0.997812,0.998452,0.997149,0.997800,1000
1531,1531,0.995665,0.996323,0.995058,0.995691,1000
1532,1532,0.993978,0.994501,0.993482,0.993991,1000
1533,1533,0.992522,0.992934,0.992030,0.992482,1000
1534,1534,0.991374,0.991592,0.990830,0.991211,1000
1535,1535,0.989766,0.990180,0.989297,0.989739,1000
1536,1536,0.988076,0.988547,0.987527,0.988037,1000
1537,1537,0.987591,0.987726,0.987460,0.987593,1000
1538,1538,0.987339,0.987475,0.987373,0.987424,1000
1539,1539,0.987783,0.987942,0.987703,0.987823,1000
1540,1540,0.987882,0.987804,0.987787,0.987795,1000
1541,1541,0.988270,0.988399,0.988120,0.988259,1000
1542,1542,0.988448,0.988396,0.988333,0.988364,1000
1543,1543,0.988419,0.988433,0.988402,0.988417,1000
1544,1544,0.988672,0.988740,0.988591,0.988666,1000
1545,1545,0.988250,0.988339,0.988060,0.988200,1000
1546,1546,0.987778,0.987897,0.987637,0.987767,1000
1547,1547,0.987880,0.987956,0.987869,0.987912,1000
1548,1548,0.987931,0.987893,0.987877,0.987885,1000
1549,1549,0.987724,0.987775,0.987681,0.987728,1000
1550,1550,0.987403,0.987481,0.987268,0.987374,1000
1551,1551,0.987532,0.987563,0.987476,0.987519,1000
1552,1552,0.987099,0.987264,0.987045,0.987154,1000
1553,1553,0.987639,0.987782,0.987492,0.987637,1000
1554,1554,0.987898,0.988053,0.987861,0.987957,1000
1555,1555,0.988879,0.989159,0.988604,0.988881,1000
1556,1556,0.990227,0.990672,0.989845,0.990258,1000
1557,1557,0.991916,0.992410,0.991416,0.991913,1000
1558,1558,0.992338,0.992480,0.992218,0.992349,1000
1559,1559,0.991877,0.992000,0.991701,0.991850,1000
1560,1560,0.992357,0.992551,0.992227,0.992389,1000
1561,1561,0.992614,0.992694,0.992553,0.992624,1000
1562,1562,0.993467,0.993713,0.993210,0.993462,1000
1563,1563,0.994477,0.994840,0.994204,0.994522,1000
1564,1564,0.995322,0.995662,0.995135,0.995399,1000
1565,1565,0.996583,0.996990,0.996255,0.996623,1000
1566,1566,0.997670,0.997919,0.997321,0.997620,1000
1567,1567,0.998239,0.998465,0.998075,0.998270,1000
1568,1568,0.999270,0.999663,0.999020,0.999342,1000
1569,1569,0.999975,1.000146,0.999774,0.999960,1000
1570,1570,1.000685,1.000797,1.000410,1.000603,1000
1571,1571,1.001930,1.002295,1.001514,1.001904,1000
1572,1572,1.003952,1.004560,1.003334,1.003947,1000
1573,1573,1.005183,1.005442,1.004752,1.005097,1000
1574,1574,1.006443,1.006783,1.006005,1.006394,1000
1575,1575,1.007139,1.007404,1.006937,1.007170,1000
1576,1576,1.008340,1.008757,1.008024,1.008390,1000
1577,1577,1.010271,1.010909,1.009746,1.010327,1000
1578,1578,1.011098,1.011403,1.010906,1.011155,1000
1579,1579,1.011604,1.011796,1.011500,1.011648,1000
1580,1580,1.013280,1.013689,1.012746,1.013217,1000
1581,1581,1.014342,1.014567,1.013944,1.014256,1000
1582,1582,1.015186,1.015401,1.014872,1.015137,1000
1583,1583,1.015746,1.015969,1.015585,1.015777,1000
1584,1584,1.016710,1.016866,1.016363,1.016614,1000
1585,1585,1.017963,1.018330,1.017538,1.017934,1000
1586,1586,1.018585,1.018741,1.018369,1.018555,1000
1587,1587,1.019108,1.019159,1.018880,1.019019,1000
1588,1588,1.019487,1.019610,1.019338,1.019474,1000
1589,1589,1.020326,1.020687,1.020127,1.020407,1000
1590,1590,1.021607,1.021991,1.021260,1.021625,1000
1591,1591,1.022685,1.022979,1.022354,1.022666,1000
1592,1592,1.023569,1.023857,1.023307,1.023582,1000
1593,1593,1.024606,1.024775,1.024224,1.024500,1000
1594,1594,1.025730,1.026155,1.025391,1.025773,1000
1595,1595,1.027409,1.027950,1.026944,1.027447,1000
1596,1596,1.029069,1.029398,1.028497,1.028948,1000
1597,1597,1.029646,1.029897,1.029459,1.029678,1000
1598,1598,1.030522,1.030711,1.030234,1.030473,1000
1599,1599,1.030657,1.030820,1.030660,1.030740,1000
1600,1600,1.031055,1.031162,1.030967,1.031065,1000
1601,1601,1.032086,1.032475,1.031824,1.032150,1000
1602,1602,1.032985,1.033284,1.032761,1.033022,1000
1603,1603,1.034016,1.034331,1.033727,1.034029,1000
1604,1604,1.034137,1.034268,1.034158,1.034213,1000
1605,1605,1.034673,1.034696,1.034473,1.034584,1000
1606,1606,1.035175,1.035396,1.035021,1.035209,1000
1607,1607,1.035686,1.035878,1.035569,1.035723,1000
1608,1608,1.035316,1.035433,1.035184,1.035308,1000
1609,1609,1.034787,1.034958,1.034658,1.034808,1000
1610,1610,1.034391,1.034588,1.034400,1.034494,1000
1611,1611,1.033593,1.033904,1.033399,1.033651,1000
1612,1612,1.032931,1.033202,1.032816,1.033009,1000
1613,1613,1.032001,1.032287,1.031668,1.031977,1000
1614,1614,1.030443,1.030875,1.029932,1.030404,1000
1615,1615,1.027955,1.028678,1.027202,1.027940,1000
1616,1616,1.025984,1.026624,1.025497,1.026060,1000
1617,1617,1.023928,1.024597,1.023345,1.023971,1000
1618,1618,1.022703,1.023029,1.022222,1.022625,1000
1619,1619,1.020218,1.020904,1.019431,1.020168,1000
1620,1620,1.017618,1.018407,1.016900,1.017654,1000
1621,1621,1.015129,1.015909,1.014416,1.015163,1000
1622,1622,1.012959,1.013623,1.012306,1.012964,1000
1623,1623,1.011208,1.011712,1.010641,1.011176,1000
1624,1624,1.009610,1.010017,1.009023,1.009520,1000
1625,1625,1.007735,1.008239,1.007142,1.007691,1000
1626,1626,1.005578,1.006173,1.004874,1.005524,1000
1627,1627,1.003186,1.003915,1.002538,1.003226,1000
1628,1628,1.000662,1.001468,0.999963,1.000716,1000
1629,1629,0.998893,0.999472,0.998408,0.998940,1000
1630,1630,0.997955,0.998224,0.997611,0.997918,1000
1631,1631,0.996812,0.997105,0.996409,0.996757,1000
1632,1632,0.995898,0.996132,0.995598,0.995865,1000
1633,1633,0.994534,0.994987,0.994234,0.994610,1000
1634,1634,0.993709,0.993973,0.993426,0.993699,1000
1635,1635,0.993216,0.993425,0.993191,0.993308,1000
1636,1636,0.992610,0.992853,0.992463,0.992658,1000
1637,1637,0.992037,0.992243,0.991888,0.992065,1000
1638,1638,0.991817,0.991900,0.991758,0.991829,1000
1639,1639,0.991177,0.991374,0.990985,0.991179,1000
1640,1640,0.990906,0.990949,0.990752,0.990850,1000
1641,1641,0.991109,0.991177,0.991026,0.991102,1000
1642,1642,0.991521,0.991793,0.991474,0.991634,1000
1643,1643,0.992395,0.992695,0.992205,0.992450,1000
1644,1644,0.993707,0.994119,0.993348,0.993734,1000
1645,1645,0.995048,0.995340,0.994598,0.994969,1000
1646,1646,0.996064,0.996381,0.995729,0.996055,1000
1647,1647,0.996909,0.997064,0.996599,0.996831,1000
1648,1648,0.998040,0.998411,0.997682,0.998047,1000
1649,1649,0.998627,0.998794,0.998449,0.998621,1000
1650,1650,0.999378,0.999584,0.999140,0.999362,1000
1651,1651,1.000354,1.000585,1.000020,1.000303,1000
1652,1652,1.001615,1.002054,1.001245,1.001649,1000
1653,1653,1.002494,1.002776,1.002256,1.002516,1000
1654,1654,1.002863,1.003089,1.002825,1.002957,1000
1655,1655,1.003102,1.003205,1.003090,1.003148,1000
1656,1656,1.002851,1.002958,1.002795,1.002876,1000
1657,1657,1.001704,1.002088,1.001413,1.001750,1000
1658,1658,1.000447,1.000834,1.000050,1.000442,1000
1659,1659,0.999124,0.999469,0.998635,0.999052,1000
1660,1660,0.997876,0.998239,0.997542,0.997891,1000
1661,1661,0.997971,0.997975,0.997936,0.997955,1000
1662,1662,0.997797,0.997820,0.997705,0.997763,1000
1663,1663,0.997735,0.997754,0.997747,0.997751,1000
1664,1664,0.997229,0.997413,0.997124,0.997269,1000
1665,1665,0.996145,0.996454,0.995756,0.996105,1000
1666,1666,0.994807,0.995147,0.994327,0.994737,1000
1667,1667,0.993645,0.994009,0.993385,0.993697,1000
1668,1668,0.992463,0.992826,0.992081,0.992454,1000
1669,1669,0.990413,0.991069,0.989883,0.990476,1000
1670,1670,0.988383,0.989002,0.987741,0.988372,1000
1671,1671,0.986285,0.986929,0.985693,0.986311,1000
1672,1672,0.984797,0.985255,0.984352,0.984803,1000
1673,1673,0.983955,0.984206,0.983695,0.983951,1000
1674,1674,0.983529,0.983691,0.983468,0.983579,1000
1675,1675,0.982957,0.983139,0.982761,0.982950,1000
1676,1676,0.982236,0.982422,0.981969,0.982195,1000
1677,1677,0.981431,0.981646,0.981175,0.981410,1000
1678,1678,0.981201,0.981282,0.981173,0.981228,1000
1679,1679,0.981125,0.981120,0.981028,0.981074,1000
1680,1680,0.980982,0.980996,0.980928,0.980962,1000
1681,1681,0.979878,0.980218,0.979580,0.979899,1000
1682,1682,0.978626,0.979054,0.978331,0.978693,1000
1683,1683,0.977029,0.977528,0.976531,0.977030,1000
1684,1684,0.975696,0.976088,0.975282,0.975685,1000
1685,1685,0.974280,0.974724,0.973902,0.974313,1000
1686,1686,0.972462,0.972978,0.971834,0.972406,1000
1687,1687,0.971173,0.971526,0.970773,0.971150,1000
1688,1688,0.969965,0.970311,0.969593,0.969952,1000
1689,1689,0.969369,0.969583,0.969268,0.969426,1000
1690,1690,0.968805,0.969012,0.968658,0.968835,1000
1691,1691,0.968745,0.968771,0.968715,0.968743,1000
1692,1692,0.968178,0.968431,0.968163,0.968297,1000
1693,1693,0.967763,0.967935,0.967625,0.967780,1000
1694,1694,0.967772,0.967773,0.967768,0.967770,1000
1695,1695,0.967802,0.967827,0.967801,0.967814,1000
1696,1696,0.968375,0.968561,0.968216,0.968388,1000
1697,1697,0.969025,0.969263,0.968859,0.969061,1000
1698,1698,0.969354,0.969434,0.969262,0.969348,1000
1699,1699,0.969972,0.970139,0.969774,0.969956,1000
1700,1700,0.969321,0.969505,0.969118,0.969311,1000
1701,1701,0.968154,0.968508,0.967819,0.968163,1000
1702,1702,0.967199,0.967468,0.966872,0.967170,1000
1703,1703,0.966880,0.966928,0.966721,0.966824,1000
1704,1704,0.966081,0.966283,0.965820,0.966051,1000
1705,1705,0.965059,0.965400,0.964843,0.965121,1000
1706,1706,0.965374,0.965566,0.965361,0.965463,1000
1707,1707,0.965581,0.965710,0.965596,0.965653,1000
1708,1708,0.966320,0.966538,0.966129,0.966334,1000
1709,1709,0.966958,0.967105,0.966749,0.966927,1000
1710,1710,0.967378,0.967554,0.967264,0.967409,1000
1711,1711,0.967760,0.967875,0.967660,0.967767,1000
1712,1712,0.968609,0.968883,0.968368,0.968625,1000
1713,1713,0.968613,0.968590,0.968560,0.968575,1000
1714,1714,0.968892,0.968951,0.968778,0.968864,1000
1715,1715,0.968906,0.969004,0.968940,0.968972,1000
1716,1716,0.968914,0.968914,0.968864,0.968889,1000
1717,1717,0.969254,0.969434,0.969183,0.969308,1000
1718,1718,0.969050,0.969123,0.968965,0.969044,1000
1719,1719,0.969087,0.969119,0.969084,0.969102,1000
1720,1720,0.968992,0.969027,0.968963,0.968995,1000
1721,1721,0.969250,0.969297,0.969158,0.969227,1000
1722,1722,0.969268,0.969227,0.969226,0.969227,1000
1723,1723,0.968805,0.968897,0.968615,0.968756,1000
1724,1724,0.968581,0.968666,0.968588,0.968627,1000
1725,1725,0.967842,0.968113,0.967672,0.967892,1000
1726,1726,0.966591,0.966963,0.966168,0.966566,1000
1727,1727,0.964890,0.965423,0.964445,0.964934,1000
1728,1728,0.963032,0.963598,0.962455,0.963027,1000
1729,1729,0.961649,0.961975,0.961074,0.961524,1000
1730,1730,0.960673,0.960977,0.960509,0.960743,1000
1731,1731,0.959540,0.959884,0.959148,0.959516,1000
1732,1732,0.958341,0.958697,0.957995,0.958346,1000
1733,1733,0.956842,0.957302,0.956409,0.956855,1000
1734,1734,0.954756,0.955384,0.954125,0.954754,1000
1735,1735,0.953052,0.953597,0.952605,0.953101,1000
1736,1736,0.951531,0.952049,0.951148,0.951598,1000
1737,1737,0.950012,0.950520,0.949598,0.950059,1000
1738,1738,0.948916,0.949251,0.948560,0.948906,1000
1739,1739,0.947717,0.948000,0.947225,0.947612,1000
1740,1740,0.946263,0.946681,0.945883,0.946282,1000
1741,1741,0.945260,0.945556,0.944934,0.945245,1000
1742,1742,0.944945,0.945087,0.944952,0.945020,1000
1743,1743,0.944320,0.944518,0.944088,0.944303,1000
1744,1744,0.943906,0.944011,0.943761,0.943886,1000
1745,1745,0.944168,0.944320,0.944120,0.944220,1000
1746,1746,0.943930,0.944020,0.943849,0.943934,1000
1747,1747,0.943849,0.943884,0.943841,0.943862,1000
1748,1748,0.943490,0.943653,0.943473,0.943563,1000
1749,1749,0.943110,0.943249,0.942980,0.943115,1000
1750,1750,0.943179,0.943250,0.943188,0.943219,1000
1751,1751,0.943174,0.943199,0.943182,0.943191,1000
1752,1752,0.943703,0.943846,0.943544,0.943695,1000
1753,1753,0.944297,0.944517,0.944137,0.944327,1000
1754,1754,0.945213,0.945479,0.944947,0.945213,1000
1755,1755,0.946456,0.946818,0.946077,0.946447,1000
1756,1756,0.947849,0.948201,0.947391,0.947796,1000
1757,1757,0.949316,0.949796,0.948872,0.949334,1000
1758,1758,0.950517,0.951021,0.950242,0.950631,1000
1759,1759,0.952364,0.952922,0.951864,0.952393,1000
1760,1760,0.954102,0.954606,0.953584,0.954095,1000
1761,1761,0.954843,0.955000,0.954582,0.954791,1000
1762,1762,0.954318,0.954465,0.954186,0.954326,1000
1763,1763,0.953798,0.953896,0.953527,0.953711,1000
1764,1764,0.952900,0.953088,0.952554,0.952821,1000
1765,1765,0.951983,0.952263,0.951785,0.952024,1000
1766,1766,0.951958,0.952023,0.952021,0.952022,1000
1767,1767,0.952304,0.952372,0.952211,0.952292,1000
1768,1768,0.952781,0.952830,0.952581,0.952705,1000
1769,1769,0.953117,0.953178,0.952960,0.953069,1000
1770,1770,0.953156,0.953246,0.953164,0.953205,1000
1771,1771,0.952917,0.953045,0.952908,0.952977,1000
1772,1772,0.952691,0.952783,0.952618,0.952701,1000
1773,1773,0.952521,0.952605,0.952522,0.952563,1000
1774,1774,0.953668,0.953934,0.953301,0.953617,1000
1775,1775,0.954690,0.955027,0.954376,0.954702,1000
1776,1776,0.955627,0.955808,0.955297,0.955553,1000
1777,1777,0.955951,0.956149,0.955874,0.956012,1000
1778,1778,0.957030,0.957345,0.956730,0.957037,1000
1779,1779,0.957685,0.957921,0.957513,0.957717,1000
1780,1780,0.958569,0.958803,0.958301,0.958552,1000
1781,1781,0.959597,0.959883,0.959268,0.959576,1000
1782,1782,0.960542,0.960868,0.960271,0.960570,1000
1783,1783,0.962005,0.962401,0.961556,0.961978,1000
1784,1784,0.962821,0.962991,0.962523,0.962757,1000
1785,1785,0.964129,0.964624,0.963762,0.964193,1000
1786,1786,0.966247,0.966843,0.965619,0.966231,1000
1787,1787,0.968424,0.969043,0.967744,0.968393,1000
1788,1788,0.970008,0.970526,0.969541,0.970034,1000
1789,1789,0.971776,0.972219,0.971210,0.971714,1000
1790,1790,0.973081,0.973477,0.972663,0.973070,1000
1791,1791,0.974419,0.974837,0.974021,0.974429,1000
1792,1792,0.975407,0.975716,0.975122,0.975419,1000
1793,1793,0.976134,0.976348,0.975919,0.976133,1000
1794,1794,0.976674,0.976836,0.976512,0.976674,1000
1795,1795,0.977514,0.977836,0.977299,0.977568,1000
1796,1796,0.978552,0.978910,0.978290,0.978600,1000
1797,1797,0.979039,0.979252,0.978951,0.979102,1000
1798,1798,0.979612,0.979741,0.979446,0.979593,1000
1799,1799,0.980099,0.980215,0.979928,0.980071,1000
1800,1800,0.980527,0.980717,0.980419,0.980568,1000
1801,1801,0.980979,0.981088,0.980848,0.980968,1000
1802,1802,0.980570,0.980678,0.980430,0.980554,1000
1803,1803,0.980154,0.980275,0.980037,0.980156,1000
1804,1804,0.980360,0.980480,0.980330,0.980405,1000
1805,1805,0.980330,0.980395,0.980387,0.980391,1000
1806,1806,0.980095,0.980180,0.979999,0.980089,1000
1807,1807,0.980026,0.980073,0.980060,0.980067,1000
1808,1808,0.979999,0.980003,0.979948,0.979975,1000
1809,1809,0.979266,0.979477,0.979050,0.979263,1000
1810,1810,0.978060,0.978414,0.977686,0.978050,1000
1811,1811,0.976020,0.976617,0.975390,0.976004,1000
1812,1812,0.974837,0.975211,0.974533,0.974872,1000
1813,1813,0.974458,0.974510,0.974200,0.974355,1000
1814,1814,0.973731,0.973858,0.973433,0.973646,1000
1815,1815,0.973265,0.973396,0.973182,0.973289,1000
1816,1816,0.973018,0.973120,0.972975,0.973048,1000
1817,1817,0.972644,0.972756,0.972506,0.972631,1000
1818,1818,0.972958,0.972980,0.972819,0.972899,1000
1819,1819,0.972984,0.973186,0.973053,0.973119,1000
1820,1820,0.973231,0.973183,0.973154,0.973169,1000
1821,1821,0.973317,0.973479,0.973336,0.973407,1000
1822,1822,0.974173,0.974318,0.973897,0.974107,1000
1823,1823,0.974451,0.974542,0.974341,0.974442,1000
1824,1824,0.973983,0.974093,0.973795,0.973944,1000
1825,1825,0.973761,0.973816,0.973705,0.973760,1000
1826,1826,0.973847,0.973857,0.973812,0.973835,1000
1827,1827,0.973972,0.973992,0.973919,0.973956,1000
1828,1828,0.974335,0.974469,0.974232,0.974350,1000
1829,1829,0.975559,0.975971,0.975222,0.975597,1000
1830,1830,0.976044,0.976149,0.975894,0.976021,1000
1831,1831,0.976718,0.976829,0.976456,0.976642,1000
1832,1832,0.977231,0.977482,0.977094,0.977288,1000
1833,1833,0.978439,0.978773,0.978087,0.978430,1000
1834,1834,0.979032,0.979231,0.978861,0.979046,1000
1835,1835,0.979965,0.980222,0.979679,0.979951,1000
1836,1836,0.980569,0.980828,0.980423,0.980626,1000
1837,1837,0.982113,0.982499,0.981634,0.982067,1000
1838,1838,0.983694,0.984191,0.983210,0.983700,1000
1839,1839,0.986235,0.987058,0.985507,0.986282,1000
1840,1840,0.989279,0.990249,0.988416,0.989332,1000
1841,1841,0.992347,0.993200,0.991413,0.992307,1000
1842,1842,0.996019,0.997056,0.994861,0.995958,1000
1843,1843,0.998652,0.999411,0.997816,0.998614,1000
1844,1844,1.000442,1.001012,0.999904,1.000458,1000
1845,1845,1.002346,1.002940,1.001794,1.002367,1000
1846,1846,1.004350,1.004981,1.003774,1.004378,1000
1847,1847,1.005367,1.005658,1.005067,1.005362,1000
1848,1848,1.006692,1.007064,1.006278,1.006671,1000
1849,1849,1.008079,1.008482,1.007646,1.008064,1000
1850,1850,1.009968,1.010599,1.009428,1.010013,1000
1851,1851,1.010550,1.010721,1.010394,1.010558,1000
1852,1852,1.011580,1.011908,1.011285,1.011596,1000
1853,1853,1.013119,1.013543,1.012644,1.013094,1000
1854,1854,1.014617,1.015073,1.014159,1.014616,1000
1855,1855,1.015618,1.015812,1.015260,1.015536,1000
1856,1856,1.015468,1.015513,1.015493,1.015503,1000
1857,1857,1.015341,1.015379,1.015274,1.015326,1000
1858,1858,1.014946,1.015037,1.014789,1.014913,1000
1859,1859,1.015385,1.015522,1.015241,1.015382,1000
1860,1860,1.015856,1.016067,1.015751,1.015909,1000
1861,1861,1.017167,1.017533,1.016783,1.017158,1000
1862,1862,1.017393,1.017450,1.017315,1.017383,1000
1863,1863,1.017940,1.018008,1.017719,1.017864,1000
1864,1864,1.018277,1.018491,1.018202,1.018346,1000
1865,1865,1.018460,1.018497,1.018427,1.018462,1000
1866,1866,1.018617,1.018545,1.018507,1.018526,1000
1867,1867,1.018402,1.018415,1.018320,1.018368,1000
1868,1868,1.018974,1.019135,1.018781,1.018958,1000
1869,1869,1.019266,1.019384,1.019187,1.019286,1000
1870,1870,1.019615,1.019843,1.019586,1.019714,1000
1871,1871,1.019468,1.019558,1.019424,1.019491,1000
1872,1872,1.019058,1.019199,1.018949,1.019074,1000
1873,1873,1.017947,1.018318,1.017671,1.017995,1000
1874,1874,1.017263,1.017452,1.016986,1.017219,1000
1875,1875,1.016610,1.016792,1.016426,1.016609,1000
1876,1876,1.016022,1.016203,1.015855,1.016029,1000
1877,1877,1.014931,1.015288,1.014652,1.014970,1000
1878,1878,1.013966,1.014303,1.013731,1.014017,1000
1879,1879,1.013087,1.013355,1.012788,1.013071,1000
1880,1880,1.012597,1.012759,1.012492,1.012626,1000
1881,1881,1.011681,1.011957,1.011384,1.011670,1000
1882,1882,1.011249,1.011360,1.011095,1.011228,1000
1883,1883,1.011726,1.011854,1.011565,1.011710,1000
1884,1884,1.011662,1.011738,1.011725,1.011732,1000
1885,1885,1.011667,1.011682,1.011639,1.011661,1000
1886,1886,1.011662,1.011635,1.011613,1.011624,1000
1887,1887,1.012153,1.012210,1.011940,1.012075,1000
1888,1888,1.012654,1.012936,1.012539,1.012737,1000
1889,1889,1.013871,1.014094,1.013468,1.013781,1000
1890,1890,1.014888,1.015172,1.014530,1.014851,1000
1891,1891,1.015665,1.015919,1.015426,1.015672,1000
1892,1892,1.016679,1.016873,1.016319,1.016596,1000
1893,1893,1.017453,1.017819,1.017254,1.017536,1000
1894,1894,1.018129,1.018363,1.017981,1.018172,1000
1895,1895,1.018897,1.019157,1.018702,1.018930,1000
1896,1896,1.019656,1.019813,1.019405,1.019609,1000
1897,1897,1.020611,1.020905,1.020306,1.020605,1000
1898,1898,1.021496,1.021715,1.021203,1.021459,1000
1899,1899,1.022367,1.022653,1.022102,1.022377,1000
1900,1900,1.023208,1.023475,1.022968,1.023222,1000
1901,1901,1.023634,1.023824,1.023546,1.023685,1000
1902,1902,1.023691,1.023699,1.023692,1.023695,1000
1903,1903,1.024269,1.024412,1.024081,1.024246,1000
1904,1904,1.025115,1.025394,1.024864,1.025129,1000
1905,1905,1.024935,1.024982,1.024857,1.024920,1000
1906,1906,1.024622,1.024672,1.024460,1.024566,1000
1907,1907,1.024512,1.024540,1.024517,1.024528,1000
1908,1908,1.024729,1.024673,1.024606,1.024640,1000
1909,1909,1.025486,1.025686,1.025203,1.025445,1000
1910,1910,1.025412,1.025442,1.025440,1.025441,1000
1911,1911,1.025334,1.025343,1.025258,1.025300,1000
1912,1912,1.025650,1.025788,1.025563,1.025675,1000
1913,1913,1.026308,1.026490,1.026114,1.026302,1000
1914,1914,1.027470,1.027749,1.027081,1.027415,1000
1915,1915,1.028241,1.028540,1.028021,1.028280,1000
1916,1916,1.028382,1.028279,1.028278,1.028278,1000
1917,1917,1.028506,1.028628,1.028467,1.028548,1000
1918,1918,1.028833,1.028874,1.028723,1.028799,1000
1919,1919,1.028772,1.028759,1.028725,1.028742,1000
1920,1920,1.029675,1.029855,1.029341,1.029598,1000
1921,1921,1.030338,1.030467,1.030066,1.030266,1000
1922,1922,1.030915,1.031211,1.030775,1.030993,1000
1923,1923,1.031586,1.031768,1.031410,1.031589,1000
1924,1924,1.032163,1.032265,1.031953,1.032109,1000
1925,1925,1.032126,1.032078,1.032052,1.032065,1000
1926,1926,1.032326,1.032510,1.032304,1.032407,1000
1927,1927,1.033001,1.033232,1.032851,1.033041,1000
1928,1928,1.034040,1.034369,1.033756,1.034062,1000
1929,1929,1.035174,1.035472,1.034821,1.035146,1000
1930,1930,1.036721,1.037097,1.036196,1.036647,1000
1931,1931,1.037518,1.037776,1.037255,1.037516,1000
1932,1932,1.037832,1.037910,1.037728,1.037819,1000
1933,1933,1.037722,1.037723,1.037640,1.037682,1000
1934,1934,1.037711,1.037762,1.037725,1.037744,1000
1935,1935,1.038563,1.038899,1.038366,1.038632,1000
1936,1936,1.039896,1.040238,1.039497,1.039868,1000
1937,1937,1.041385,1.041955,1.040991,1.041473,1000
1938,1938,1.043560,1.044157,1.042917,1.043537,1000
1939,1939,1.046115,1.046851,1.045320,1.046086,1000
1940,1940,1.047762,1.048347,1.047303,1.047825,1000
1941,1941,1.048818,1.049054,1.048487,1.048771,1000
1942,1942,1.050711,1.051310,1.050137,1.050724,1000
1943,1943,1.053780,1.054711,1.052869,1.053790,1000
1944,1944,1.056415,1.057142,1.055593,1.056368,1000
1945,1945,1.058198,1.058741,1.057645,1.058193,1000
1946,1946,1.058897,1.059090,1.058676,1.058883,1000
1947,1947,1.059414,1.059688,1.059316,1.059502,1000
1948,1948,1.060246,1.060478,1.060027,1.060253,1000
1949,1949,1.061084,1.061448,1.060896,1.061172,1000
1950,1950,1.060899,1.060991,1.060836,1.060914,1000
1951,1951,1.060177,1.060419,1.059996,1.060207,1000
1952,1952,1.059566,1.059714,1.059292,1.059503,1000
1953,1953,1.059035,1.059197,1.058934,1.059065,1000
1954,1954,1.058055,1.058307,1.057658,1.057983,1000
1955,1955,1.056768,1.057194,1.056519,1.056857,1000
1956,1956,1.055328,1.055764,1.054829,1.055296,1000
1957,1957,1.053697,1.054157,1.053180,1.053668,1000
1958,1958,1.052734,1.053047,1.052515,1.052781,1000
1959,1959,1.052459,1.052600,1.052445,1.052522,1000
1960,1960,1.052032,1.052171,1.051870,1.052021,1000
1961,1961,1.051707,1.051756,1.051528,1.051642,1000
1962,1962,1.051473,1.051467,1.051318,1.051392,1000
1963,1963,1.051103,1.051168,1.050976,1.051072,1000
1964,1964,1.051266,1.051343,1.051218,1.051280,1000
1965,1965,1.051727,1.051826,1.051574,1.051700,1000
1966,1966,1.052028,1.052265,1.052004,1.052134,1000
1967,1967,1.052007,1.052077,1.052027,1.052052,1000
1968,1968,1.052421,1.052485,1.052285,1.052385,1000
1969,1969,1.052915,1.053114,1.052778,1.052946,1000
1970,1970,1.053619,1.053833,1.053423,1.053628,1000
1971,1971,1.054569,1.054856,1.054289,1.054572,1000
1972,1972,1.055218,1.055425,1.055031,1.055228,1000
1973,1973,1.056581,1.057142,1.056258,1.056700,1000
1974,1974,1.057883,1.058291,1.057556,1.057924,1000
1975,1975,1.058915,1.059146,1.058582,1.058864,1000
1976,1976,1.059685,1.059924,1.059435,1.059679,1000
1977,1977,1.060419,1.060641,1.060197,1.060419,1000
1978,1978,1.060143,1.060262,1.060127,1.060195,1000
1979,1979,1.059797,1.059955,1.059749,1.059852,1000
1980,1980,1.059421,1.059568,1.059324,1.059446,1000
1981,1981,1.059041,1.059151,1.058899,1.059025,1000
1982,1982,1.058748,1.058834,1.058670,1.058752,1000
1983,1983,1.057747,1.058117,1.057574,1.057845,1000
1984,1984,1.056236,1.056704,1.055727,1.056215,1000
1985,1985,1.054871,1.055324,1.054561,1.054943,1000
1986,1986,1.054501,1.054659,1.054416,1.054537,1000
1987,1987,1.053038,1.053493,1.052598,1.053045,1000
1988,1988,1.051909,1.052268,1.051602,1.051935,1000
1989,1989,1.050842,1.051173,1.050519,1.050846,1000
1990,1990,1.050395,1.050499,1.050201,1.050350,1000
1991,1991,1.050539,1.050556,1.050461,1.050508,1000
1992,1992,1.050699,1.050785,1.050657,1.050721,1000
1993,1993,1.050487,1.050540,1.050385,1.050463,1000
1994,1994,1.050277,1.050314,1.050186,1.050250,1000
1995,1995,1.049952,1.050041,1.049862,1.049952,1000
1996,1996,1.049287,1.049536,1.049179,1.049357,1000
1997,1997,1.048242,1.048600,1.047951,1.048276,1000
1998,1998,1.047204,1.047504,1.046844,1.047174,1000
1999,1999,1.045322,1.045821,1.044663,1.045242,1000
2000,2000,1.044052,1.044381,1.043643,1.044012,1000
2001,2001,1.042487,1.042918,1.041982,1.042450,1000
2002,2002,1.041585,1.041804,1.041251,1.041527,1000
2003,2003,1.040896,1.041078,1.040692,1.040885,1000
2004,2004,1.040633,1.040762,1.040656,1.040709,1000
2005,2005,1.041137,1.041261,1.041006,1.041134,1000
2006,2006,1.042344,1.042739,1.041998,1.042369,1000
2007,2007,1.043857,1.044201,1.043355,1.043778,1000
2008,2008,1.045023,1.045433,1.044669,1.045051,1000
2009,2009,1.045911,1.046122,1.045627,1.045875,1000
2010,2010,1.046722,1.047080,1.046523,1.046801,1000
2011,2011,1.046616,1.046715,1.046642,1.046679,1000
2012,2012,1.046375,1.046499,1.046344,1.046421,1000
2013,2013,1.046583,1.046620,1.046528,1.046574,1000
2014,2014,1.046856,1.046973,1.046789,1.046881,1000
2015,2015,1.047213,1.047277,1.047094,1.047186,1000
2016,2016,1.046810,1.046946,1.046740,1.046843,1000
2017,2017,1.046900,1.046848,1.046845,1.046847,1000
2018,2018,1.046760,1.046849,1.046848,1.046848,1000
2019,2019,1.046598,1.046654,1.046487,1.046570,1000
2020,2020,1.046449,1.046520,1.046476,1.046498,1000
2021,2021,1.046376,1.046361,1.046243,1.046302,1000
2022,2022,1.045385,1.045625,1.045045,1.045335,1000
2023,2023,1.044316,1.044596,1.043964,1.044280,1000
2024,2024,1.042999,1.043362,1.042576,1.042969,1000
2025,2025,1.041239,1.041792,1.040784,1.041288,1000
2026,2026,1.039970,1.040324,1.039499,1.039911,1000
2027,2027,1.037781,1.038385,1.037080,1.037732,1000
2028,2028,1.034744,1.035708,1.033976,1.034842,1000
2029,2029,1.032435,1.033187,1.031770,1.032479,1000
2030,2030,1.030448,1.031092,1.029905,1.030498,1000
2031,2031,1.027646,1.028552,1.026887,1.027720,1000
2032,2032,1.025713,1.026306,1.025096,1.025701,1000
2033,2033,1.023369,1.024086,1.022703,1.023394,1000
2034,2034,1.021288,1.021932,1.020681,1.021307,1000
2035,2035,1.019472,1.020038,1.018951,1.019494,1000
2036,2036,1.018226,1.018566,1.017771,1.018169,1000
2037,2037,1.016592,1.017079,1.016147,1.016613,1000
2038,2038,1.015402,1.015760,1.015030,1.015395,1000
2039,2039,1.014943,1.015079,1.014808,1.014943,1000
2040,2040,1.013958,1.014309,1.013765,1.014037,1000
2041,2041,1.013139,1.013308,1.012683,1.012995,1000
2042,2042,1.011784,1.012186,1.011493,1.011840,1000
2043,2043,1.010827,1.011164,1.010585,1.010875,1000
2044,2044,1.009789,1.010136,1.009503,1.009819,1000
2045,2045,1.007062,1.007899,1.006256,1.007077,1000
2046,2046,1.003822,1.004794,1.002842,1.003818,1000
2047,2047,1.000260,1.001413,0.999357,1.000385,1000
2048,2048,0.997804,0.998673,0.997208,0.997940,1000
2049,2049,0.995693,0.996371,0.995028,0.995700,1000
2050,2050,0.994564,0.994932,0.994274,0.994603,1000
2051,2051,0.993835,0.994096,0.993662,0.993879,1000
2052,2052,0.993292,0.993462,0.993105,0.993284,1000
2053,2053,0.993177,0.993190,0.993110,0.993150,1000
2054,2054,0.992831,0.992932,0.992744,0.992838,1000
2055,2055,0.992071,0.992394,0.992015,0.992204,1000
2056,2056,0.992377,0.992374,0.992296,0.992335,1000
2057,2057,0.992920,0.993103,0.992748,0.992925,1000
2058,2058,0.994093,0.994514,0.993780,0.994147,1000
2059,2059,0.994991,0.995235,0.994733,0.994984,1000
2060,2060,0.996643,0.997290,0.996225,0.996757,1000
2061,2061,0.997465,0.997786,0.997311,0.997548,1000
2062,2062,0.998678,0.999087,0.998377,0.998732,1000
2063,2063,0.999298,0.999444,0.999115,0.999279,1000
2064,2064,1.000100,1.000413,0.999890,1.000152,1000
2065,2065,1.000251,1.000304,1.000233,1.000268,1000
2066,2066,0.999575,0.999746,0.999299,0.999523,1000
2067,2067,0.998305,0.998677,0.997952,0.998315,1000
2068,2068,0.997290,0.997618,0.997022,0.997320,1000
2069,2069,0.996821,0.996986,0.996700,0.996843,1000
2070,2070,0.996759,0.996790,0.996744,0.996767,1000
2071,2071,0.996449,0.996503,0.996278,0.996391,1000
2072,2072,0.996514,0.996472,0.996434,0.996453,1000
2073,2073,0.996422,0.996448,0.996444,0.996446,1000
2074,2074,0.996910,0.996979,0.996733,0.996856,1000
2075,2075,0.997947,0.998284,0.997624,0.997954,1000
2076,2076,0.999375,0.999729,0.998909,0.999319,1000
2077,2077,1.000977,1.001500,1.000493,1.000997,1000
2078,2078,1.002057,1.002346,1.001723,1.002034,1000
2079,2079,1.003580,1.004050,1.003119,1.003585,1000
2080,2080,1.006089,1.006770,1.005298,1.006034,1000
2081,2081,1.008683,1.009360,1.007824,1.008592,1000
2082,2082,1.010915,1.011551,1.010184,1.010868,1000
2083,2083,1.012259,1.012654,1.011829,1.012242,1000
2084,2084,1.013285,1.013582,1.012963,1.013273,1000
2085,2085,1.013560,1.013723,1.013515,1.013619,1000
2086,2086,1.013851,1.013924,1.013783,1.013853,1000
2087,2087,1.012922,1.013257,1.012745,1.013001,1000
2088,2088,1.011929,1.012159,1.011439,1.011799,1000
2089,2089,1.010784,1.011097,1.010496,1.010796,1000
2090,2090,1.009749,1.010067,1.009442,1.009754,1000
2091,2091,1.009417,1.009494,1.009271,1.009382,1000
2092,2092,1.008568,1.008810,1.008320,1.008565,1000
2093,2093,1.007601,1.007841,1.007220,1.007530,1000
2094,2094,1.006429,1.006698,1.005985,1.006341,1000
2095,2095,1.004589,1.005181,1.004188,1.004685,1000
2096,2096,1.003557,1.003908,1.003243,1.003576,1000
2097,2097,1.002498,1.002773,1.002086,1.002430,1000
2098,2098,1.001465,1.001792,1.001247,1.001519,1000
2099,2099,1.000008,1.000459,0.999550,1.000004,1000
2100,2100,0.998704,0.999055,0.998242,0.998648,1000
2101,2101,0.997049,0.997537,0.996585,0.997061,1000
2102,2102,0.994968,0.995616,0.994380,0.994998,1000
2103,2103,0.993219,0.993753,0.992687,0.993220,1000
2104,2104,0.992672,0.992880,0.992588,0.992734,1000
2105,2105,0.992377,0.992495,0.992291,0.992393,1000
2106,2106,0.990729,0.991201,0.990180,0.990691,1000
2107,2107,0.989035,0.989511,0.988502,0.989007,1000
2108,2108,0.987234,0.987828,0.986819,0.987323,1000
2109,2109,0.985425,0.986033,0.984929,0.985481,1000
2110,2110,0.983493,0.984123,0.982961,0.983542,1000
2111,2111,0.982086,0.982553,0.981705,0.982129,1000
2112,2112,0.980557,0.981054,0.980133,0.980594,1000
2113,2113,0.979122,0.979626,0.978798,0.979212,1000
2114,2114,0.978120,0.978503,0.977895,0.978199,1000
2115,2115,0.977164,0.977478,0.976861,0.977169,1000
2116,2116,0.975941,0.976316,0.975586,0.975951,1000
2117,2117,0.973866,0.974479,0.973220,0.973849,1000
2118,2118,0.970806,0.971732,0.969921,0.970826,1000
2119,2119,0.967438,0.968430,0.966382,0.967406,1000
2120,2120,0.964377,0.965256,0.963417,0.964337,1000
2121,2121,0.961763,0.962542,0.961006,0.961774,1000
2122,2122,0.959922,0.960475,0.959363,0.959919,1000
2123,2123,0.958423,0.958869,0.957969,0.958419,1000
2124,2124,0.957255,0.957592,0.956884,0.957238,1000
2125,2125,0.955621,0.956107,0.955140,0.955624,1000
2126,2126,0.954500,0.954796,0.954087,0.954442,1000
2127,2127,0.954055,0.954138,0.953877,0.954007,1000
2128,2128,0.953598,0.953698,0.953433,0.953566,1000
2129,2129,0.952898,0.953070,0.952645,0.952857,1000
2130,2130,0.952179,0.952362,0.951937,0.952149,1000
2131,2131,0.951581,0.951823,0.951544,0.951684,1000
2132,2132,0.951146,0.951301,0.950972,0.951137,1000
2133,2133,0.951144,0.951181,0.951160,0.951170,1000
2134,2134,0.950971,0.951099,0.951039,0.951069,1000
2135,2135,0.951170,0.951251,0.951167,0.951209,1000
2136,2136,0.951772,0.951936,0.951601,0.951769,1000
2137,2137,0.952427,0.952531,0.952179,0.952355,1000
2138,2138,0.953285,0.953631,0.953042,0.953336,1000
2139,2139,0.954472,0.954859,0.954156,0.954508,1000
2140,2140,0.955658,0.955897,0.955255,0.955576,1000
2141,2141,0.955333,0.955344,0.955145,0.955245,1000
2142,2142,0.955639,0.955847,0.955569,0.955708,1000
2143,2143,0.956202,0.956354,0.956056,0.956205,1000
2144,2144,0.956810,0.956978,0.956621,0.956800,1000
2145,2145,0.957696,0.957927,0.957406,0.957667,1000
2146,2146,0.958241,0.958385,0.958053,0.958219,1000
2147,2147,0.958448,0.958456,0.958346,0.958401,1000
2148,2148,0.958269,0.958284,0.958183,0.958234,1000
2149,2149,0.958146,0.958158,0.958093,0.958126,1000
2150,2150,0.957257,0.957500,0.956963,0.957231,1000
2151,2151,0.956112,0.956456,0.955792,0.956124,1000
2152,2152,0.955662,0.955779,0.955484,0.955631,1000
2153,2153,0.954935,0.955165,0.954765,0.954965,1000
2154,2154,0.954926,0.954893,0.954832,0.954863,1000
2155,2155,0.954937,0.954994,0.954933,0.954964,1000
2156,2156,0.955323,0.955356,0.955175,0.955265,1000
2157,2157,0.954879,0.955020,0.954810,0.954915,1000
2158,2158,0.955249,0.955360,0.955154,0.955257,1000
2159,2159,0.955064,0.955222,0.955192,0.955207,1000
2160,2160,0.956132,0.956398,0.955848,0.956123,1000
2161,2161,0.957618,0.958152,0.957215,0.957684,1000
2162,2162,0.958561,0.958866,0.958320,0.958593,1000
2163,2163,0.959419,0.959640,0.959157,0.959398,1000
2164,2164,0.960048,0.960231,0.959847,0.960039,1000
2165,2165,0.960101,0.960097,0.960070,0.960084,1000
2166,2166,0.959199,0.959498,0.958997,0.959248,1000
2167,2167,0.959120,0.959162,0.959089,0.959126,1000
2168,2168,0.958531,0.958743,0.958415,0.958579,1000
2169,2169,0.958643,0.958626,0.958604,0.958615,1000
2170,2170,0.959369,0.959662,0.959178,0.959420,1000
2171,2171,0.959808,0.959883,0.959670,0.959776,1000
2172,2172,0.960318,0.960464,0.960146,0.960305,1000
2173,2173,0.961442,0.961679,0.961045,0.961362,1000
2174,2174,0.962381,0.962774,0.962122,0.962448,1000
2175,2175,0.963054,0.963237,0.962873,0.963055,1000
2176,2176,0.964618,0.965068,0.964138,0.964603,1000
2177,2177,0.965773,0.966188,0.965456,0.965822,1000
2178,2178,0.966881,0.967158,0.966541,0.966849,1000
2179,2179,0.967684,0.967943,0.967438,0.967691,1000
2180,2180,0.968913,0.969294,0.968554,0.968924,1000
2181,2181,0.970361,0.970854,0.969963,0.970409,1000
2182,2182,0.971461,0.971836,0.971177,0.971507,1000
2183,2183,0.973166,0.973581,0.972623,0.973102,1000
2184,2184,0.974265,0.974576,0.973895,0.974236,1000
2185,2185,0.975220,0.975532,0.974933,0.975233,1000
2186,2186,0.976330,0.976690,0.976017,0.976354,1000
2187,2187,0.977019,0.977229,0.976825,0.977027,1000
2188,2188,0.978466,0.978844,0.978005,0.978424,1000
2189,2189,0.979665,0.979897,0.979217,0.979557,1000
2190,2190,0.981623,0.982261,0.981012,0.981636,1000
2191,2191,0.983873,0.984536,0.983196,0.983866,1000
2192,2192,0.984784,0.985074,0.984516,0.984795,1000
2193,2193,0.985828,0.986068,0.985480,0.985774,1000
2194,2194,0.986844,0.987172,0.986527,0.986850,1000
2195,2195,0.987609,0.987878,0.987403,0.987641,1000
2196,2196,0.988413,0.988632,0.988174,0.988403,1000
2197,2197,0.988738,0.988804,0.988619,0.988712,1000
2198,2198,0.989006,0.989121,0.988932,0.989027,1000
2199,2199,0.989532,0.989715,0.989397,0.989556,1000
2200,2200,0.989877,0.989958,0.989772,0.989865,1000
2201,2201,0.990790,0.991112,0.990536,0.990824,1000
2202,2202,0.991418,0.991571,0.991226,0.991398,1000
2203,2203,0.992501,0.992849,0.992179,0.992514,1000
2204,2204,0.993914,0.994401,0.993530,0.993966,1000
2205,2205,0.995144,0.995426,0.994752,0.995089,1000
2206,2206,0.996620,0.997002,0.996119,0.996560,1000
2207,2207,0.998471,0.999020,0.997884,0.998452,1000
2208,2208,0.999605,0.999999,0.999285,0.999642,1000
2209,2209,1.001486,1.002038,1.000931,1.001485,1000
2210,2210,1.002424,1.002647,1.002111,1.002379,1000
2211,2211,1.002240,1.002280,1.002195,1.002238,1000
2212,2212,1.002270,1.002252,1.002245,1.002249,1000
2213,2213,1.002247,1.002227,1.002209,1.002218,1000
2214,2214,1.001695,1.001820,1.001479,1.001650,1000
2215,2215,1.001675,1.001723,1.001689,1.001706,1000
2216,2216,1.001692,1.001706,1.001705,1.001705,1000
2217,2217,1.001347,1.001473,1.001273,1.001373,1000
2218,2218,1.001568,1.001728,1.001564,1.001646,1000
2219,2219,1.001975,1.002074,1.001876,1.001975,1000
2220,2220,1.002272,1.002371,1.002188,1.002280,1000
2221,2221,1.003328,1.003732,1.003062,1.003397,1000
2222,2222,1.004303,1.004714,1.004106,1.004410,1000
2223,2223,1.004573,1.004641,1.004535,1.004588,1000
2224,2224,1.006008,1.006496,1.005615,1.006055,1000
2225,2225,1.007269,1.007560,1.006865,1.007213,1000
2226,2226,1.008240,1.008661,1.007992,1.008327,1000
2227,2227,1.009103,1.009324,1.008864,1.009094,1000
2228,2228,1.009636,1.009764,1.009455,1.009610,1000
2229,2229,1.009877,1.010010,1.009825,1.009917,1000
2230,2230,1.009975,1.010092,1.010011,1.010051,1000
2231,2231,1.010839,1.011087,1.010609,1.010848,1000
2232,2232,1.011112,1.011183,1.011028,1.011105,1000
2233,2233,1.012051,1.012376,1.011789,1.012082,1000
2234,2234,1.012732,1.012994,1.012573,1.012783,1000
2235,2235,1.013850,1.014194,1.013543,1.013869,1000
2236,2236,1.014656,1.014924,1.014437,1.014680,1000
2237,2237,1.014647,1.014684,1.014682,1.014683,1000
2238,2238,1.014303,1.014370,1.014102,1.014236,1000
2239,2239,1.013295,1.013625,1.013102,1.013364,1000
2240,2240,1.013228,1.013246,1.013145,1.013196,1000
2241,2241,1.012873,1.012926,1.012695,1.012811,1000
2242,2242,1.011942,1.012233,1.011738,1.011986,1000
2243,2243,1.011343,1.011530,1.011139,1.011334,1000
2244,2244,1.011036,1.011150,1.010992,1.011071,1000
2245,2245,1.010715,1.010824,1.010612,1.010718,1000
2246,2246,1.010574,1.010603,1.010505,1.010554,1000
2247,2247,1.009745,1.009996,1.009519,1.009758,1000
2248,2248,1.009126,1.009332,1.008967,1.009150,1000
2249,2249,1.009131,1.009158,1.009154,1.009156,1000
2250,2250,1.008821,1.008902,1.008683,1.008793,1000
2251,2251,1.008844,1.008802,1.008798,1.008800,1000
2252,2252,1.009297,1.009539,1.009198,1.009368,1000
2253,2253,1.010386,1.010702,1.010086,1.010394,1000
2254,2254,1.011285,1.011456,1.010966,1.011211,1000
2255,2255,1.012035,1.012337,1.011817,1.012077,1000
2256,2256,1.013072,1.013341,1.012757,1.013049,1000
2257,2257,1.014454,1.014800,1.013992,1.014396,1000
2258,2258,1.015476,1.015695,1.015095,1.015395,1000
2259,2259,1.016076,1.016308,1.015887,1.016098,1000
2260,2260,1.017055,1.017358,1.016776,1.017067,1000
2261,2261,1.018641,1.019092,1.018157,1.018624,1000
2262,2262,1.019858,1.020220,1.019483,1.019852,1000
2263,2263,1.020789,1.021044,1.020494,1.020769,1000
2264,2264,1.021263,1.021464,1.021143,1.021303,1000
2265,2265,1.021275,1.021259,1.021220,1.021239,1000
2266,2266,1.020784,1.020882,1.020576,1.020729,1000
2267,2267,1.020527,1.020626,1.020538,1.020582,1000
2268,2268,1.019432,1.019803,1.019137,1.019470,1000
2269,2269,1.019596,1.019677,1.019581,1.019629,1000
2270,2270,1.020384,1.020581,1.020142,1.020361,1000
2271,2271,1.020667,1.020738,1.020564,1.020651,1000
2272,2272,1.022062,1.022430,1.021608,1.022019,1000
2273,2273,1.023928,1.024545,1.023379,1.023962,1000
2274,2274,1.025909,1.026495,1.025325,1.025910,1000
2275,2275,1.027644,1.028147,1.027114,1.027630,1000
2276,2276,1.029465,1.030061,1.028938,1.029500,1000
2277,2277,1.031374,1.031829,1.030753,1.031291,1000
2278,2278,1.032946,1.033439,1.032447,1.032943,1000
2279,2279,1.033734,1.034020,1.033523,1.033772,1000
2280,2280,1.035309,1.035742,1.034832,1.035287,1000
2281,2281,1.037131,1.037744,1.036609,1.037177,1000
2282,2282,1.039211,1.039847,1.038614,1.039231,1000
2283,2283,1.041003,1.041575,1.040492,1.041034,1000
2284,2284,1.042483,1.042903,1.042040,1.042471,1000
2285,2285,1.044073,1.044471,1.043548,1.044010,1000
2286,2286,1.045892,1.046547,1.045375,1.045961,1000
2287,2287,1.048264,1.048996,1.047594,1.048295,1000
2288,2288,1.049451,1.049910,1.049164,1.049537,1000
2289,2289,1.050178,1.050361,1.049980,1.050171,1000
2290,2290,1.050330,1.050390,1.050289,1.050340,1000
2291,2291,1.050648,1.050701,1.050534,1.050618,1000
2292,2292,1.050982,1.051098,1.050876,1.050987,1000
2293,2293,1.051372,1.051446,1.051234,1.051340,1000
2294,2294,1.052208,1.052331,1.051873,1.052102,1000
2295,2295,1.053286,1.053630,1.052924,1.053277,1000
2296,2296,1.054569,1.054958,1.054182,1.054570,1000
2297,2297,1.055131,1.055280,1.054952,1.055116,1000
2298,2298,1.055210,1.055255,1.055191,1.055223,1000
2299,2299,1.054481,1.054694,1.054240,1.054467,1000
2300,2300,1.054061,1.054134,1.053850,1.053992,1000
2301,2301,1.053154,1.053355,1.052810,1.053082,1000
2302,2302,1.052280,1.052523,1.052043,1.052283,1000
2303,2303,1.051477,1.051744,1.051282,1.051513,1000
2304,2304,1.050436,1.050766,1.050127,1.050446,1000
2305,2305,1.050243,1.050298,1.050171,1.050234,1000
2306,2306,1.050165,1.050176,1.050126,1.050151,1000
2307,2307,1.050153,1.050084,1.050028,1.050056,1000
2308,2308,1.050096,1.050204,1.050136,1.050170,1000
2309,2309,1.049876,1.049945,1.049753,1.049849,1000
2310,2310,1.049562,1.049578,1.049346,1.049462,1000
2311,2311,1.049588,1.049480,1.049472,1.049476,1000
2312,2312,1.049696,1.049708,1.049601,1.049654,1000
2313,2313,1.049402,1.049497,1.049362,1.049429,1000
2314,2314,1.049546,1.049412,1.049398,1.049405,1000
2315,2315,1.049602,1.049770,1.049601,1.049685,1000
2316,2316,1.049395,1.049559,1.049450,1.049504,1000
2317,2317,1.048998,1.049154,1.048855,1.049004,1000
2318,2318,1.048073,1.048353,1.047796,1.048075,1000
2319,2319,1.046629,1.047083,1.046234,1.046659,1000
2320,2320,1.045661,1.045945,1.045333,1.045639,1000
2321,2321,1.044734,1.045010,1.044472,1.044741,1000
2322,2322,1.043818,1.044077,1.043509,1.043793,1000
2323,2323,1.043072,1.043273,1.042828,1.043050,1000
2324,2324,1.042714,1.042833,1.042647,1.042740,1000
2325,2325,1.043172,1.043419,1.043105,1.043262,1000
2326,2326,1.043955,1.044007,1.043663,1.043835,1000
2327,2327,1.043843,1.043860,1.043849,1.043854,1000
2328,2328,1.043858,1.043838,1.043824,1.043831,1000
2329,2329,1.044485,1.044679,1.044288,1.044484,1000
2330,2330,1.045386,1.045656,1.045115,1.045385,1000
2331,2331,1.046149,1.046331,1.045894,1.046112,1000
2332,2332,1.046050,1.046105,1.046098,1.046101,1000
2333,2333,1.045104,1.045360,1.044725,1.045043,1000
2334,2334,1.044216,1.044482,1.044001,1.044241,1000
2335,2335,1.043171,1.043498,1.042862,1.043180,1000
2336,2336,1.041874,1.042257,1.041467,1.041862,1000
2337,2337,1.041126,1.041287,1.040794,1.041040,1000
2338,2338,1.040774,1.040831,1.040652,1.040741,1000
2339,2339,1.039982,1.040169,1.039678,1.039923,1000
2340,2340,1.039179,1.039412,1.038974,1.039193,1000
2341,2341,1.038291,1.038564,1.038025,1.038295,1000
2342,2342,1.038068,1.038206,1.038130,1.038168,1000
2343,2343,1.038642,1.038842,1.038531,1.038686,1000
2344,2344,1.038508,1.038574,1.038478,1.038526,1000
2345,2345,1.038135,1.038319,1.038141,1.038230,1000
2346,2346,1.037695,1.037835,1.037497,1.037666,1000
2347,2347,1.037908,1.037964,1.037827,1.037895,1000
2348,2348,1.038517,1.038732,1.038346,1.038539,1000
2349,2349,1.038537,1.038549,1.038545,1.038547,1000
2350,2350,1.038809,1.038781,1.038673,1.038727,1000
2351,2351,1.039135,1.039312,1.039042,1.039177,1000
2352,2352,1.039400,1.039458,1.039328,1.039393,1000
2353,2353,1.039135,1.039287,1.039196,1.039241,1000
2354,2354,1.039131,1.039191,1.039147,1.039169,1000
2355,2355,1.038196,1.038535,1.037992,1.038263,1000
2356,2356,1.037386,1.037673,1.037167,1.037420,1000
2357,2357,1.036345,1.036646,1.035982,1.036314,1000
2358,2358,1.035384,1.035665,1.035109,1.035387,1000
2359,2359,1.034449,1.034698,1.034109,1.034404,1000
2360,2360,1.032640,1.033224,1.032215,1.032720,1000
2361,2361,1.031475,1.031781,1.030976,1.031378,1000
2362,2362,1.029826,1.030297,1.029370,1.029833,1000
2363,2363,1.028445,1.028825,1.027962,1.028393,1000
2364,2364,1.027377,1.027718,1.027140,1.027429,1000
2365,2365,1.026803,1.027014,1.026659,1.026836,1000
2366,2366,1.026440,1.026635,1.026463,1.026549,1000
2367,2367,1.025605,1.025894,1.025333,1.025613,1000
2368,2368,1.024622,1.024900,1.024289,1.024594,1000
2369,2369,1.023401,1.023738,1.023005,1.023372,1000
2370,2370,1.022196,1.022611,1.021959,1.022285,1000
2371,2371,1.021738,1.021839,1.021458,1.021649,1000
2372,2372,1.021743,1.021744,1.021700,1.021722,1000
2373,2373,1.021668,1.021662,1.021611,1.021637,1000
2374,2374,1.021796,1.021749,1.021697,1.021723,1000
2375,2375,1.021778,1.021809,1.021769,1.021789,1000
2376,2376,1.022103,1.022213,1.022017,1.022115,1000
2377,2377,1.022065,1.022028,1.021954,1.021991,1000
2378,2378,1.021564,1.021678,1.021410,1.021544,1000
2379,2379,1.021116,1.021294,1.021079,1.021187,1000
2380,2380,1.021120,1.021142,1.021104,1.021123,1000
2381,2381,1.020839,1.020945,1.020792,1.020869,1000
2382,2382,1.020768,1.020822,1.020781,1.020801,1000
2383,2383,1.020548,1.020588,1.020404,1.020496,1000
2384,2384,1.019493,1.019806,1.019216,1.019511,1000
2385,2385,1.018961,1.019157,1.018854,1.019006,1000
2386,2386,1.018078,1.018335,1.017761,1.018048,1000
2387,2387,1.017810,1.017898,1.017768,1.017833,1000
2388,2388,1.017359,1.017426,1.017077,1.017252,1000
2389,2389,1.017180,1.017235,1.017221,1.017228,1000
2390,2390,1.017452,1.017484,1.017366,1.017425,1000
2391,2391,1.017245,1.017300,1.017192,1.017246,1000
2392,2392,1.016727,1.016929,1.016658,1.016793,1000
2393,2393,1.015955,1.016179,1.015653,1.015916,1000
2394,2394,1.014856,1.015152,1.014497,1.014824,1000
2395,2395,1.013745,1.014057,1.013400,1.013728,1000
2396,2396,1.013389,1.013484,1.013275,1.013380,1000
2397,2397,1.012883,1.013067,1.012798,1.012933,1000
2398,2398,1.012855,1.012898,1.012868,1.012883,1000
2399,2399,1.012076,1.012294,1.011790,1.012042,1000
2400,2400,1.010857,1.011189,1.010458,1.010823,1000
2401,2401,1.010312,1.010393,1.010024,1.010209,1000
2402,2402,1.009883,1.009971,1.009767,1.009869,1000
2403,2403,1.010053,1.010103,1.009995,1.010049,1000
2404,2404,1.010805,1.011006,1.010564,1.010785,1000
2405,2405,1.010996,1.011155,1.010984,1.011070,1000
2406,2406,1.011406,1.011475,1.011288,1.011382,1000
2407,2407,1.011987,1.012177,1.011810,1.011993,1000
2408,2408,1.012446,1.012559,1.012298,1.012428,1000
2409,2409,1.013686,1.014032,1.013291,1.013661,1000
2410,2410,1.014377,1.014587,1.014160,1.014373,1000
2411,2411,1.014160,1.014297,1.014231,1.014264,1000
2412,2412,1.013600,1.013827,1.013452,1.013639,1000
2413,2413,1.014036,1.014169,1.013924,1.014047,1000
2414,2414,1.014784,1.015036,1.014579,1.014808,1000
2415,2415,1.014881,1.015080,1.014955,1.015018,1000
2416,2416,1.015382,1.015337,1.015190,1.015263,1000
2417,2417,1.015491,1.015629,1.015460,1.015545,1000
2418,2418,1.015340,1.015413,1.015299,1.015356,1000
2419,2419,1.015726,1.015880,1.015638,1.015759,1000
2420,2420,1.015872,1.015889,1.015829,1.015859,1000
2421,2421,1.015965,1.016042,1.015958,1.016000,1000
2422,2422,1.015074,1.015380,1.014849,1.015114,1000
2423,2423,1.014719,1.014875,1.014669,1.014772,1000
2424,2424,1.014601,1.014689,1.014618,1.014654,1000
2425,2425,1.015287,1.015488,1.015103,1.015295,1000
2426,2426,1.015971,1.016186,1.015775,1.015980,1000
2427,2427,1.016659,1.016865,1.016457,1.016661,1000
2428,2428,1.016779,1.016687,1.016675,1.016681,1000
2429,2429,1.017120,1.017228,1.016976,1.017102,1000
2430,2430,1.018447,1.018767,1.017998,1.018383,1000
2431,2431,1.018403,1.018398,1.018391,1.018395,1000
2432,2432,1.018788,1.018825,1.018627,1.018726,1000
2433,2433,1.018902,1.018900,1.018820,1.018860,1000
2434,2434,1.018801,1.018777,1.018705,1.018741,1000
2435,2435,1.018875,1.018852,1.018801,1.018826,1000
2436,2436,1.018501,1.018619,1.018442,1.018531,1000
2437,2437,1.017419,1.017779,1.017136,1.017457,1000
2438,2438,1.016752,1.016887,1.016397,1.016642,1000
2439,2439,1.016372,1.016437,1.016260,1.016349,1000
2440,2440,1.015729,1.015947,1.015603,1.015775,1000
2441,2441,1.015148,1.015356,1.014997,1.015177,1000
2442,2442,1.015264,1.015231,1.015206,1.015218,1000
2443,2443,1.014951,1.015067,1.014937,1.015002,1000
2444,2444,1.014598,1.014787,1.014603,1.014695,1000
2445,2445,1.013661,1.013948,1.013309,1.013629,1000
2446,2446,1.012528,1.012841,1.012166,1.012503,1000
2447,2447,1.012182,1.012257,1.012045,1.012151,1000
2448,2448,1.011903,1.011969,1.011814,1.011891,1000
2449,2449,1.011957,1.011975,1.011937,1.011956,1000
2450,2450,1.011706,1.011752,1.011578,1.011665,1000
2451,2451,1.011787,1.011814,1.011745,1.011780,1000
2452,2452,1.011610,1.011672,1.011579,1.011626,1000
2453,2453,1.011736,1.011749,1.011692,1.011721,1000
2454,2454,1.012093,1.012158,1.011956,1.012057,1000
2455,2455,1.011559,1.011746,1.011479,1.011612,1000
2456,2456,1.009617,1.010253,1.009089,1.009671,1000
2457,2457,1.008914,1.009081,1.008576,1.008829,1000
2458,2458,1.007299,1.007802,1.006922,1.007362,1000
2459,2459,1.006503,1.006838,1.006389,1.006613,1000
2460,2460,1.005397,1.005727,1.004968,1.005347,1000
2461,2461,1.003710,1.004197,1.003212,1.003704,1000
2462,2462,1.002527,1.002878,1.002171,1.002524,1000
2463,2463,1.001798,1.002023,1.001593,1.001808,1000
2464,2464,1.001106,1.001305,1.000874,1.001090,1000
2465,2465,1.001369,1.001353,1.001231,1.001292,1000
2466,2466,1.000864,1.001026,1.000798,1.000912,1000
2467,2467,1.001092,1.001063,1.000993,1.001028,1000
2468,2468,1.000758,1.000867,1.000729,1.000798,1000
2469,2469,1.000662,1.000654,1.000531,1.000593,1000
2470,2470,1.000349,1.000413,1.000259,1.000336,1000
2471,2471,0.999711,0.999941,0.999602,0.999771,1000
2472,2472,0.999643,0.999690,0.999621,0.999656,1000
2473,2473,0.999659,0.999639,0.999624,0.999631,1000
2474,2474,0.999326,0.999367,0.999141,0.999254,1000
2475,2475,0.999685,0.999828,0.999563,0.999696,1000
2476,2476,1.000030,1.000154,0.999942,1.000048,1000
2477,2477,0.999664,0.999773,0.999537,0.999655,1000
2478,2478,0.999927,1.000030,0.999857,0.999943,1000
2479,2479,0.999617,0.999781,0.999643,0.999712,1000
2480,2480,0.999328,0.999371,0.999078,0.999224,1000
2481,2481,0.998712,0.998828,0.998489,0.998658,1000
2482,2482,0.999017,0.999023,0.998855,0.998939,1000
2483,2483,0.998435,0.998610,0.998329,0.998470,1000
2484,2484,0.998493,0.998627,0.998555,0.998591,1000
2485,2485,0.998878,0.998972,0.998796,0.998884,1000
2486,2486,0.999894,1.000246,0.999617,0.999932,1000
2487,2487,1.001267,1.001699,1.000883,1.001291,1000
2488,2488,1.002588,1.002991,1.002206,1.002598,1000
2489,2489,1.004539,1.005104,1.003947,1.004526,1000
2490,2490,1.006736,1.007369,1.006055,1.006712,1000
2491,2491,1.009767,1.010645,1.008827,1.009736,1000
2492,2492,1.012273,1.012933,1.011456,1.012195,1000
2493,2493,1.015151,1.016044,1.014265,1.015155,1000
2494,2494,1.018109,1.019030,1.017239,1.018134,1000
2495,2495,1.020433,1.021154,1.019759,1.020456,1000
2496,2496,1.022498,1.023094,1.021876,1.022485,1000
2497,2497,1.024651,1.025204,1.023948,1.024576,1000
2498,2498,1.025993,1.026569,1.025649,1.026109,1000
2499,2499,1.027454,1.027832,1.027036,1.027434,1000
2500,2500,1.028581,1.029034,1.028295,1.028665,1000
2501,2501,1.029601,1.029910,1.029335,1.029623,1000
2502,2502,1.030080,1.030268,1.029970,1.030119,1000
2503,2503,1.030123,1.030113,1.030107,1.030110,1000
2504,2504,1.029625,1.029704,1.029356,1.029530,1000
2505,2505,1.029342,1.029377,1.029246,1.029311,1000
2506,2506,1.028805,1.028999,1.028731,1.028865,1000
2507,2507,1.028206,1.028384,1.027972,1.028178,1000
2508,2508,1.026799,1.027203,1.026369,1.026786,1000
2509,2509,1.025599,1.025959,1.025250,1.025605,1000
2510,2510,1.024830,1.025053,1.024580,1.024817,1000
2511,2511,1.023950,1.024285,1.023829,1.024057,1000
2512,2512,1.022691,1.023101,1.022282,1.022691,1000
2513,2513,1.021408,1.021784,1.021007,1.021395,1000
2514,2514,1.020776,1.020920,1.020512,1.020716,1000
2515,2515,1.019784,1.020089,1.019551,1.019820,1000
2516,2516,1.018414,1.018791,1.017909,1.018350,1000
2517,2517,1.016859,1.017244,1.016297,1.016771,1000
2518,2518,1.015580,1.015959,1.015264,1.015612,1000
2519,2519,1.015176,1.015311,1.015054,1.015183,1000
2520,2520,1.014231,1.014491,1.013898,1.014195,1000
2521,2521,1.012620,1.013069,1.012105,1.012587,1000
2522,2522,1.011720,1.011922,1.011353,1.011638,1000
2523,2523,1.010113,1.010588,1.009689,1.010138,1000
2524,2524,1.008449,1.008987,1.008002,1.008494,1000
2525,2525,1.006790,1.007295,1.006268,1.006781,1000
2526,2526,1.005528,1.005889,1.005125,1.005507,1000
2527,2527,1.003523,1.004144,1.002978,1.003561,1000
2528,2528,1.001185,1.001863,1.000410,1.001136,1000
2529,2529,0.999259,0.999830,0.998711,0.999270,1000
2530,2530,0.998091,0.998494,0.997828,0.998161,1000
2531,2531,0.996339,0.996917,0.995852,0.996385,1000
2532,2532,0.995972,0.996081,0.995821,0.995951,1000
2533,2533,0.995146,0.995381,0.994893,0.995137,1000
2534,2534,0.994347,0.994646,0.994225,0.994436,1000
2535,2535,0.992756,0.993279,0.992289,0.992784,1000
2536,2536,0.991467,0.991823,0.991000,0.991412,1000
2537,2537,0.990418,0.990710,0.990109,0.990409,1000
2538,2538,0.989476,0.989713,0.989116,0.989415,1000
2539,2539,0.988426,0.988744,0.988170,0.988457,1000
2540,2540,0.987205,0.987624,0.986911,0.987268,1000
2541,2541,0.987773,0.987880,0.987597,0.987738,1000
2542,2542,0.988494,0.988694,0.988253,0.988473,1000
2543,2543,0.989077,0.989296,0.988916,0.989106,1000
2544,2544,0.989718,0.989815,0.989487,0.989651,1000
2545,2545,0.990407,0.990535,0.990127,0.990331,1000
2546,2546,0.990845,0.990934,0.990656,0.990795,1000
2547,2547,0.990613,0.990662,0.990549,0.990606,1000
2548,2548,0.990304,0.990430,0.990279,0.990354,1000
2549,2549,0.989434,0.989689,0.989120,0.989405,1000
2550,2550,0.988706,0.988977,0.988611,0.988794,1000
2551,2551,0.988058,0.988298,0.987873,0.988086,1000
2552,2552,0.987561,0.987720,0.987407,0.987563,1000
2553,2553,0.987140,0.987299,0.987072,0.987186,1000
2554,2554,0.986215,0.986482,0.985879,0.986180,1000
2555,2555,0.985273,0.985518,0.984950,0.985234,1000
2556,2556,0.984583,0.984792,0.984414,0.984603,1000
2557,2557,0.984330,0.984416,0.984256,0.984336,1000
2558,2558,0.984351,0.984364,0.984351,0.984357,1000
2559,2559,0.984376,0.984351,0.984345,0.984348,1000
2560,2560,0.984720,0.984894,0.984642,0.984768,1000
2561,2561,0.984730,0.984704,0.984649,0.984677,1000
2562,2562,0.985455,0.985726,0.985241,0.985483,1000
2563,2563,0.985890,0.986076,0.985803,0.985939,1000
2564,2564,0.986726,0.986972,0.986495,0.986734,1000
2565,2565,0.987579,0.987787,0.987301,0.987544,1000
2566,2566,0.987945,0.988012,0.987796,0.987904,1000
2567,2567,0.988180,0.988159,0.988041,0.988100,1000
2568,2568,0.988614,0.988707,0.988427,0.988567,1000
2569,2569,0.989215,0.989453,0.989044,0.989249,1000
2570,2570,0.990427,0.990810,0.990089,0.990450,1000
2571,2571,0.992214,0.992697,0.991659,0.992178,1000
2572,2572,0.992367,0.992370,0.992281,0.992325,1000
2573,2573,0.993001,0.993212,0.992803,0.993008,1000
2574,2574,0.993671,0.993947,0.993514,0.993730,1000
2575,2575,0.995255,0.995631,0.994753,0.995192,1000
2576,2576,0.996422,0.996779,0.996046,0.996413,1000
2577,2577,0.997392,0.997689,0.997099,0.997394,1000
2578,2578,0.998133,0.998389,0.997930,0.998160,1000
2579,2579,0.999058,0.999359,0.998805,0.999082,1000
2580,2580,0.999559,0.999750,0.999442,0.999596,1000
2581,2581,0.999940,1.000104,0.999870,0.999987,1000
2582,2582,1.000700,1.000875,1.000465,1.000670,1000
2583,2583,1.001614,1.001866,1.001314,1.001590,1000
2584,2584,1.001414,1.001473,1.001372,1.001422,1000
2585,2585,1.001513,1.001471,1.001449,1.001460,1000
2586,2586,1.001735,1.001823,1.001655,1.001739,1000
2587,2587,1.002658,1.002877,1.002351,1.002614,1000
2588,2588,1.003426,1.003730,1.003215,1.003472,1000
2589,2589,1.004700,1.005031,1.004311,1.004671,1000
2590,2590,1.005961,1.006544,1.005679,1.006112,1000
2591,2591,1.007286,1.007679,1.006955,1.007317,1000
2592,2592,1.008496,1.008814,1.008123,1.008468,1000
2593,2593,1.009383,1.009515,1.009032,1.009273,1000
2594,2594,1.010721,1.011200,1.010310,1.010755,1000
2595,2595,1.011851,1.012273,1.011572,1.011923,1000
2596,2596,1.012850,1.013149,1.012582,1.012866,1000
2597,2597,1.013632,1.013876,1.013409,1.013642,1000
2598,2598,1.014071,1.014246,1.013967,1.014107,1000
2599,2599,1.014621,1.014745,1.014450,1.014598,1000
2600,2600,1.014561,1.014559,1.014526,1.014542,1000
2601,2601,1.014261,1.014348,1.014181,1.014265,1000
2602,2602,1.013994,1.014045,1.013857,1.013951,1000
2603,2603,1.012979,1.013272,1.012689,1.012980,1000
2604,2604,1.011457,1.011968,1.011102,1.011535,1000
2605,2605,1.011136,1.011222,1.010954,1.011088,1000
2606,2606,1.009929,1.010320,1.009662,1.009991,1000
2607,2607,1.008774,1.009142,1.008415,1.008779,1000
2608,2608,1.007677,1.008026,1.007381,1.007704,1000
2609,2609,1.006476,1.006897,1.006206,1.006551,1000
2610,2610,1.005775,1.006069,1.005655,1.005862,1000
2611,2611,1.004983,1.005246,1.004719,1.004983,1000
2612,2612,1.003909,1.004198,1.003527,1.003862,1000
2613,2613,1.003659,1.003745,1.003645,1.003695,1000
2614,2614,1.002739,1.002999,1.002402,1.002700,1000
2615,2615,1.002176,1.002327,1.002008,1.002168,1000
2616,2616,1.001457,1.001668,1.001240,1.001454,1000
2617,2617,0.999995,1.000461,0.999611,1.000036,1000
2618,2618,0.997864,0.998530,0.997241,0.997885,1000
2619,2619,0.995957,0.996500,0.995313,0.995907,1000
2620,2620,0.993855,0.994464,0.993229,0.993846,1000
2621,2621,0.992164,0.992639,0.991606,0.992123,1000
2622,2622,0.990470,0.990978,0.989997,0.990487,1000
2623,2623,0.988842,0.989304,0.988290,0.988797,1000
2624,2624,0.987805,0.988117,0.987535,0.987826,1000
2625,2625,0.987018,0.987288,0.986826,0.987057,1000
2626,2626,0.986011,0.986304,0.985659,0.985982,1000
2627,2627,0.985812,0.985883,0.985799,0.985841,1000
2628,2628,0.985544,0.985694,0.985568,0.985631,1000
2629,2629,0.986415,0.986708,0.986210,0.986459,1000
2630,2630,0.987359,0.987636,0.987093,0.987364,1000
2631,2631,0.988236,0.988526,0.987990,0.988258,1000
2632,2632,0.988770,0.988955,0.988633,0.988794,1000
2633,2633,0.988608,0.988667,0.988558,0.988612,1000
2634,2634,0.988067,0.988209,0.987864,0.988037,1000
2635,2635,0.987505,0.987641,0.987302,0.987471,1000
2636,2636,0.986482,0.986761,0.986153,0.986457,1000
2637,2637,0.985306,0.985610,0.984884,0.985247,1000
2638,2638,0.984039,0.984377,0.983632,0.984004,1000
2639,2639,0.982970,0.983274,0.982649,0.982962,1000
2640,2640,0.981561,0.982042,0.981254,0.981648,1000
2641,2641,0.981503,0.981518,0.981407,0.981463,1000
2642,2642,0.981322,0.981341,0.981237,0.981289,1000
2643,2643,0.981544,0.981610,0.981462,0.981536,1000
2644,2644,0.981516,0.981537,0.981537,0.981537,1000
2645,2645,0.981629,0.981645,0.981595,0.981620,1000
2646,2646,0.981577,0.981559,0.981507,0.981533,1000
2647,2647,0.981818,0.981914,0.981738,0.981826,1000
2648,2648,0.982017,0.982109,0.981978,0.982044,1000
2649,2649,0.982863,0.983113,0.982620,0.982867,1000
2650,2650,0.982979,0.983010,0.982944,0.982977,1000
2651,2651,0.982226,0.982442,0.981984,0.982213,1000
2652,2652,0.980950,0.981355,0.980620,0.980988,1000
2653,2653,0.979528,0.979941,0.979045,0.979493,1000
2654,2654,0.977983,0.978434,0.977527,0.977980,1000
2655,2655,0.976453,0.976919,0.976011,0.976465,1000
2656,2656,0.975892,0.976103,0.975794,0.975949,1000
2657,2657,0.975224,0.975433,0.974992,0.975212,1000
2658,2658,0.975015,0.975095,0.974994,0.975044,1000
2659,2659,0.974443,0.974588,0.974198,0.974393,1000
2660,2660,0.973742,0.973884,0.973447,0.973665,1000
2661,2661,0.972770,0.973049,0.972521,0.972785,1000
2662,2662,0.971702,0.971953,0.971241,0.971597,1000
2663,2663,0.970819,0.971074,0.970626,0.970850,1000
2664,2664,0.969171,0.969678,0.968674,0.969176,1000
2665,2665,0.967942,0.968315,0.967578,0.967947,1000
2666,2666,0.966740,0.967126,0.966422,0.966774,1000
2667,2667,0.965544,0.965923,0.965194,0.965558,1000
2668,2668,0.964120,0.964541,0.963670,0.964105,1000
2669,2669,0.962239,0.962751,0.961591,0.962171,1000
2670,2670,0.960633,0.961080,0.960145,0.960613,1000
2671,2671,0.959962,0.960166,0.959783,0.959974,1000
2672,2672,0.959901,0.959861,0.959765,0.959813,1000
2673,2673,0.959879,0.959817,0.959815,0.959816,1000
2674,2674,0.959632,0.959700,0.959600,0.959650,1000
2675,2675,0.959290,0.959425,0.959232,0.959329,1000
2676,2676,0.958517,0.958803,0.958353,0.958578,1000
2677,2677,0.958038,0.958244,0.957958,0.958101,1000
2678,2678,0.958275,0.958394,0.958259,0.958326,1000
2679,2679,0.957991,0.958190,0.958074,0.958132,1000
2680,2680,0.958455,0.958523,0.958342,0.958432,1000
2681,2681,0.958616,0.958683,0.958567,0.958625,1000
2682,2682,0.958836,0.958947,0.958798,0.958873,1000
2683,2683,0.960102,0.960493,0.959745,0.960119,1000
2684,2684,0.961714,0.962122,0.961197,0.961660,1000
2685,2685,0.962514,0.962902,0.962328,0.962615,1000
2686,2686,0.963745,0.964201,0.963468,0.963835,1000
2687,2687,0.964884,0.965291,0.964619,0.964955,1000
2688,2688,0.966574,0.967048,0.966081,0.966565,1000
2689,2689,0.968286,0.968892,0.967817,0.968354,1000
2690,2690,0.970024,0.970527,0.969524,0.970025,1000
2691,2691,0.971176,0.971530,0.970835,0.971183,1000
2692,2692,0.972406,0.972772,0.972038,0.972405,1000
2693,2693,0.973680,0.973920,0.973220,0.973570,1000
2694,2694,0.974659,0.974915,0.974294,0.974604,1000
2695,2695,0.976282,0.976697,0.975730,0.976214,1000
2696,2696,0.977940,0.978569,0.977481,0.978025,1000
2697,2697,0.979246,0.979609,0.978877,0.979243,1000
2698,2698,0.979236,0.979250,0.979247,0.979249,1000
2699,2699,0.979057,0.979068,0.978914,0.978991,1000
2700,2700,0.978880,0.978881,0.978787,0.978834,1000
2701,2701,0.979409,0.979571,0.979231,0.979401,1000
2702,2702,0.980237,0.980405,0.979941,0.980173,1000
2703,2703,0.981044,0.981350,0.980807,0.981079,1000
2704,2704,0.981896,0.982221,0.981693,0.981957,1000
2705,2705,0.982866,0.983069,0.982556,0.982813,1000
2706,2706,0.983636,0.983950,0.983425,0.983687,1000
2707,2707,0.984605,0.984862,0.984320,0.984591,1000
2708,2708,0.986364,0.986803,0.985781,0.986292,1000
2709,2709,0.987188,0.987398,0.986887,0.987143,1000
2710,2710,0.987752,0.988013,0.987611,0.987812,1000
2711,2711,0.988350,0.988455,0.988158,0.988307,1000
2712,2712,0.989670,0.990102,0.989273,0.989688,1000
2713,2713,0.990814,0.991133,0.990466,0.990800,1000
2714,2714,0.991423,0.991689,0.991278,0.991483,1000
2715,2715,0.992485,0.992821,0.992203,0.992512,1000
2716,2716,0.993069,0.993204,0.992884,0.993044,1000
2717,2717,0.993264,0.993206,0.993131,0.993168,1000
2718,2718,0.994270,0.994648,0.993965,0.994307,1000
2719,2719,0.994395,0.994346,0.994328,0.994337,1000
2720,2720,0.994907,0.995093,0.994744,0.994919,1000
2721,2721,0.995041,0.995088,0.995010,0.995049,1000
2722,2722,0.995337,0.995530,0.995308,0.995419,1000
2723,2723,0.995854,0.995988,0.995725,0.995856,1000
2724,2724,0.995878,0.995934,0.995898,0.995916,1000
2725,2725,0.996091,0.996081,0.996005,0.996043,1000
2726,2726,0.995959,0.996002,0.995966,0.995984,1000
2727,2727,0.995900,0.995914,0.995854,0.995884,1000
2728,2728,0.995294,0.995469,0.995114,0.995292,1000
2729,2729,0.994936,0.994997,0.994745,0.994871,1000
2730,2730,0.993640,0.994003,0.993259,0.993631,1000
2731,2731,0.992738,0.993023,0.992502,0.992763,1000
2732,2732,0.992053,0.992232,0.991777,0.992005,1000
2733,2733,0.991162,0.991327,0.990747,0.991037,1000
2734,2734,0.989627,0.990074,0.989249,0.989661,1000
2735,2735,0.988881,0.989125,0.988666,0.988895,1000
2736,2736,0.988285,0.988502,0.988164,0.988333,1000
2737,2737,0.987420,0.987606,0.986984,0.987295,1000
2738,2738,0.986476,0.986645,0.986089,0.986367,1000
2739,2739,0.985511,0.985830,0.985369,0.985600,1000
2740,2740,0.985111,0.985258,0.984965,0.985111,1000
2741,2741,0.984222,0.984476,0.983932,0.984204,1000
2742,2742,0.983910,0.983946,0.983725,0.983835,1000
2743,2743,0.982670,0.983015,0.982313,0.982664,1000
2744,2744,0.981011,0.981578,0.980649,0.981114,1000
2745,2745,0.980098,0.980458,0.979897,0.980178,1000
2746,2746,0.980365,0.980456,0.980327,0.980392,1000
2747,2747,0.980464,0.980579,0.980493,0.980536,1000
2748,2748,0.980555,0.980532,0.980528,0.980530,1000
2749,2749,0.980124,0.980199,0.979916,0.980058,1000
2750,2750,0.979694,0.979749,0.979485,0.979617,1000
2751,2751,0.979311,0.979428,0.979267,0.979347,1000
2752,2752,0.979411,0.979364,0.979357,0.979361,1000
2753,2753,0.979414,0.979406,0.979385,0.979396,1000
2754,2754,0.978439,0.978707,0.978117,0.978412,1000
2755,2755,0.977852,0.978079,0.977794,0.977937,1000
2756,2756,0.976883,0.977214,0.976595,0.976904,1000
2757,2757,0.975406,0.975853,0.974952,0.975403,1000
2758,2758,0.973705,0.974203,0.973176,0.973690,1000
2759,2759,0.972078,0.972590,0.971648,0.972119,1000
2760,2760,0.971300,0.971583,0.971124,0.971353,1000
2761,2761,0.970804,0.970964,0.970630,0.970797,1000
2762,2762,0.970026,0.970350,0.969968,0.970159,1000
2763,2763,0.969436,0.969670,0.969251,0.969460,1000
2764,2764,0.969253,0.969327,0.969213,0.969270,1000
2765,2765,0.968616,0.968809,0.968414,0.968611,1000
2766,2766,0.968769,0.968813,0.968720,0.968766,1000
2767,2767,0.969246,0.969333,0.969071,0.969202,1000
2768,2768,0.970818,0.971313,0.970338,0.970826,1000
2769,2769,0.971935,0.972187,0.971559,0.971873,1000
2770,2770,0.972103,0.972148,0.972021,0.972085,1000
2771,2771,0.971849,0.971889,0.971721,0.971805,1000
2772,2772,0.970987,0.971143,0.970575,0.970859,1000
2773,2773,0.970085,0.970374,0.969959,0.970167,1000
2774,2774,0.969420,0.969640,0.969189,0.969415,1000
2775,2775,0.969498,0.969536,0.969480,0.969508,1000
2776,2776,0.969328,0.969384,0.969277,0.969330,1000
2777,2777,0.968838,0.968982,0.968684,0.968833,1000
2778,2778,0.967978,0.968292,0.967829,0.968061,1000
2779,2779,0.966623,0.967039,0.966164,0.966602,1000
2780,2780,0.965051,0.965522,0.964597,0.965060,1000
2781,2781,0.964372,0.964551,0.964116,0.964333,1000
2782,2782,0.963593,0.963874,0.963480,0.963677,1000
2783,2783,0.962133,0.962641,0.961754,0.962197,1000
2784,2784,0.961132,0.961448,0.960806,0.961127,1000
2785,2785,0.960140,0.960391,0.959760,0.960076,1000
2786,2786,0.958760,0.959148,0.958353,0.958751,1000
2787,2787,0.957799,0.958033,0.957419,0.957726,1000
2788,2788,0.956240,0.956708,0.955836,0.956272,1000
2789,2789,0.954882,0.955297,0.954461,0.954879,1000
2790,2790,0.954332,0.954483,0.954144,0.954314,1000
2791,2791,0.954229,0.954277,0.954246,0.954262,1000
2792,2792,0.954691,0.954837,0.954571,0.954704,1000
2793,2793,0.955353,0.955374,0.955065,0.955220,1000
2794,2794,0.955120,0.955104,0.955005,0.955054,1000
2795,2795,0.955173,0.955159,0.955111,0.955135,1000
2796,2796,0.955144,0.955128,0.955122,0.955125,1000
2797,2797,0.955276,0.955182,0.955156,0.955169,1000
2798,2798,0.954541,0.954741,0.954375,0.954558,1000
2799,2799,0.955391,0.955658,0.955150,0.955404,1000
2800,2800,0.956303,0.956636,0.956067,0.956352,1000
2801,2801,0.957291,0.957532,0.956987,0.957259,1000
2802,2802,0.958491,0.958781,0.958078,0.958430,1000
2803,2803,0.959624,0.959912,0.959227,0.959570,1000
2804,2804,0.960972,0.961390,0.960549,0.960970,1000
2805,2805,0.961266,0.961372,0.961186,0.961279,1000
2806,2806,0.960951,0.961017,0.960793,0.960905,1000
2807,2807,0.960302,0.960450,0.960061,0.960256,1000
2808,2808,0.959689,0.959894,0.959584,0.959739,1000
2809,2809,0.959431,0.959524,0.959340,0.959432,1000
2810,2810,0.959047,0.959140,0.958889,0.959014,1000
2811,2811,0.959293,0.959345,0.959192,0.959268,1000
2812,2812,0.959841,0.960078,0.959704,0.959891,1000
2813,2813,0.960138,0.960161,0.960036,0.960099,1000
2814,2814,0.960557,0.960748,0.960448,0.960598,1000
2815,2815,0.961189,0.961392,0.961026,0.961209,1000
2816,2816,0.961394,0.961564,0.961400,0.961482,1000
2817,2817,0.962174,0.962382,0.961966,0.962174,1000
2818,2818,0.963055,0.963337,0.962800,0.963068,1000
2819,2819,0.963933,0.964192,0.963673,0.963933,1000
2820,2820,0.964413,0.964560,0.964271,0.964415,1000
2821,2821,0.964765,0.964770,0.964606,0.964688,1000
2822,2822,0.965091,0.965273,0.965003,0.965138,1000
2823,2823,0.964957,0.965039,0.964955,0.964997,1000
2824,2824,0.964994,0.965053,0.965027,0.965040,1000
2825,2825,0.964072,0.964391,0.963836,0.964113,1000
2826,2826,0.963371,0.963531,0.963032,0.963281,1000
2827,2827,0.963404,0.963385,0.963337,0.963361,1000
2828,2828,0.963137,0.963227,0.963111,0.963169,1000
2829,2829,0.963062,0.963062,0.962970,0.963016,1000
2830,2830,0.963505,0.963600,0.963330,0.963465,1000
2831,2831,0.963600,0.963718,0.963601,0.963660,1000
2832,2832,0.963964,0.964014,0.963851,0.963933,1000
2833,2833,0.964024,0.964012,0.963976,0.963994,1000
2834,2834,0.963393,0.963602,0.963266,0.963434,1000
2835,2835,0.963162,0.963296,0.963177,0.963237,1000
2836,2836,0.964428,0.964726,0.964039,0.964382,1000
2837,2837,0.965761,0.966096,0.965305,0.965701,1000
2838,2838,0.966795,0.967332,0.966579,0.966956,1000
2839,2839,0.968066,0.968348,0.967705,0.968027,1000
2840,2840,0.969055,0.969308,0.968716,0.969012,1000
2841,2841,0.969209,0.969201,0.969114,0.969158,1000
2842,2842,0.969577,0.969689,0.969444,0.969567,1000
2843,2843,0.969816,0.969841,0.969714,0.969778,1000
2844,2844,0.969398,0.969538,0.969332,0.969435,1000
2845,2845,0.969142,0.969266,0.969121,0.969194,1000
2846,2846,0.968342,0.968601,0.968093,0.968347,1000
2847,2847,0.968309,0.968311,0.968280,0.968295,1000
2848,2848,0.969368,0.969716,0.969060,0.969388,1000
2849,2849,0.970800,0.971228,0.970378,0.970803,1000
2850,2850,0.972158,0.972462,0.971696,0.972079,1000
2851,2851,0.974415,0.975020,0.973662,0.974341,1000
2852,2852,0.977039,0.977900,0.976256,0.977078,1000
2853,2853,0.979585,0.980358,0.978843,0.979601,1000
2854,2854,0.982456,0.983297,0.981589,0.982443,1000
2855,2855,0.985023,0.985780,0.984238,0.985009,1000
2856,2856,0.988015,0.988950,0.987129,0.988040,1000
2857,2857,0.990768,0.991512,0.989908,0.990710,1000
2858,2858,0.993037,0.993772,0.992357,0.993065,1000
2859,2859,0.995046,0.995715,0.994491,0.995103,1000
2860,2860,0.996885,0.997467,0.996375,0.996921,1000
2861,2861,0.998857,0.999483,0.998299,0.998891,1000
2862,2862,1.001157,1.001852,1.000484,1.001168,1000
2863,2863,1.002633,1.003020,1.002165,1.002593,1000
2864,2864,1.004086,1.004468,1.003602,1.004035,1000
2865,2865,1.004683,1.004717,1.004402,1.004560,1000
2866,2866,1.005620,1.005911,1.005287,1.005599,1000
2867,2867,1.007002,1.007390,1.006563,1.006977,1000
2868,2868,1.007583,1.007874,1.007460,1.007667,1000
2869,2869,1.007963,1.007979,1.007835,1.007907,1000
2870,2870,1.008015,1.008102,1.008012,1.008057,1000
2871,2871,1.008332,1.008530,1.008311,1.008421,1000
2872,2872,1.008541,1.008440,1.008431,1.008435,1000
2873,2873,1.008289,1.008392,1.008355,1.008374,1000
2874,2874,1.007763,1.007934,1.007558,1.007746,1000
2875,2875,1.006446,1.006807,1.006004,1.006406,1000
2876,2876,1.005573,1.005806,1.005293,1.005550,1000
2877,2877,1.004806,1.004977,1.004486,1.004731,1000
2878,2878,1.004415,1.004519,1.004338,1.004429,1000
2879,2879,1.003868,1.003982,1.003600,1.003791,1000
2880,2880,1.003305,1.003395,1.003056,1.003225,1000
2881,2881,1.002949,1.003009,1.002823,1.002916,1000
2882,2882,1.002710,1.002755,1.002618,1.002687,1000
2883,2883,1.002937,1.003085,1.002901,1.002993,1000
2884,2884,1.003600,1.003866,1.003463,1.003664,1000
2885,2885,1.003656,1.003611,1.003565,1.003588,1000
2886,2886,1.003731,1.003814,1.003710,1.003762,1000
2887,2887,1.004015,1.004068,1.003927,1.003997,1000
2888,2888,1.003666,1.003801,1.003634,1.003718,1000
2889,2889,1.003877,1.003883,1.003807,1.003845,1000
2890,2890,1.003395,1.003557,1.003309,1.003433,1000
2891,2891,1.003110,1.003200,1.003000,1.003100,1000
2892,2892,1.002849,1.002978,1.002873,1.002926,1000
2893,2893,1.003295,1.003446,1.003206,1.003326,1000
2894,2894,1.002985,1.003079,1.002868,1.002974,1000
2895,2895,1.002737,1.002834,1.002714,1.002774,1000
2896,2896,1.002106,1.002282,1.001861,1.002071,1000
2897,2897,1.001994,1.002004,1.001947,1.001976,1000
2898,2898,1.001753,1.001816,1.001679,1.001747,1000
2899,2899,1.001460,1.001605,1.001484,1.001544,1000
2900,2900,1.000726,1.001014,1.000559,1.000787,1000
2901,2901,0.999813,1.000147,0.999600,0.999873,1000
2902,2902,0.998667,0.998987,0.998229,0.998608,1000
2903,2903,0.997468,0.997869,0.997236,0.997553,1000
2904,2904,0.996660,0.996906,0.996352,0.996629,1000
2905,2905,0.996095,0.996233,0.995894,0.996063,1000
2906,2906,0.995793,0.995934,0.995824,0.995879,1000
2907,2907,0.996071,0.996132,0.996015,0.996073,1000
2908,2908,0.996202,0.996173,0.996127,0.996150,1000
2909,2909,0.995989,0.996065,0.995991,0.996028,1000
2910,2910,0.996757,0.997060,0.996583,0.996822,1000
2911,2911,0.998064,0.998465,0.997706,0.998085,1000
2912,2912,0.998531,0.998651,0.998390,0.998520,1000
2913,2913,0.998537,0.998621,0.998575,0.998598,1000
2914,2914,0.998187,0.998287,0.998021,0.998154,1000
2915,2915,0.997958,0.998004,0.997876,0.997940,1000
2916,2916,0.997843,0.997857,0.997786,0.997822,1000
2917,2917,0.997096,0.997343,0.996933,0.997138,1000
2918,2918,0.996567,0.996772,0.996459,0.996615,1000
2919,2919,0.996187,0.996283,0.995998,0.996140,1000
2920,2920,0.996436,0.996397,0.996279,0.996338,1000
2921,2921,0.996805,0.996978,0.996683,0.996830,1000
2922,2922,0.997068,0.997197,0.997027,0.997112,1000
2923,2923,0.997472,0.997638,0.997395,0.997517,1000
2924,2924,0.997201,0.997295,0.997105,0.997200,1000
2925,2925,0.997388,0.997491,0.997357,0.997424,1000
2926,2926,0.997266,0.997286,0.997168,0.997227,1000
2927,2927,0.997769,0.997884,0.997581,0.997732,1000
2928,2928,0.998170,0.998317,0.998047,0.998182,1000
2929,2929,0.998609,0.998699,0.998460,0.998579,1000
2930,2930,0.998071,0.998179,0.997836,0.998007,1000
2931,2931,0.997763,0.997902,0.997813,0.997857,1000
2932,2932,0.997653,0.997704,0.997572,0.997638,1000
2933,2933,0.998123,0.998292,0.997990,0.998141,1000
2934,2934,0.998373,0.998465,0.998315,0.998390,1000
2935,2935,0.999329,0.999526,0.999001,0.999263,1000
2936,2936,1.000067,1.000206,0.999771,0.999988,1000
2937,2937,1.001019,1.001300,1.000695,1.000998,1000
2938,2938,1.001142,1.001125,1.001066,1.001095,1000
2939,2939,1.001356,1.001422,1.001271,1.001346,1000
2940,2940,1.002172,1.002371,1.001898,1.002135,1000
2941,2941,1.002290,1.002344,1.002248,1.002296,1000
2942,2942,1.002397,1.002359,1.002330,1.002344,1000
2943,2943,1.002947,1.003179,1.002794,1.002987,1000
2944,2944,1.003464,1.003592,1.003312,1.003452,1000
2945,2945,1.003501,1.003482,1.003468,1.003475,1000
2946,2946,1.003650,1.003688,1.003589,1.003639,1000
2947,2947,1.004353,1.004538,1.004123,1.004331,1000
2948,2948,1.005500,1.005695,1.005065,1.005380,1000
2949,2949,1.006787,1.007273,1.006399,1.006836,1000
2950,2950,1.008249,1.008628,1.007801,1.008215,1000
2951,2951,1.009370,1.009687,1.009007,1.009347,1000
2952,2952,1.011206,1.011725,1.010627,1.011176,1000
2953,2953,1.013016,1.013606,1.012484,1.013045,1000
2954,2954,1.014363,1.014753,1.013964,1.014358,1000
2955,2955,1.015219,1.015511,1.014979,1.015245,1000
2956,2956,1.016489,1.016872,1.016121,1.016496,1000
2957,2957,1.017514,1.017848,1.017224,1.017536,1000
2958,2958,1.017230,1.017360,1.017210,1.017285,1000
2959,2959,1.015931,1.016365,1.015578,1.015972,1000
2960,2960,1.016087,1.016051,1.016014,1.016033,1000
2961,2961,1.016388,1.016422,1.016242,1.016332,1000
2962,2962,1.018270,1.018723,1.017619,1.018171,1000
2963,2963,1.021005,1.021859,1.020155,1.021007,1000
2964,2964,1.023389,1.024009,1.022622,1.023315,1000
2965,2965,1.025174,1.025772,1.024638,1.025205,1000
2966,2966,1.027405,1.027994,1.026706,1.027350,1000
2967,2967,1.028866,1.029340,1.028421,1.028881,1000
2968,2968,1.029883,1.030211,1.029597,1.029904,1000
2969,2969,1.030230,1.030246,1.030088,1.030167,1000
2970,2970,1.030513,1.030655,1.030430,1.030542,1000
2971,2971,1.030985,1.031159,1.030875,1.031017,1000
2972,2972,1.031671,1.031729,1.031400,1.031565,1000
2973,2973,1.031891,1.031982,1.031789,1.031886,1000
2974,2974,1.031727,1.031729,1.031594,1.031661,1000
2975,2975,1.032356,1.032675,1.032207,1.032441,1000
2976,2976,1.033687,1.033963,1.033260,1.033612,1000
2977,2977,1.033785,1.033852,1.033741,1.033797,1000
2978,2978,1.034449,1.034617,1.034238,1.034427,1000
2979,2979,1.034425,1.034436,1.034432,1.034434,1000
2980,2980,1.034752,1.035008,1.034743,1.034876,1000
2981,2981,1.035751,1.036114,1.035542,1.035828,1000
2982,2982,1.036579,1.036776,1.036338,1.036557,1000
2983,2983,1.037922,1.038379,1.037538,1.037959,1000
2984,2984,1.038872,1.039139,1.038594,1.038867,1000
2985,2985,1.039188,1.039239,1.039067,1.039153,1000
2986,2986,1.039208,1.039246,1.039203,1.039224,1000
2987,2987,1.039762,1.039996,1.039640,1.039818,1000
2988,2988,1.039476,1.039562,1.039342,1.039452,1000
2989,2989,1.039130,1.039246,1.039070,1.039158,1000
2990,2990,1.038439,1.038734,1.038371,1.038553,1000
2991,2991,1.037979,1.038173,1.037848,1.038011,1000
2992,2992,1.037788,1.037812,1.037641,1.037726,1000
2993,2993,1.037797,1.037822,1.037778,1.037800,1000
2994,2994,1.037345,1.037439,1.037130,1.037284,1000
2995,2995,1.037562,1.037574,1.037440,1.037507,1000
2996,2996,1.037297,1.037390,1.037289,1.037340,1000
2997,2997,1.037018,1.037081,1.036860,1.036970,1000
2998,2998,1.037116,1.037185,1.037086,1.037136,1000
2999,2999,1.037396,1.037397,1.037276,1.037337,1000
3000,3000,1.037453,1.037420,1.037381,1.037400,1000
3001,3001,1.037372,1.037434,1.037418,1.037426,1000
3002,3002,1.037634,1.037784,1.037619,1.037701,1000
3003,3003,1.037172,1.037323,1.036999,1.037161,1000
3004,3004,1.036559,1.036692,1.036290,1.036491,1000
3005,3005,1.036263,1.036354,1.036236,1.036295,1000
3006,3006,1.036505,1.036577,1.036447,1.036512,1000
3007,3007,1.036402,1.036406,1.036316,1.036361,1000
3008,3008,1.037183,1.037318,1.036876,1.037097,1000
3009,3009,1.037248,1.037257,1.037183,1.037220,1000
3010,3010,1.036831,1.036973,1.036762,1.036867,1000
3011,3011,1.036295,1.036489,1.036165,1.036327,1000
3012,3012,1.036524,1.036678,1.036516,1.036597,1000
3013,3013,1.037163,1.037272,1.036961,1.037117,1000
3014,3014,1.037644,1.037703,1.037432,1.037568,1000
3015,3015,1.037507,1.037534,1.037504,1.037519,1000
3016,3016,1.037685,1.037792,1.037666,1.037729,1000
3017,3017,1.037052,1.037264,1.036865,1.037064,1000
3018,3018,1.036535,1.036668,1.036328,1.036498,1000
3019,3019,1.035958,1.036062,1.035689,1.035876,1000
3020,3020,1.035622,1.035706,1.035561,1.035633,1000
3021,3021,1.035804,1.035891,1.035772,1.035832,1000
3022,3022,1.036389,1.036557,1.036222,1.036389,1000
3023,3023,1.037197,1.037486,1.036980,1.037233,1000
3024,3024,1.038395,1.038749,1.038049,1.038399,1000
3025,3025,1.039091,1.039288,1.038877,1.039083,1000
3026,3026,1.039058,1.039134,1.039110,1.039122,1000
3027,3027,1.039609,1.039784,1.039479,1.039631,1000
3028,3028,1.040176,1.040441,1.040067,1.040254,1000
3029,3029,1.039808,1.040041,1.039859,1.039950,1000
3030,3030,1.039699,1.039717,1.039518,1.039617,1000
3031,3031,1.039784,1.039701,1.039662,1.039681,1000
3032,3032,1.040660,1.040958,1.040369,1.040664,1000
3033,3033,1.041325,1.041538,1.041134,1.041336,1000
3034,3034,1.042555,1.042808,1.042128,1.042468,1000
3035,3035,1.042773,1.042960,1.042733,1.042847,1000
3036,3036,1.043033,1.043069,1.042967,1.043018,1000
3037,3037,1.042700,1.042795,1.042603,1.042699,1000
3038,3038,1.043496,1.043767,1.043274,1.043520,1000
3039,3039,1.042930,1.043122,1.042781,1.042951,1000
3040,3040,1.041966,1.042308,1.041757,1.042033,1000
3041,3041,1.040290,1.040854,1.039845,1.040349,1000
3042,3042,1.038208,1.038852,1.037571,1.038212,1000
3043,3043,1.037030,1.037413,1.036730,1.037072,1000
3044,3044,1.035665,1.036094,1.035256,1.035675,1000
3045,3045,1.033597,1.034216,1.032967,1.033591,1000
3046,3046,1.031989,1.032455,1.031483,1.031969,1000
3047,3047,1.031579,1.031707,1.031482,1.031594,1000
3048,3048,1.031456,1.031534,1.031482,1.031508,1000
3049,3049,1.030981,1.031173,1.030886,1.031029,1000
3050,3050,1.030637,1.030771,1.030549,1.030660,1000
3051,3051,1.029629,1.029907,1.029263,1.029585,1000
3052,3052,1.028213,1.028605,1.027766,1.028186,1000
3053,3053,1.027493,1.027701,1.027285,1.027493,1000
3054,3054,1.027502,1.027514,1.027504,1.027509,1000
3055,3055,1.028496,1.028795,1.028201,1.028498,1000
3056,3056,1.030349,1.030882,1.029781,1.030331,1000
3057,3057,1.032259,1.032840,1.031681,1.032260,1000
3058,3058,1.034592,1.035340,1.033918,1.034629,1000
3059,3059,1.036912,1.037510,1.036179,1.036845,1000
3060,3060,1.039323,1.039955,1.038518,1.039236,1000
3061,3061,1.041415,1.042133,1.040795,1.041464,1000
3062,3062,1.043726,1.044371,1.043028,1.043699,1000
3063,3063,1.046026,1.046704,1.045316,1.046010,1000
3064,3064,1.048599,1.049432,1.047851,1.048641,1000
3065,3065,1.051714,1.052562,1.050751,1.051656,1000
3066,3066,1.054021,1.054874,1.053388,1.054131,1000
3067,3067,1.056327,1.057024,1.055688,1.056356,1000
3068,3068,1.059720,1.060672,1.058678,1.059675,1000
3069,3069,1.063588,1.064636,1.062343,1.063490,1000
3070,3070,1.066776,1.067643,1.065724,1.066683,1000
3071,3071,1.069784,1.070774,1.068884,1.069829,1000
3072,3072,1.073167,1.074183,1.072171,1.073177,1000
3073,3073,1.076330,1.077317,1.075404,1.076360,1000
3074,3074,1.079833,1.080818,1.078758,1.079788,1000
3075,3075,1.082424,1.083241,1.081646,1.082443,1000
3076,3076,1.085033,1.085806,1.084252,1.085029,1000
3077,3077,1.087097,1.087511,1.086364,1.086937,1000
3078,3078,1.089058,1.089777,1.088465,1.089121,1000
3079,3079,1.091050,1.091541,1.090423,1.090982,1000
3080,3080,1.092369,1.092875,1.092001,1.092438,1000
3081,3081,1.094474,1.095042,1.093839,1.094440,1000
3082,3082,1.095602,1.096080,1.095323,1.095702,1000
3083,3083,1.096435,1.096593,1.096181,1.096387,1000
3084,3084,1.097045,1.097141,1.096793,1.096967,1000
3085,3085,1.098076,1.098387,1.097732,1.098060,1000
3086,3086,1.099505,1.099923,1.099062,1.099493,1000
3087,3087,1.100673,1.101031,1.100321,1.100676,1000
3088,3088,1.102585,1.103338,1.102108,1.102723,1000
3089,3089,1.104608,1.105075,1.103989,1.104532,1000
3090,3090,1.106129,1.106502,1.105592,1.106047,1000
3091,3091,1.107527,1.108032,1.107116,1.107574,1000
3092,3092,1.108389,1.108714,1.108188,1.108451,1000
3093,3093,1.108947,1.109058,1.108778,1.108918,1000
3094,3094,1.108759,1.108848,1.108788,1.108818,1000
3095,3095,1.107553,1.107896,1.107106,1.107501,1000
3096,3096,1.106791,1.106950,1.106477,1.106713,1000
3097,3097,1.105266,1.105698,1.104829,1.105264,1000
3098,3098,1.104421,1.104615,1.104060,1.104337,1000
3099,3099,1.102814,1.103277,1.102370,1.102824,1000
3100,3100,1.100644,1.101249,1.099900,1.100575,1000
3101,3101,1.098339,1.099024,1.097697,1.098360,1000
3102,3102,1.096839,1.097291,1.096376,1.096834,1000
3103,3103,1.095363,1.095745,1.094812,1.095278,1000
3104,3104,1.093334,1.093944,1.092802,1.093373,1000
3105,3105,1.092354,1.092637,1.092006,1.092321,1000
3106,3106,1.091136,1.091459,1.090720,1.091090,1000
3107,3107,1.089602,1.089970,1.089011,1.089490,1000
3108,3108,1.088160,1.088507,1.087665,1.088086,1000
3109,3109,1.086569,1.087010,1.086090,1.086550,1000
3110,3110,1.085641,1.085948,1.085431,1.085689,1000
3111,3111,1.084253,1.084637,1.083737,1.084187,1000
3112,3112,1.083018,1.083371,1.082673,1.083022,1000
3113,3113,1.080610,1.081344,1.079907,1.080626,1000
3114,3114,1.079473,1.079803,1.079099,1.079451,1000
3115,3115,1.077493,1.078047,1.076844,1.077446,1000
3116,3116,1.075389,1.075987,1.074739,1.075363,1000
3117,3117,1.073319,1.073907,1.072661,1.073284,1000
3118,3118,1.070908,1.071644,1.070240,1.070942,1000
3119,3119,1.068832,1.069521,1.068305,1.068913,1000
3120,3120,1.067553,1.067964,1.067151,1.067558,1000
3121,3121,1.066256,1.066655,1.065881,1.066268,1000
3122,3122,1.065042,1.065322,1.064513,1.064918,1000
3123,3123,1.062836,1.063454,1.062202,1.062828,1000
3124,3124,1.060922,1.061479,1.060324,1.060902,1000
3125,3125,1.058560,1.059220,1.057782,1.058501,1000
3126,3126,1.056866,1.057338,1.056342,1.056840,1000
3127,3127,1.054669,1.055297,1.053976,1.054636,1000
3128,3128,1.053349,1.053759,1.053008,1.053384,1000
3129,3129,1.052028,1.052364,1.051490,1.051927,1000
3130,3130,1.050657,1.051065,1.050327,1.050696,1000
3131,3131,1.049281,1.049726,1.048895,1.049310,1000
3132,3132,1.048393,1.048693,1.048165,1.048429,1000
3133,3133,1.047492,1.047781,1.047226,1.047503,1000
3134,3134,1.046514,1.046781,1.046162,1.046471,1000
3135,3135,1.045690,1.045905,1.045419,1.045662,1000
3136,3136,1.045110,1.045216,1.044833,1.045025,1000
3137,3137,1.044227,1.044429,1.043919,1.044174,1000
3138,3138,1.044166,1.044154,1.044136,1.044145,1000
3139,3139,1.044280,1.044176,1.044162,1.044169,1000
3140,3140,1.043100,1.043459,1.042851,1.043155,1000
3141,3141,1.042417,1.042634,1.042188,1.042411,1000
3142,3142,1.042341,1.042289,1.042185,1.042237,1000
3143,3143,1.042272,1.042193,1.042156,1.042174,1000
3144,3144,1.041858,1.041988,1.041827,1.041907,1000
3145,3145,1.041481,1.041593,1.041323,1.041458,1000
3146,3146,1.041177,1.041231,1.041036,1.041133,1000
3147,3147,1.040291,1.040505,1.039966,1.040235,1000
3148,3148,1.039637,1.039889,1.039593,1.039741,1000
3149,3149,1.039141,1.039289,1.038902,1.039096,1000
3150,3150,1.037479,1.037940,1.036950,1.037445,1000
3151,3151,1.036100,1.036565,1.035811,1.036188,1000
3152,3152,1.034670,1.035055,1.034085,1.034570,1000
3153,3153,1.033067,1.033548,1.032673,1.033111,1000
3154,3154,1.031964,1.032300,1.031606,1.031953,1000
3155,3155,1.031301,1.031405,1.030935,1.031170,1000
3156,3156,1.030535,1.030733,1.030359,1.030546,1000
3157,3157,1.030023,1.030156,1.029821,1.029988,1000
3158,3158,1.029083,1.029378,1.028855,1.029117,1000
3159,3159,1.028481,1.028644,1.028240,1.028442,1000
3160,3160,1.027039,1.027455,1.026609,1.027032,1000
3161,3161,1.026361,1.026526,1.026092,1.026309,1000
3162,3162,1.024712,1.025251,1.024345,1.024798,1000
3163,3163,1.023856,1.024144,1.023584,1.023864,1000
3164,3164,1.022311,1.022784,1.021859,1.022321,1000
3165,3165,1.021161,1.021502,1.020801,1.021152,1000
3166,3166,1.020102,1.020362,1.019685,1.020023,1000
3167,3167,1.018587,1.018999,1.018123,1.018561,1000
3168,3168,1.017325,1.017709,1.016979,1.017344,1000
3169,3169,1.017464,1.017513,1.017435,1.017474,1000
3170,3170,1.017084,1.017202,1.016968,1.017085,1000
3171,3171,1.016926,1.016965,1.016862,1.016914,1000
3172,3172,1.016716,1.016834,1.016766,1.016800,1000
3173,3173,1.017071,1.017142,1.016984,1.017063,1000
3174,3174,1.016675,1.016750,1.016482,1.016616,1000
3175,3175,1.016195,1.016366,1.016152,1.016259,1000
3176,3176,1.016599,1.016743,1.016520,1.016632,1000
3177,3177,1.017256,1.017355,1.017021,1.017188,1000
3178,3178,1.016806,1.016909,1.016671,1.016790,1000
3179,3179,1.016984,1.017056,1.016933,1.016995,1000
3180,3180,1.017994,1.018319,1.017708,1.018014,1000
3181,3181,1.018543,1.018719,1.018394,1.018556,1000
3182,3182,1.019452,1.019681,1.019162,1.019421,1000
3183,3183,1.020398,1.020709,1.020115,1.020412,1000
3184,3184,1.021392,1.021632,1.021069,1.021351,1000
3185,3185,1.022444,1.022840,1.022152,1.022496,1000
3186,3186,1.023621,1.023890,1.023246,1.023568,1000
3187,3187,1.024743,1.025115,1.024401,1.024758,1000
3188,3188,1.026080,1.026502,1.025696,1.026099,1000
3189,3189,1.026248,1.026384,1.026253,1.026318,1000
3190,3190,1.026623,1.026819,1.026588,1.026704,1000
3191,3191,1.027462,1.027643,1.027209,1.027426,1000
3192,3192,1.028880,1.029408,1.028492,1.028950,1000
3193,3193,1.030386,1.030879,1.029988,1.030433,1000
3194,3194,1.031558,1.031895,1.031220,1.031558,1000
3195,3195,1.032758,1.033035,1.032353,1.032694,1000
3196,3196,1.033655,1.033927,1.033358,1.033643,1000
3197,3197,1.035004,1.035425,1.034602,1.035014,1000
3198,3198,1.036718,1.037142,1.036159,1.036650,1000
3199,3199,1.038727,1.039305,1.038079,1.038692,1000
3200,3200,1.040675,1.041263,1.040076,1.040669,1000
3201,3201,1.042148,1.042511,1.041661,1.042086,1000
3202,3202,1.043507,1.043909,1.043067,1.043488,1000
3203,3203,1.044233,1.044421,1.043990,1.044205,1000
3204,3204,1.045244,1.045478,1.044890,1.045184,1000
3205,3205,1.046314,1.046666,1.045982,1.046324,1000
3206,3206,1.047341,1.047652,1.047039,1.047345,1000
3207,3207,1.048679,1.049031,1.048253,1.048642,1000
3208,3208,1.049509,1.049764,1.049246,1.049505,1000
3209,3209,1.050811,1.051279,1.050460,1.050869,1000
3210,3210,1.051659,1.051856,1.051401,1.051628,1000
3211,3211,1.052619,1.052966,1.052348,1.052657,1000
3212,3212,1.053956,1.054322,1.053553,1.053938,1000
3213,3213,1.054520,1.054557,1.054271,1.054414,1000
3214,3214,1.055588,1.055961,1.055247,1.055604,1000
3215,3215,1.056608,1.056870,1.056285,1.056577,1000
3216,3216,1.058485,1.059194,1.057985,1.058590,1000
3217,3217,1.060209,1.060568,1.059654,1.060111,1000
3218,3218,1.061407,1.061786,1.061012,1.061399,1000
3219,3219,1.061885,1.062051,1.061750,1.061900,1000
3220,3220,1.062176,1.062369,1.062153,1.062261,1000
3221,3221,1.062877,1.063183,1.062757,1.062970,1000
3222,3222,1.063579,1.063781,1.063407,1.063594,1000
3223,3223,1.064694,1.064910,1.064302,1.064606,1000
3224,3224,1.064661,1.064617,1.064612,1.064615,1000
3225,3225,1.064583,1.064608,1.064602,1.064605,1000
3226,3226,1.063964,1.064167,1.063792,1.063980,1000
3227,3227,1.062581,1.062937,1.062045,1.062491,1000
3228,3228,1.061776,1.061958,1.061502,1.061730,1000
3229,3229,1.061412,1.061501,1.061304,1.061402,1000
3230,3230,1.060859,1.061002,1.060659,1.060830,1000
3231,3231,1.059670,1.060051,1.059384,1.059718,1000
3232,3232,1.057499,1.058146,1.056800,1.057473,1000
3233,3233,1.055696,1.056223,1.055152,1.055687,1000
3234,3234,1.054494,1.054800,1.054040,1.054420,1000
3235,3235,1.053608,1.053797,1.053264,1.053530,1000
3236,3236,1.051573,1.052189,1.051041,1.051615,1000
3237,3237,1.050531,1.050850,1.050195,1.050522,1000
3238,3238,1.048754,1.049292,1.048239,1.048765,1000
3239,3239,1.046672,1.047294,1.046035,1.046664,1000
3240,3240,1.045080,1.045565,1.044624,1.045094,1000
3241,3241,1.043597,1.044014,1.043088,1.043551,1000
3242,3242,1.041945,1.042439,1.041487,1.041963,1000
3243,3243,1.040631,1.040974,1.040127,1.040551,1000
3244,3244,1.039637,1.039858,1.039265,1.039561,1000
3245,3245,1.038469,1.038833,1.038210,1.038521,1000
3246,3246,1.036952,1.037412,1.036461,1.036937,1000
3247,3247,1.035748,1.036044,1.035280,1.035662,1000
3248,3248,1.033852,1.034449,1.033410,1.033929,1000
3249,3249,1.032386,1.032846,1.031919,1.032383,1000
3250,3250,1.031349,1.031647,1.031017,1.031332,1000
3251,3251,1.031028,1.031117,1.030933,1.031025,1000
3252,3252,1.030378,1.030585,1.030209,1.030397,1000
3253,3253,1.030653,1.030786,1.030606,1.030696,1000
3254,3254,1.030064,1.030255,1.029877,1.030066,1000
3255,3255,1.028642,1.029041,1.028163,1.028602,1000
3256,3256,1.027482,1.027809,1.027130,1.027469,1000
3257,3257,1.026911,1.027081,1.026749,1.026915,1000
3258,3258,1.026806,1.026894,1.026876,1.026885,1000
3259,3259,1.026312,1.026510,1.026188,1.026349,1000
3260,3260,1.024741,1.025266,1.024339,1.024803,1000
3261,3261,1.023398,1.023852,1.023038,1.023445,1000
3262,3262,1.021854,1.022333,1.021381,1.021857,1000
3263,3263,1.021296,1.021428,1.021060,1.021244,1000
3264,3264,1.020993,1.021059,1.020901,1.020980,1000
3265,3265,1.020519,1.020651,1.020369,1.020510,1000
3266,3266,1.019976,1.020142,1.019826,1.019984,1000
3267,3267,1.019385,1.019562,1.019201,1.019382,1000
3268,3268,1.018794,1.018971,1.018618,1.018794,1000
3269,3269,1.018646,1.018671,1.018565,1.018618,1000
3270,3270,1.017611,1.017947,1.017373,1.017660,1000
3271,3271,1.016696,1.016976,1.016391,1.016683,1000
3272,3272,1.016510,1.016540,1.016417,1.016479,1000
3273,3273,1.016472,1.016439,1.016405,1.016422,1000
3274,3274,1.016486,1.016610,1.016524,1.016567,1000
3275,3275,1.017169,1.017421,1.017027,1.017224,1000
3276,3276,1.017191,1.017193,1.017167,1.017180,1000
3277,3277,1.016581,1.016784,1.016444,1.016614,1000
3278,3278,1.016437,1.016481,1.016368,1.016425,1000
3279,3279,1.016082,1.016179,1.015968,1.016073,1000
3280,3280,1.015349,1.015605,1.015204,1.015405,1000
3281,3281,1.014934,1.015022,1.014695,1.014859,1000
3282,3282,1.014310,1.014535,1.014257,1.014396,1000
3283,3283,1.014367,1.014409,1.014403,1.014406,1000
3284,3284,1.014407,1.014508,1.014461,1.014484,1000
3285,3285,1.014584,1.014581,1.014536,1.014558,1000
3286,3286,1.014807,1.014780,1.014678,1.014729,1000
3287,3287,1.014580,1.014579,1.014451,1.014515,1000
3288,3288,1.014892,1.014870,1.014706,1.014788,1000
3289,3289,1.014721,1.014823,1.014807,1.014815,1000
3290,3290,1.015119,1.015217,1.015031,1.015124,1000
3291,3291,1.015445,1.015585,1.015372,1.015479,1000
3292,3292,1.015651,1.015828,1.015667,1.015748,1000
3293,3293,1.016608,1.016870,1.016352,1.016611,1000
3294,3294,1.017899,1.018414,1.017582,1.017998,1000
3295,3295,1.018574,1.018866,1.018465,1.018665,1000
3296,3296,1.019182,1.019474,1.019101,1.019288,1000
3297,3297,1.019829,1.020015,1.019679,1.019847,1000
3298,3298,1.020294,1.020528,1.020214,1.020371,1000
3299,3299,1.020705,1.020692,1.020544,1.020618,1000
3300,3300,1.022147,1.022624,1.021697,1.022161,1000
3301,3301,1.023357,1.023655,1.022965,1.023310,1000
3302,3302,1.023892,1.024031,1.023698,1.023865,1000
3303,3303,1.023873,1.023875,1.023870,1.023873,1000
3304,3304,1.024083,1.024126,1.024009,1.024068,1000
3305,3305,1.023873,1.023894,1.023745,1.023819,1000
3306,3306,1.023134,1.023347,1.022942,1.023145,1000
3307,3307,1.022545,1.022668,1.022260,1.022464,1000
3308,3308,1.021745,1.021972,1.021551,1.021762,1000
3309,3309,1.020945,1.021219,1.020753,1.020986,1000
3310,3310,1.019394,1.019851,1.018879,1.019365,1000
3311,3311,1.017545,1.018079,1.016979,1.017529,1000
3312,3312,1.016307,1.016663,1.015921,1.016292,1000
3313,3313,1.015282,1.015588,1.014986,1.015287,1000
3314,3314,1.014375,1.014572,1.013960,1.014266,1000
3315,3315,1.014241,1.014239,1.014215,1.014227,1000
3316,3316,1.013798,1.013931,1.013677,1.013804,1000
3317,3317,1.013678,1.013734,1.013674,1.013704,1000
3318,3318,1.014394,1.014603,1.014188,1.014396,1000
3319,3319,1.014444,1.014495,1.014449,1.014472,1000
3320,3320,1.014410,1.014378,1.014297,1.014337,1000
3321,3321,1.014166,1.014203,1.014088,1.014145,1000
3322,3322,1.014648,1.014701,1.014445,1.014573,1000
3323,3323,1.014896,1.015045,1.014827,1.014936,1000
3324,3324,1.015394,1.015493,1.015236,1.015365,1000
3325,3325,1.015888,1.016020,1.015718,1.015869,1000
3326,3326,1.016267,1.016386,1.016147,1.016266,1000
3327,3327,1.016426,1.016537,1.016412,1.016475,1000
3328,3328,1.016364,1.016352,1.016246,1.016299,1000
3329,3329,1.016546,1.016585,1.016453,1.016519,1000
3330,3330,1.016789,1.016786,1.016663,1.016725,1000
3331,3331,1.015967,1.016181,1.015716,1.015949,1000
3332,3332,1.014981,1.015280,1.014707,1.014993,1000
3333,3333,1.014302,1.014505,1.014086,1.014295,1000
3334,3334,1.013864,1.013983,1.013715,1.013849,1000
3335,3335,1.013044,1.013239,1.012717,1.012978,1000
3336,3336,1.012259,1.012460,1.012017,1.012239,1000
3337,3337,1.011304,1.011545,1.010951,1.011248,1000
3338,3338,1.009741,1.010167,1.009242,1.009704,1000
3339,3339,1.008838,1.009107,1.008596,1.008851,1000
3340,3340,1.008511,1.008618,1.008418,1.008518,1000
3341,3341,1.007680,1.007898,1.007366,1.007632,1000
3342,3342,1.006541,1.006881,1.006238,1.006559,1000
3343,3343,1.005990,1.006182,1.005859,1.006021,1000
3344,3344,1.005856,1.005885,1.005769,1.005827,1000
3345,3345,1.005583,1.005675,1.005545,1.005610,1000
3346,3346,1.006036,1.006183,1.005919,1.006051,1000
3347,3347,1.005676,1.005799,1.005583,1.005691,1000
3348,3348,1.004957,1.005158,1.004701,1.004930,1000
3349,3349,1.004885,1.004869,1.004817,1.004843,1000
3350,3350,1.004691,1.004808,1.004778,1.004793,1000
3351,3351,1.005112,1.005288,1.005060,1.005174,1000
3352,3352,1.005633,1.005903,1.005567,1.005735,1000
3353,3353,1.005540,1.005559,1.005407,1.005483,1000
3354,3354,1.006091,1.006267,1.005905,1.006086,1000
3355,3355,1.006730,1.006946,1.006549,1.006748,1000
3356,3356,1.007642,1.007865,1.007349,1.007607,1000
3357,3357,1.007869,1.007870,1.007749,1.007810,1000
3358,3358,1.007971,1.008044,1.007936,1.007990,1000
3359,3359,1.008888,1.009251,1.008669,1.008960,1000
3360,3360,1.009539,1.009786,1.009404,1.009595,1000
3361,3361,1.009308,1.009392,1.009218,1.009305,1000
3362,3362,1.009167,1.009181,1.009074,1.009127,1000
3363,3363,1.009154,1.009167,1.009149,1.009158,1000
3364,3364,1.009064,1.009106,1.009061,1.009083,1000
3365,3365,1.009636,1.009809,1.009474,1.009641,1000
3366,3366,1.009590,1.009669,1.009656,1.009662,1000
3367,3367,1.009938,1.010075,1.009884,1.009980,1000
3368,3368,1.009726,1.009811,1.009666,1.009738,1000
3369,3369,1.009390,1.009444,1.009192,1.009318,1000
3370,3370,1.008941,1.008994,1.008717,1.008855,1000
3371,3371,1.008731,1.008801,1.008755,1.008778,1000
3372,3372,1.009081,1.009088,1.008945,1.009017,1000
3373,3373,1.008456,1.008641,1.008319,1.008480,1000
3374,3374,1.008112,1.008223,1.008002,1.008112,1000
3375,3375,1.007310,1.007568,1.007102,1.007335,1000
3376,3376,1.006220,1.006509,1.005802,1.006156,1000
3377,3377,1.004899,1.005232,1.004441,1.004837,1000
3378,3378,1.003715,1.004040,1.003357,1.003698,1000
3379,3379,1.002795,1.003077,1.002545,1.002811,1000
3380,3380,1.002115,1.002332,1.001922,1.002127,1000
3381,3381,1.001605,1.001784,1.001490,1.001637,1000
3382,3382,1.000554,1.000877,1.000226,1.000551,1000
3383,3383,0.999656,0.999913,0.999367,0.999640,1000
3384,3384,0.998781,0.998995,0.998442,0.998718,1000
3385,3385,0.997845,0.998117,0.997602,0.997859,1000
3386,3386,0.996909,0.997215,0.996663,0.996939,1000
3387,3387,0.995951,0.996216,0.995597,0.995907,1000
3388,3388,0.994758,0.995101,0.994411,0.994756,1000
3389,3389,0.993584,0.993930,0.993223,0.993577,1000
3390,3390,0.992912,0.993095,0.992683,0.992889,1000
3391,3391,0.991996,0.992284,0.991766,0.992025,1000
3392,3392,0.991777,0.991824,0.991653,0.991739,1000
3393,3393,0.990974,0.991171,0.990685,0.990928,1000
3394,3394,0.990568,0.990605,0.990328,0.990467,1000
3395,3395,0.989827,0.990023,0.989643,0.989833,1000
3396,3396,0.989015,0.989300,0.988844,0.989072,1000
3397,3397,0.988637,0.988799,0.988566,0.988682,1000
3398,3398,0.989459,0.989638,0.989197,0.989418,1000
3399,3399,0.990468,0.990739,0.990129,0.990434,1000
3400,3400,0.991164,0.991360,0.990932,0.991146,1000
3401,3401,0.991552,0.991640,0.991412,0.991526,1000
3402,3402,0.991830,0.991871,0.991711,0.991791,1000
3403,3403,0.991903,0.991911,0.991855,0.991883,1000
3404,3404,0.992329,0.992464,0.992196,0.992330,1000
3405,3405,0.992944,0.993197,0.992797,0.992997,1000
3406,3406,0.993457,0.993604,0.993324,0.993464,1000
3407,3407,0.994185,0.994416,0.993976,0.994196,1000
3408,3408,0.994771,0.994872,0.994560,0.994716,1000
3409,3409,0.995702,0.996038,0.995428,0.995733,1000
3410,3410,0.996851,0.997114,0.996476,0.996795,1000
3411,3411,0.997673,0.997905,0.997393,0.997649,1000
3412,3412,0.998105,0.998256,0.997976,0.998116,1000
3413,3413,0.998227,0.998290,0.998210,0.998250,1000
3414,3414,0.998996,0.999244,0.998785,0.999014,1000
3415,3415,0.999525,0.999649,0.999356,0.999502,1000
3416,3416,0.999572,0.999630,0.999571,0.999600,1000
3417,3417,0.999720,0.999749,0.999680,0.999715,1000
3418,3418,1.000462,1.000676,1.000232,1.000454,1000
3419,3419,1.001930,1.002361,1.001480,1.001921,1000
3420,3420,1.003883,1.004545,1.003333,1.003939,1000
3421,3421,1.004871,1.005123,1.004576,1.004850,1000
3422,3422,1.005612,1.005865,1.005396,1.005630,1000
3423,3423,1.006409,1.006614,1.006160,1.006387,1000
3424,3424,1.007239,1.007512,1.006993,1.007253,1000
3425,3425,1.007938,1.008165,1.007744,1.007955,1000
3426,3426,1.008382,1.008620,1.008313,1.008467,1000
3427,3427,1.008265,1.008326,1.008205,1.008266,1000
3428,3428,1.007867,1.008007,1.007785,1.007896,1000
3429,3429,1.007695,1.007737,1.007602,1.007669,1000
3430,3430,1.008247,1.008410,1.008068,1.008239,1000
3431,3431,1.008403,1.008348,1.008298,1.008323,1000
3432,3432,1.009410,1.009781,1.009108,1.009444,1000
3433,3433,1.011278,1.011758,1.010690,1.011224,1000
3434,3434,1.011653,1.011752,1.011508,1.011630,1000
3435,3435,1.011939,1.011980,1.011819,1.011900,1000
3436,3436,1.012610,1.012803,1.012386,1.012594,1000
3437,3437,1.012839,1.012970,1.012797,1.012883,1000
3438,3438,1.012075,1.012321,1.011839,1.012080,1000
3439,3439,1.011607,1.011745,1.011457,1.011601,1000
3440,3440,1.011388,1.011357,1.011147,1.011252,1000
3441,3441,1.010397,1.010645,1.010126,1.010386,1000
3442,3442,1.010471,1.010486,1.010440,1.010463,1000
3443,3443,1.010653,1.010748,1.010616,1.010682,1000
3444,3444,1.010528,1.010548,1.010433,1.010490,1000
3445,3445,1.009941,1.010092,1.009750,1.009921,1000
3446,3446,1.009998,1.009951,1.009937,1.009944,1000
3447,3447,1.010298,1.010464,1.010224,1.010344,1000
3448,3448,1.010255,1.010221,1.010115,1.010168,1000
3449,3449,1.010336,1.010375,1.010279,1.010327,1000
3450,3450,1.009937,1.010011,1.009740,1.009875,1000
3451,3451,1.009262,1.009410,1.009011,1.009210,1000
3452,3452,1.008594,1.008779,1.008409,1.008594,1000
3453,3453,1.007916,1.008118,1.007711,1.007914,1000
3454,3454,1.008117,1.008212,1.008075,1.008143,1000
3455,3455,1.008383,1.008509,1.008340,1.008424,1000
3456,3456,1.008641,1.008720,1.008584,1.008652,1000
3457,3457,1.008824,1.008930,1.008802,1.008866,1000
3458,3458,1.008294,1.008524,1.008231,1.008377,1000
3459,3459,1.007299,1.007680,1.007083,1.007381,1000
3460,3460,1.007891,1.008023,1.007727,1.007875,1000
3461,3461,1.009051,1.009439,1.008717,1.009078,1000
3462,3462,1.009972,1.010289,1.009730,1.010009,1000
3463,3463,1.011243,1.011651,1.010893,1.011272,1000
3464,3464,1.012132,1.012366,1.011861,1.012113,1000
3465,3465,1.012322,1.012453,1.012296,1.012375,1000
3466,3466,1.012588,1.012587,1.012489,1.012538,1000
3467,3467,1.013463,1.013613,1.013117,1.013365,1000
3468,3468,1.013749,1.013803,1.013601,1.013702,1000
3469,3469,1.013925,1.013959,1.013840,1.013899,1000
3470,3470,1.014551,1.014769,1.014368,1.014568,1000
3471,3471,1.015992,1.016332,1.015517,1.015925,1000
3472,3472,1.017272,1.017619,1.016837,1.017228,1000
3473,3473,1.017991,1.018228,1.017766,1.017997,1000
3474,3474,1.018202,1.018167,1.018089,1.018128,1000
3475,3475,1.018181,1.018197,1.018165,1.018181,1000
3476,3476,1.017614,1.017787,1.017450,1.017619,1000
3477,3477,1.016169,1.016567,1.015667,1.016117,1000
3478,3478,1.014500,1.014976,1.014000,1.014488,1000
3479,3479,1.012840,1.013377,1.012426,1.012902,1000
3480,3480,1.010991,1.011493,1.010287,1.010890,1000
3481,3481,1.008781,1.009441,1.008202,1.008822,1000
3482,3482,1.006528,1.007196,1.005805,1.006501,1000
3483,3483,1.005068,1.005513,1.004667,1.005090,1000
3484,3484,1.002918,1.003555,1.002241,1.002898,1000
3485,3485,1.000930,1.001551,1.000398,1.000974,1000
3486,3486,0.998902,0.999557,0.998344,0.998951,1000
3487,3487,0.997235,0.997752,0.996726,0.997239,1000
3488,3488,0.995660,0.996117,0.995156,0.995636,1000
3489,3489,0.994257,0.994659,0.993823,0.994241,1000
3490,3490,0.993540,0.993724,0.993281,0.993502,1000
3491,3491,0.992796,0.993044,0.992652,0.992848,1000
3492,3492,0.992246,0.992442,0.992094,0.992268,1000
3493,3493,0.991534,0.991716,0.991243,0.991479,1000
3494,3494,0.990698,0.990921,0.990442,0.990681,1000
3495,3495,0.990251,0.990358,0.990081,0.990220,1000
3496,3496,0.989463,0.989657,0.989176,0.989417,1000
3497,3497,0.988781,0.988892,0.988442,0.988667,1000
3498,3498,0.988223,0.988379,0.988132,0.988255,1000
3499,3499,0.987632,0.987903,0.987601,0.987752,1000
3500,3500,0.986750,0.987052,0.986452,0.986752,1000
3501,3501,0.985919,0.986221,0.985767,0.985994,1000
3502,3502,0.985203,0.985411,0.984911,0.985161,1000
3503,3503,0.984034,0.984403,0.983755,0.984079,1000
3504,3504,0.983914,0.984000,0.983932,0.983966,1000
3505,3505,0.983669,0.983806,0.983668,0.983737,1000
3506,3506,0.983546,0.983674,0.983619,0.983646,1000
3507,3507,0.983162,0.983274,0.982955,0.983115,1000
3508,3508,0.982943,0.983037,0.982970,0.983003,1000
3509,3509,0.981938,0.982249,0.981602,0.981925,1000
3510,3510,0.981210,0.981462,0.981066,0.981264,1000
3511,3511,0.980208,0.980549,0.979936,0.980243,1000
3512,3512,0.979767,0.979930,0.979662,0.979796,1000
3513,3513,0.979308,0.979448,0.979150,0.979299,1000
3514,3514,0.978778,0.978893,0.978544,0.978718,1000
3515,3515,0.979160,0.979272,0.979017,0.979145,1000
3516,3516,0.979777,0.980015,0.979613,0.979814,1000
3517,3517,0.980140,0.980200,0.980022,0.980111,1000
3518,3518,0.980652,0.980856,0.980512,0.980684,1000
3519,3519,0.980844,0.980895,0.980798,0.980846,1000
3520,3520,0.980762,0.980770,0.980705,0.980738,1000
3521,3521,0.981063,0.981090,0.980927,0.981009,1000
3522,3522,0.981177,0.981184,0.981103,0.981143,1000
3523,3523,0.980534,0.980675,0.980274,0.980475,1000
3524,3524,0.979909,0.980110,0.979797,0.979953,1000
3525,3525,0.979421,0.979567,0.979236,0.979402,1000
3526,3526,0.978214,0.978582,0.977880,0.978231,1000
3527,3527,0.977363,0.977671,0.977191,0.977431,1000
3528,3528,0.975910,0.976426,0.975565,0.975996,1000
3529,3529,0.975255,0.975453,0.974987,0.975220,1000
3530,3530,0.974249,0.974577,0.974027,0.974302,1000
3531,3531,0.972949,0.973341,0.972517,0.972929,1000
3532,3532,0.971732,0.972076,0.971346,0.971711,1000
3533,3533,0.970793,0.971094,0.970565,0.970829,1000
3534,3534,0.969461,0.969872,0.969053,0.969463,1000
3535,3535,0.968166,0.968575,0.967815,0.968195,1000
3536,3536,0.967076,0.967387,0.966694,0.967041,1000
3537,3537,0.966299,0.966497,0.966031,0.966264,1000
3538,3538,0.965443,0.965644,0.965113,0.965379,1000
3539,3539,0.964692,0.964854,0.964405,0.964629,1000
3540,3540,0.965003,0.965153,0.964911,0.965032,1000
3541,3541,0.965379,0.965515,0.965292,0.965404,1000
3542,3542,0.966496,0.966822,0.966167,0.966495,1000
3543,3543,0.967079,0.967307,0.966932,0.967120,1000
3544,3544,0.966620,0.966781,0.966491,0.966636,1000
3545,3545,0.966709,0.966742,0.966693,0.966718,1000
3546,3546,0.967327,0.967512,0.967145,0.967329,1000
3547,3547,0.968148,0.968370,0.967889,0.968129,1000
3548,3548,0.968062,0.968108,0.968089,0.968098,1000
3549,3549,0.967825,0.967824,0.967589,0.967706,1000
3550,3550,0.967485,0.967538,0.967393,0.967465,1000
3551,3551,0.968144,0.968313,0.967922,0.968117,1000
3552,3552,0.968277,0.968312,0.968222,0.968267,1000
3553,3553,0.968272,0.968396,0.968337,0.968367,1000
3554,3554,0.968253,0.968313,0.968267,0.968290,1000
3555,3555,0.968217,0.968177,0.968081,0.968129,1000
3556,3556,0.968358,0.968470,0.968313,0.968391,1000
3557,3557,0.968299,0.968340,0.968296,0.968318,1000
3558,3558,0.967503,0.967761,0.967284,0.967523,1000
3559,3559,0.966614,0.966895,0.966358,0.966627,1000
3560,3560,0.965702,0.965960,0.965389,0.965675,1000
3561,3561,0.965431,0.965493,0.965337,0.965415,1000
3562,3562,0.964562,0.964826,0.964321,0.964574,1000
3563,3563,0.964232,0.964302,0.964069,0.964185,1000
3564,3564,0.963616,0.963809,0.963487,0.963648,1000
3565,3565,0.962448,0.962843,0.962153,0.962498,1000
3566,3566,0.961222,0.961602,0.960834,0.961218,1000
3567,3567,0.960298,0.960591,0.960055,0.960323,1000
3568,3568,0.960130,0.960187,0.960070,0.960128,1000
3569,3569,0.959598,0.959778,0.959479,0.959629,1000
3570,3570,0.958504,0.958793,0.958078,0.958436,1000
3571,3571,0.957445,0.957714,0.957095,0.957404,1000
3572,3572,0.956236,0.956562,0.955840,0.956201,1000
3573,3573,0.954990,0.955330,0.954584,0.954957,1000
3574,3574,0.953613,0.954004,0.953188,0.953596,1000
3575,3575,0.952581,0.952842,0.952195,0.952519,1000
3576,3576,0.951561,0.951841,0.951260,0.951551,1000
3577,3577,0.950553,0.950903,0.950348,0.950625,1000
3578,3578,0.949892,0.950123,0.949693,0.949908,1000
3579,3579,0.948841,0.949166,0.948530,0.948848,1000
3580,3580,0.948020,0.948226,0.947694,0.947960,1000
3581,3581,0.946711,0.947055,0.946280,0.946667,1000
3582,3582,0.944756,0.945321,0.944169,0.944745,1000
3583,3583,0.942465,0.943095,0.941683,0.942389,1000
3584,3584,0.940428,0.941011,0.939831,0.940421,1000
3585,3585,0.939038,0.939445,0.938609,0.939027,1000
3586,3586,0.937516,0.938009,0.937138,0.937574,1000
3587,3587,0.936824,0.937022,0.936550,0.936786,1000
3588,3588,0.936102,0.936298,0.935879,0.936088,1000
3589,3589,0.936263,0.936275,0.936189,0.936232,1000
3590,3590,0.936657,0.936917,0.936600,0.936759,1000
3591,3591,0.936800,0.936800,0.936781,0.936790,1000
3592,3592,0.936329,0.936403,0.936072,0.936238,1000
3593,3593,0.935991,0.936045,0.935880,0.935962,1000
3594,3594,0.935529,0.935621,0.935328,0.935475,1000
3595,3595,0.934603,0.934858,0.934329,0.934593,1000
3596,3596,0.933747,0.934015,0.933520,0.933768,1000
3597,3597,0.933428,0.933557,0.933377,0.933467,1000
3598,3598,0.932775,0.933004,0.932607,0.932805,1000
3599,3599,0.931951,0.932215,0.931709,0.931962,1000
3600,3600,0.930080,0.930645,0.929518,0.930081,1000
3601,3601,0.927921,0.928517,0.927178,0.927847,1000
3602,3602,0.926316,0.926799,0.925901,0.926350,1000
3603,3603,0.924043,0.924746,0.923374,0.924060,1000
3604,3604,0.922042,0.922665,0.921470,0.922068,1000
3605,3605,0.919468,0.920286,0.918762,0.919524,1000
3606,3606,0.917662,0.918239,0.917139,0.917689,1000
3607,3607,0.916997,0.917140,0.916671,0.916906,1000
3608,3608,0.916497,0.916620,0.916375,0.916498,1000
3609,3609,0.916157,0.916253,0.916043,0.916148,1000
3610,3610,0.916399,0.916448,0.916310,0.916379,1000
3611,3611,0.916875,0.917028,0.916728,0.916878,1000
3612,3612,0.916715,0.916724,0.916592,0.916658,1000
3613,3613,0.916710,0.916651,0.916645,0.916648,1000
3614,3614,0.916206,0.916302,0.916005,0.916154,1000
3615,3615,0.916055,0.916136,0.916121,0.916129,1000
3616,3616,0.915487,0.915682,0.915299,0.915491,1000
3617,3617,0.914993,0.915143,0.914845,0.914994,1000
3618,3618,0.913933,0.914322,0.913746,0.914034,1000
3619,3619,0.913850,0.913860,0.913711,0.913785,1000
3620,3620,0.913414,0.913544,0.913336,0.913440,1000
3621,3621,0.912664,0.912891,0.912420,0.912656,1000
3622,3622,0.911131,0.911577,0.910654,0.911116,1000
3623,3623,0.909791,0.910178,0.909375,0.909777,1000
3624,3624,0.908161,0.908699,0.907777,0.908238,1000
3625,3625,0.906602,0.907148,0.906215,0.906682,1000
3626,3626,0.906004,0.906199,0.905787,0.905993,1000
3627,3627,0.904848,0.905185,0.904493,0.904839,1000
3628,3628,0.903262,0.903718,0.902758,0.903238,1000
3629,3629,0.902165,0.902535,0.901934,0.902234,1000
3630,3630,0.900913,0.901334,0.900562,0.900948,1000
3631,3631,0.899851,0.900150,0.899466,0.899808,1000
3632,3632,0.898977,0.899245,0.898762,0.899003,1000
3633,3633,0.898223,0.898486,0.898043,0.898264,1000
3634,3634,0.896929,0.897355,0.896576,0.896965,1000
3635,3635,0.895377,0.895801,0.894805,0.895303,1000
3636,3636,0.894329,0.894648,0.894087,0.894368,1000
3637,3637,0.893899,0.894078,0.893829,0.893954,1000
3638,3638,0.893956,0.893928,0.893905,0.893916,1000
3639,3639,0.894134,0.894188,0.894062,0.894125,1000
3640,3640,0.894810,0.894997,0.894595,0.894796,1000
3641,3641,0.895211,0.895303,0.895069,0.895186,1000
3642,3642,0.894748,0.894866,0.894592,0.894729,1000
3643,3643,0.894873,0.894898,0.894820,0.894859,1000
3644,3644,0.894821,0.894897,0.894880,0.894889,1000
3645,3645,0.895059,0.895089,0.894996,0.895043,1000
3646,3646,0.895226,0.895345,0.895205,0.895275,1000
3647,3647,0.895527,0.895589,0.895444,0.895517,1000
3648,3648,0.896084,0.896265,0.895920,0.896092,1000
3649,3649,0.896964,0.897137,0.896655,0.896896,1000
3650,3650,0.897087,0.897125,0.897019,0.897072,1000
3651,3651,0.896572,0.896760,0.896493,0.896627,1000
3652,3652,0.896353,0.896478,0.896351,0.896415,1000
3653,3653,0.895849,0.895976,0.895600,0.895788,1000
3654,3654,0.896130,0.896186,0.896002,0.896094,1000
3655,3655,0.897322,0.897621,0.896916,0.897268,1000
3656,3656,0.897531,0.897624,0.897460,0.897542,1000
3657,3657,0.897602,0.897542,0.897541,0.897541,1000
3658,3658,0.898047,0.898183,0.897887,0.898035,1000
3659,3659,0.898778,0.899000,0.898555,0.898777,1000
3660,3660,0.899510,0.899684,0.899265,0.899475,1000
3661,3661,0.899858,0.899930,0.899720,0.899825,1000
3662,3662,0.899655,0.899684,0.899563,0.899623,1000
3663,3663,0.899098,0.899212,0.898859,0.899036,1000
3664,3664,0.897700,0.898088,0.897276,0.897682,1000
3665,3665,0.896458,0.896794,0.896033,0.896414,1000
3666,3666,0.894545,0.895142,0.894054,0.894598,1000
3667,3667,0.892558,0.893225,0.892051,0.892638,1000
3668,3668,0.890690,0.891264,0.890088,0.890676,1000
3669,3669,0.889186,0.889595,0.888670,0.889133,1000
3670,3670,0.887545,0.888021,0.887070,0.887546,1000
3671,3671,0.886448,0.886793,0.886148,0.886470,1000
3672,3672,0.885381,0.885723,0.885084,0.885403,1000
3673,3673,0.884660,0.884885,0.884441,0.884663,1000
3674,3674,0.883498,0.883828,0.883114,0.883471,1000
3675,3675,0.882525,0.882774,0.882176,0.882475,1000
3676,3676,0.881363,0.881687,0.881012,0.881349,1000
3677,3677,0.880272,0.880624,0.880002,0.880313,1000
3678,3678,0.878636,0.879113,0.878086,0.878599,1000
3679,3679,0.877176,0.877643,0.876825,0.877234,1000
3680,3680,0.876665,0.876818,0.876461,0.876639,1000
3681,3681,0.875722,0.876003,0.875459,0.875731,1000
3682,3682,0.875486,0.875585,0.875459,0.875522,1000
3683,3683,0.874370,0.874733,0.874057,0.874395,1000
3684,3684,0.874340,0.874334,0.874282,0.874308,1000
3685,3685,0.873865,0.874024,0.873780,0.873902,1000
3686,3686,0.873637,0.873765,0.873648,0.873707,1000
3687,3687,0.874606,0.874876,0.874336,0.874606,1000
3688,3688,0.875332,0.875561,0.875120,0.875341,1000
3689,3689,0.876285,0.876582,0.876009,0.876296,1000
3690,3690,0.877183,0.877483,0.876935,0.877209,1000
3691,3691,0.877459,0.877588,0.877413,0.877500,1000
3692,3692,0.877992,0.878057,0.877800,0.877929,1000
3693,3693,0.877809,0.877834,0.877752,0.877793,1000
3694,3694,0.877466,0.877572,0.877383,0.877477,1000
3695,3695,0.876726,0.876964,0.876525,0.876745,1000
3696,3696,0.876391,0.876477,0.876247,0.876362,1000
3697,3697,0.876345,0.876288,0.876224,0.876256,1000
3698,3698,0.875705,0.875889,0.875574,0.875732,1000
3699,3699,0.875531,0.875619,0.875522,0.875570,1000
3700,3700,0.876007,0.876138,0.875876,0.876007,1000
3701,3701,0.876355,0.876464,0.876253,0.876359,1000
3702,3702,0.876111,0.876185,0.876036,0.876111,1000
3703,3703,0.876687,0.876840,0.876504,0.876672,1000
3704,3704,0.877023,0.877073,0.876888,0.876981,1000
3705,3705,0.876500,0.876619,0.876310,0.876465,1000
3706,3706,0.876191,0.876304,0.876167,0.876236,1000
3707,3707,0.875756,0.875871,0.875559,0.875715,1000
3708,3708,0.875189,0.875338,0.875014,0.875176,1000
3709,3709,0.874733,0.874874,0.874616,0.874745,1000
3710,3710,0.874807,0.874769,0.874758,0.874764,1000
3711,3711,0.874630,0.874697,0.874640,0.874668,1000
3712,3712,0.874034,0.874296,0.873977,0.874136,1000
3713,3713,0.874065,0.874071,0.874015,0.874043,1000
3714,3714,0.873847,0.873867,0.873716,0.873792,1000
3715,3715,0.873268,0.873389,0.873044,0.873217,1000
3716,3716,0.872888,0.873024,0.872860,0.872942,1000
3717,3717,0.871974,0.872262,0.871680,0.871971,1000
3718,3718,0.871065,0.871323,0.870768,0.871046,1000
3719,3719,0.870511,0.870677,0.870361,0.870519,1000
3720,3720,0.870333,0.870391,0.870281,0.870336,1000
3721,3721,0.869647,0.869863,0.869457,0.869660,1000
3722,3722,0.868842,0.869060,0.868546,0.868803,1000
3723,3723,0.867730,0.868041,0.867388,0.867714,1000
3724,3724,0.867051,0.867206,0.866770,0.866988,1000
3725,3725,0.865966,0.866288,0.865688,0.865988,1000
3726,3726,0.865138,0.865417,0.864929,0.865173,1000
3727,3727,0.865428,0.865545,0.865373,0.865459,1000
3728,3728,0.865792,0.865825,0.865656,0.865741,1000
3729,3729,0.865547,0.865633,0.865540,0.865586,1000
3730,3730,0.865409,0.865488,0.865404,0.865446,1000
3731,3731,0.864903,0.865023,0.864661,0.864842,1000
3732,3732,0.864296,0.864442,0.864100,0.864271,1000
3733,3733,0.863465,0.863739,0.863283,0.863511,1000
3734,3734,0.863224,0.863300,0.863119,0.863209,1000
3735,3735,0.862241,0.862564,0.862011,0.862287,1000
3736,3736,0.861573,0.861764,0.861316,0.861540,1000
3737,3737,0.861356,0.861391,0.861264,0.861327,1000
3738,3738,0.861948,0.862222,0.861809,0.862015,1000
3739,3739,0.862232,0.862381,0.862212,0.862297,1000
3740,3740,0.862964,0.863128,0.862744,0.862936,1000
3741,3741,0.863825,0.864130,0.863579,0.863854,1000
3742,3742,0.865015,0.865382,0.864677,0.865029,1000
3743,3743,0.865714,0.865962,0.865531,0.865747,1000
3744,3744,0.865525,0.865601,0.865476,0.865538,1000
3745,3745,0.865251,0.865286,0.865069,0.865177,1000
3746,3746,0.864342,0.864622,0.864147,0.864385,1000
3747,3747,0.863752,0.863936,0.863552,0.863744,1000
3748,3748,0.862479,0.862850,0.862085,0.862468,1000
3749,3749,0.861766,0.861958,0.861521,0.861739,1000
3750,3750,0.860404,0.860764,0.859928,0.860346,1000
3751,3751,0.859685,0.859907,0.859532,0.859719,1000
3752,3752,0.858564,0.858943,0.858278,0.858610,1000
3753,3753,0.857317,0.857702,0.856925,0.857314,1000
3754,3754,0.856032,0.856489,0.855782,0.856136,1000
3755,3755,0.854632,0.855080,0.854176,0.854628,1000
3756,3756,0.853465,0.853786,0.853064,0.853425,1000
3757,3757,0.852178,0.852563,0.851825,0.852194,1000
3758,3758,0.851236,0.851489,0.850885,0.851187,1000
3759,3759,0.850694,0.850862,0.850584,0.850723,1000
3760,3760,0.850279,0.850446,0.850209,0.850327,1000
3761,3761,0.849660,0.849802,0.849352,0.849577,1000
3762,3762,0.848836,0.849088,0.848669,0.848878,1000
3763,3763,0.847533,0.847993,0.847235,0.847614,1000
3764,3764,0.846223,0.846684,0.845888,0.846286,1000
3765,3765,0.845021,0.845400,0.844641,0.845020,1000
3766,3766,0.843588,0.844033,0.843188,0.843611,1000
3767,3767,0.842862,0.843090,0.842644,0.842867,1000
3768,3768,0.841922,0.842168,0.841569,0.841868,1000
3769,3769,0.840432,0.840851,0.839981,0.840416,1000
3770,3770,0.839148,0.839538,0.838786,0.839162,1000
3771,3771,0.838009,0.838365,0.837682,0.838023,1000
3772,3772,0.836246,0.836792,0.835739,0.836266,1000
3773,3773,0.834519,0.835033,0.833979,0.834506,1000
3774,3774,0.833191,0.833580,0.832787,0.833183,1000
3775,3775,0.832504,0.832691,0.832269,0.832480,1000
3776,3776,0.831341,0.831659,0.830957,0.831308,1000
3777,3777,0.830796,0.830965,0.830671,0.830818,1000
3778,3778,0.830314,0.830499,0.830226,0.830362,1000
3779,3779,0.830293,0.830352,0.830343,0.830347,1000
3780,3780,0.830668,0.830727,0.830552,0.830639,1000
3781,3781,0.830583,0.830620,0.830604,0.830612,1000
3782,3782,0.831093,0.831231,0.830945,0.831088,1000
3783,3783,0.831561,0.831606,0.831367,0.831486,1000
3784,3784,0.832516,0.832790,0.832188,0.832489,1000
3785,3785,0.832588,0.832465,0.832445,0.832455,1000
3786,3786,0.832211,0.832276,0.832123,0.832199,1000
3787,3787,0.831679,0.831810,0.831476,0.831643,1000
3788,3788,0.831143,0.831285,0.830979,0.831132,1000
3789,3789,0.830477,0.830644,0.830226,0.830435,1000
3790,3790,0.830405,0.830378,0.830329,0.830353,1000
3791,3791,0.830107,0.830185,0.830041,0.830113,1000
3792,3792,0.829828,0.829899,0.829716,0.829808,1000
3793,3793,0.829838,0.829828,0.829819,0.829823,1000
3794,3794,0.829436,0.829530,0.829280,0.829405,1000
3795,3795,0.829178,0.829281,0.829174,0.829227,1000
3796,3796,0.829047,0.829076,0.828946,0.829011,1000
3797,3797,0.828264,0.828512,0.828085,0.828299,1000
3798,3798,0.828196,0.828194,0.828104,0.828149,1000
3799,3799,0.827703,0.827850,0.827595,0.827723,1000
3800,3800,0.827535,0.827604,0.827503,0.827553,1000
3801,3801,0.827675,0.827758,0.827664,0.827711,1000
3802,3802,0.827424,0.827471,0.827265,0.827368,1000
3803,3803,0.826559,0.826754,0.826227,0.826491,1000
3804,3804,0.825610,0.825912,0.825416,0.825664,1000
3805,3805,0.824943,0.825244,0.824884,0.825064,1000
3806,3806,0.825162,0.825119,0.825094,0.825107,1000
3807,3807,0.824641,0.824797,0.824531,0.824664,1000
3808,3808,0.823492,0.823843,0.823140,0.823491,1000
3809,3809,0.822344,0.822651,0.821931,0.822291,1000
3810,3810,0.820856,0.821288,0.820430,0.820859,1000
3811,3811,0.819783,0.820032,0.819323,0.819677,1000
3812,3812,0.818005,0.818497,0.817486,0.817992,1000
3813,3813,0.817036,0.817327,0.816757,0.817042,1000
3814,3814,0.816422,0.816589,0.816201,0.816395,1000
3815,3815,0.816159,0.816257,0.816138,0.816197,1000
3816,3816,0.815518,0.815737,0.815342,0.815539,1000
3817,3817,0.815512,0.815470,0.815410,0.815440,1000
3818,3818,0.815870,0.815984,0.815733,0.815859,1000
3819,3819,0.816624,0.816892,0.816415,0.816653,1000
3820,3820,0.816701,0.816717,0.816688,0.816703,1000
3821,3821,0.817471,0.817628,0.817201,0.817414,1000
3822,3822,0.817829,0.817987,0.817723,0.817855,1000
3823,3823,0.817891,0.817877,0.817867,0.817872,1000
3824,3824,0.818022,0.818049,0.817967,0.818008,1000
3825,3825,0.818399,0.818485,0.818265,0.818375,1000
3826,3826,0.819501,0.819849,0.819168,0.819509,1000
3827,3827,0.820303,0.820676,0.820137,0.820407,1000
3828,3828,0.821863,0.822310,0.821431,0.821871,1000
3829,3829,0.822736,0.822936,0.822444,0.822690,1000
3830,3830,0.824159,0.824631,0.823734,0.824182,1000
3831,3831,0.825347,0.825726,0.825013,0.825370,1000
3832,3832,0.826395,0.826719,0.826096,0.826408,1000
3833,3833,0.827201,0.827526,0.827010,0.827268,1000
3834,3834,0.828289,0.828649,0.828011,0.828330,1000
3835,3835,0.828831,0.828925,0.828651,0.828788,1000
3836,3836,0.829487,0.829678,0.829267,0.829472,1000
3837,3837,0.829672,0.829652,0.829569,0.829611,1000
3838,3838,0.829514,0.829510,0.829425,0.829468,1000
3839,3839,0.829136,0.829193,0.828959,0.829076,1000
3840,3840,0.829570,0.829586,0.829350,0.829468,1000
3841,3841,0.829508,0.829598,0.829538,0.829568,1000
3842,3842,0.829537,0.829560,0.829552,0.829556,1000
3843,3843,0.829469,0.829477,0.829410,0.829443,1000
3844,3844,0.829399,0.829422,0.829403,0.829412,1000
3845,3845,0.828657,0.828891,0.828445,0.828668,1000
3846,3846,0.828177,0.828328,0.828037,0.828182,1000
3847,3847,0.827594,0.827795,0.827464,0.827630,1000
3848,3848,0.827802,0.827789,0.827716,0.827753,1000
3849,3849,0.827173,0.827374,0.827049,0.827211,1000
3850,3850,0.826696,0.826859,0.826557,0.826708,1000
3851,3851,0.827143,0.827269,0.827010,0.827139,1000
3852,3852,0.827921,0.828190,0.827705,0.827947,1000
3853,3853,0.829112,0.829407,0.828733,0.829070,1000
3854,3854,0.830641,0.831125,0.830176,0.830650,1000
3855,3855,0.832382,0.832883,0.831852,0.832367,1000
3856,3856,0.834293,0.834857,0.833707,0.834282,1000
3857,3857,0.836007,0.836480,0.835465,0.835972,1000
3858,3858,0.837825,0.838359,0.837257,0.837808,1000
3859,3859,0.839371,0.839906,0.838937,0.839421,1000
3860,3860,0.841345,0.841929,0.840771,0.841350,1000
3861,3861,0.842999,0.843455,0.842483,0.842969,1000
3862,3862,0.844504,0.845040,0.844083,0.844561,1000
3863,3863,0.845938,0.846365,0.845532,0.845949,1000
3864,3864,0.847086,0.847516,0.846792,0.847154,1000
3865,3865,0.848415,0.848790,0.848035,0.848412,1000
3866,3866,0.848819,0.848935,0.848694,0.848815,1000
3867,3867,0.849020,0.849100,0.848968,0.849034,1000
3868,3868,0.849375,0.849439,0.849252,0.849346,1000
3869,3869,0.850052,0.850256,0.849836,0.850046,1000
3870,3870,0.849985,0.850005,0.849971,0.849988,1000
3871,3871,0.849780,0.849825,0.849686,0.849755,1000
3872,3872,0.849688,0.849667,0.849591,0.849629,1000
3873,3873,0.849045,0.849186,0.848807,0.848997,1000
3874,3874,0.848294,0.848462,0.848004,0.848233,1000
3875,3875,0.847676,0.847789,0.847409,0.847599,1000
3876,3876,0.846797,0.847067,0.846611,0.846839,1000
3877,3877,0.846143,0.846401,0.846026,0.846214,1000
3878,3878,0.845483,0.845687,0.845236,0.845461,1000
3879,3879,0.844969,0.845121,0.844829,0.844975,1000
3880,3880,0.843256,0.843818,0.842828,0.843323,1000
3881,3881,0.842077,0.842450,0.841702,0.842076,1000
3882,3882,0.840864,0.841255,0.840553,0.840904,1000
3883,3883,0.839983,0.840205,0.839606,0.839905,1000
3884,3884,0.838937,0.839277,0.838739,0.839008,1000
3885,3885,0.838094,0.838440,0.837954,0.838197,1000
3886,3886,0.837471,0.837713,0.837298,0.837506,1000
3887,3887,0.836259,0.836630,0.835880,0.836255,1000
3888,3888,0.835717,0.835896,0.835588,0.835742,1000
3889,3889,0.835146,0.835334,0.834985,0.835159,1000
3890,3890,0.833942,0.834322,0.833605,0.833963,1000
3891,3891,0.832859,0.833183,0.832515,0.832849,1000
3892,3892,0.831536,0.831928,0.831140,0.831534,1000
3893,3893,0.830365,0.830715,0.830014,0.830364,1000
3894,3894,0.829269,0.829558,0.828868,0.829213,1000
3895,3895,0.828250,0.828511,0.827909,0.828210,1000
3896,3896,0.827373,0.827610,0.827096,0.827353,1000
3897,3897,0.826480,0.826699,0.826138,0.826418,1000
3898,3898,0.825536,0.825797,0.825266,0.825532,1000
3899,3899,0.824562,0.824817,0.824205,0.824511,1000
3900,3900,0.824114,0.824261,0.824047,0.824154,1000
3901,3901,0.823912,0.824013,0.823893,0.823953,1000
3902,3902,0.824322,0.824422,0.824206,0.824314,1000
3903,3903,0.824675,0.824816,0.824584,0.824700,1000
3904,3904,0.824930,0.825034,0.824880,0.824957,1000
3905,3905,0.825108,0.825174,0.825074,0.825124,1000
3906,3906,0.824948,0.825017,0.824926,0.824971,1000
3907,3907,0.824411,0.824592,0.824267,0.824429,1000
3908,3908,0.824745,0.824879,0.824671,0.824775,1000
3909,3909,0.825640,0.825868,0.825363,0.825615,1000
3910,3910,0.826021,0.826072,0.825861,0.825966,1000
3911,3911,0.826320,0.826441,0.826222,0.826332,1000
3912,3912,0.826788,0.826994,0.826688,0.826841,1000
3913,3913,0.828401,0.828911,0.827955,0.828433,1000
3914,3914,0.830208,0.830700,0.829653,0.830177,1000
3915,3915,0.831386,0.831805,0.831053,0.831429,1000
3916,3916,0.832998,0.833565,0.832578,0.833072,1000
3917,3917,0.834434,0.834825,0.834015,0.834420,1000
3918,3918,0.835665,0.836074,0.835310,0.835692,1000
3919,3919,0.836829,0.837129,0.836465,0.836797,1000
3920,3920,0.837725,0.838037,0.837464,0.837751,1000
3921,3921,0.838752,0.838973,0.838408,0.838691,1000
3922,3922,0.839361,0.839615,0.839188,0.839402,1000
3923,3923,0.840211,0.840464,0.839973,0.840218,1000
3924,3924,0.840053,0.840116,0.840028,0.840072,1000
3925,3925,0.839637,0.839771,0.839513,0.839642,1000
3926,3926,0.839275,0.839339,0.839078,0.839209,1000
3927,3927,0.837769,0.838202,0.837340,0.837771,1000
3928,3928,0.836273,0.836701,0.835785,0.836243,1000
3929,3929,0.834840,0.835280,0.834455,0.834868,1000
3930,3930,0.833760,0.834112,0.833464,0.833788,1000
3931,3931,0.832053,0.832580,0.831545,0.832062,1000
3932,3932,0.830851,0.831197,0.830456,0.830827,1000
3933,3933,0.829209,0.829699,0.828733,0.829216,1000
3934,3934,0.827395,0.827987,0.826935,0.827461,1000
3935,3935,0.826049,0.826469,0.825619,0.826044,1000
3936,3936,0.824172,0.824752,0.823646,0.824199,1000
3937,3937,0.822534,0.823032,0.822033,0.822532,1000
3938,3938,0.821230,0.821628,0.820853,0.821240,1000
3939,3939,0.820486,0.820707,0.820251,0.820479,1000
3940,3940,0.819827,0.819993,0.819577,0.819785,1000
3941,3941,0.819479,0.819562,0.819371,0.819467,1000
3942,3942,0.819879,0.820026,0.819768,0.819897,1000
3943,3943,0.820132,0.820178,0.820048,0.820113,1000
3944,3944,0.820609,0.820730,0.820445,0.820588,1000
3945,3945,0.820774,0.820954,0.820785,0.820869,1000
3946,3946,0.821081,0.821159,0.821025,0.821092,1000
3947,3947,0.821118,0.821080,0.821069,0.821075,1000
3948,3948,0.820496,0.820706,0.820391,0.820549,1000
3949,3949,0.819886,0.820108,0.819731,0.819919,1000
3950,3950,0.819959,0.820049,0.819989,0.820019,1000
3951,3951,0.820186,0.820230,0.820133,0.820181,1000
3952,3952,0.820518,0.820584,0.820398,0.820491,1000
3953,3953,0.820624,0.820709,0.820609,0.820659,1000
3954,3954,0.821228,0.821499,0.821111,0.821305,1000
3955,3955,0.821994,0.822281,0.821830,0.822056,1000
3956,3956,0.823440,0.823872,0.823033,0.823452,1000
3957,3957,0.825147,0.825653,0.824636,0.825145,1000
3958,3958,0.827460,0.828100,0.826734,0.827417,1000
3959,3959,0.829913,0.830629,0.829145,0.829887,1000
3960,3960,0.831780,0.832327,0.831200,0.831763,1000
3961,3961,0.833525,0.834027,0.832981,0.833504,1000
3962,3962,0.835086,0.835536,0.834598,0.835067,1000
3963,3963,0.837151,0.837750,0.836511,0.837130,1000
3964,3964,0.838774,0.839281,0.838288,0.838784,1000
3965,3965,0.840307,0.840736,0.839835,0.840286,1000
3966,3966,0.841948,0.842476,0.841464,0.841970,1000
3967,3967,0.843607,0.844172,0.843155,0.843664,1000
3968,3968,0.845174,0.845671,0.844744,0.845208,1000
3969,3969,0.846656,0.847171,0.846264,0.846718,1000
3970,3970,0.847719,0.848060,0.847440,0.847750,1000
3971,3971,0.849831,0.850437,0.849196,0.849816,1000
3972,3972,0.851329,0.851784,0.850875,0.851330,1000
3973,3973,0.853070,0.853529,0.852513,0.853021,1000
3974,3974,0.855449,0.856119,0.854688,0.855404,1000
3975,3975,0.857519,0.858253,0.856937,0.857595,1000
3976,3976,0.859409,0.859934,0.858854,0.859394,1000
3977,3977,0.860687,0.861042,0.860281,0.860661,1000
3978,3978,0.861417,0.861587,0.861160,0.861373,1000
3979,3979,0.862057,0.862340,0.861893,0.862117,1000
3980,3980,0.862284,0.862317,0.862225,0.862271,1000
3981,3981,0.862352,0.862368,0.862323,0.862345,1000
3982,3982,0.862149,0.862174,0.862028,0.862101,1000
3983,3983,0.862600,0.862716,0.862432,0.862574,1000
3984,3984,0.862498,0.862496,0.862429,0.862462,1000
3985,3985,0.861874,0.862057,0.861710,0.861883,1000
3986,3986,0.861371,0.861532,0.861231,0.861381,1000
3987,3987,0.860846,0.860997,0.860667,0.860832,1000
3988,3988,0.860429,0.860549,0.860307,0.860428,1000
3989,3989,0.860017,0.860111,0.859839,0.859975,1000
3990,3990,0.859854,0.859882,0.859801,0.859841,1000
3991,3991,0.860490,0.860705,0.860306,0.860506,1000
3992,3992,0.861295,0.861608,0.861099,0.861353,1000
3993,3993,0.861865,0.862026,0.861716,0.861871,1000
3994,3994,0.862695,0.862877,0.862412,0.862645,1000
3995,3995,0.862939,0.863004,0.862838,0.862921,1000
3996,3996,0.863382,0.863508,0.863237,0.863373,1000
3997,3997,0.863718,0.863858,0.863634,0.863746,1000
3998,3998,0.864099,0.864316,0.864053,0.864184,1000
3999,3999,0.864173,0.864176,0.864169,0.864173,1000
4000,4000,0.864041,0.864089,0.864017,0.864053,1000
4001,4001,0.864106,0.864166,0.864114,0.864140,1000
4002,4002,0.864761,0.864972,0.864588,0.864780,1000
4003,4003,0.865488,0.865763,0.865309,0.865536,1000
4004,4004,0.865928,0.866141,0.865862,0.866001,1000
4005,4005,0.866571,0.866686,0.866370,0.866528,1000
4006,4006,0.866262,0.866318,0.866137,0.866227,1000
4007,4007,0.865926,0.865995,0.865795,0.865895,1000
4008,4008,0.865140,0.865321,0.864829,0.865075,1000
4009,4009,0.864217,0.864497,0.864002,0.864249,1000
4010,4010,0.862996,0.863370,0.862617,0.862993,1000
4011,4011,0.861963,0.862244,0.861603,0.861924,1000
4012,4012,0.861523,0.861638,0.861392,0.861515,1000
4013,4013,0.861162,0.861272,0.861064,0.861168,1000
4014,4014,0.860849,0.860907,0.860684,0.860795,1000
4015,4015,0.860135,0.860343,0.859955,0.860149,1000
4016,4016,0.859571,0.859763,0.859432,0.859598,1000
4017,4017,0.858603,0.858940,0.858377,0.858659,1000
4018,4018,0.857793,0.858084,0.857593,0.857839,1000
4019,4019,0.857001,0.857263,0.856771,0.857017,1000
4020,4020,0.855501,0.856010,0.855148,0.855579,1000
4021,4021,0.854094,0.854593,0.853748,0.854170,1000
4022,4022,0.852525,0.853034,0.852061,0.852547,1000
4023,4023,0.851339,0.851683,0.850942,0.851312,1000
4024,4024,0.850303,0.850623,0.850032,0.850328,1000
4025,4025,0.849590,0.849810,0.849366,0.849588,1000
4026,4026,0.849097,0.849235,0.848932,0.849084,1000
4027,4027,0.848329,0.848524,0.848044,0.848284,1000
4028,4028,0.847644,0.847816,0.847415,0.847615,1000
4029,4029,0.847328,0.847405,0.847225,0.847315,1000
4030,4030,0.847416,0.847498,0.847414,0.847456,1000
4031,4031,0.847847,0.847982,0.847739,0.847861,1000
4032,4032,0.848088,0.848185,0.848036,0.848110,1000
4033,4033,0.848746,0.848932,0.848553,0.848742,1000
4034,4034,0.849605,0.849767,0.849294,0.849530,1000
4035,4035,0.850412,0.850664,0.850140,0.850402,1000
4036,4036,0.851108,0.851279,0.850874,0.851077,1000
4037,4037,0.851361,0.851465,0.851285,0.851375,1000
4038,4038,0.851930,0.852127,0.851780,0.851954,1000
4039,4039,0.852818,0.853104,0.852573,0.852839,1000
4040,4040,0.853735,0.854043,0.853487,0.853765,1000
4041,4041,0.855042,0.855397,0.854643,0.855020,1000
4042,4042,0.856072,0.856378,0.855751,0.856065,1000
4043,4043,0.856508,0.856636,0.856372,0.856504,1000
4044,4044,0.856530,0.856545,0.856526,0.856535,1000
4045,4045,0.856093,0.856205,0.855922,0.856063,1000
4046,4046,0.855712,0.855841,0.855651,0.855746,1000
4047,4047,0.856306,0.856488,0.856145,0.856317,1000
4048,4048,0.856004,0.856080,0.855877,0.855979,1000
4049,4049,0.855808,0.855892,0.855817,0.855854,1000
4050,4050,0.856072,0.856151,0.856014,0.856083,1000
4051,4051,0.856505,0.856697,0.856413,0.856555,1000
4052,4052,0.857433,0.857624,0.857130,0.857377,1000
4053,4053,0.857881,0.858033,0.857730,0.857882,1000
4054,4054,0.858808,0.858999,0.858483,0.858741,1000
4055,4055,0.859253,0.859409,0.859101,0.859255,1000
4056,4056,0.860202,0.860458,0.859903,0.860181,1000
4057,4057,0.860596,0.860616,0.860415,0.860516,1000
4058,4058,0.860794,0.860854,0.860698,0.860776,1000
4059,4059,0.861335,0.861496,0.861164,0.861330,1000
4060,4060,0.861881,0.862070,0.861728,0.861899,1000
4061,4061,0.861687,0.861744,0.861611,0.861677,1000
4062,4062,0.861294,0.861392,0.861148,0.861270,1000
4063,4063,0.861033,0.861132,0.861014,0.861073,1000
4064,4064,0.861269,0.861374,0.861235,0.861304,1000
4065,4065,0.861206,0.861224,0.861155,0.861190,1000
4066,4066,0.861509,0.861709,0.861469,0.861589,1000
4067,4067,0.862080,0.862325,0.861985,0.862155,1000
4068,4068,0.863613,0.864074,0.863188,0.863631,1000
4069,4069,0.865206,0.865631,0.864707,0.865169,1000
4070,4070,0.866301,0.866607,0.865943,0.866275,1000
4071,4071,0.866691,0.866779,0.866547,0.866663,1000
4072,4072,0.866909,0.866933,0.866808,0.866871,1000
4073,4073,0.866097,0.866313,0.865834,0.866073,1000
4074,4074,0.865611,0.865778,0.865524,0.865651,1000
4075,4075,0.865514,0.865550,0.865463,0.865507,1000
4076,4076,0.865182,0.865312,0.865146,0.865229,1000
4077,4077,0.865109,0.865120,0.865026,0.865073,1000
4078,4078,0.865377,0.865420,0.865260,0.865340,1000
4079,4079,0.866088,0.866290,0.865851,0.866071,1000
4080,4080,0.866699,0.866926,0.866531,0.866728,1000
4081,4081,0.866937,0.867017,0.866884,0.866951,1000
4082,4082,0.868003,0.868239,0.867644,0.867942,1000
4083,4083,0.868148,0.868231,0.868098,0.868164,1000
4084,4084,0.868186,0.868235,0.868202,0.868219,1000
4085,4085,0.868355,0.868341,0.868284,0.868313,1000
4086,4086,0.868418,0.868349,0.868332,0.868341,1000
4087,4087,0.868250,0.868252,0.868176,0.868214,1000
4088,4088,0.868589,0.868714,0.868483,0.868599,1000
4089,4089,0.868596,0.868557,0.868522,0.868540,1000
4090,4090,0.867908,0.868113,0.867747,0.867930,1000
4091,4091,0.867483,0.867607,0.867330,0.867468,1000
4092,4092,0.866935,0.867085,0.866756,0.866920,1000
4093,4093,0.865907,0.866194,0.865573,0.865883,1000
4094,4094,0.865218,0.865430,0.865041,0.865235,1000
4095,4095,0.864456,0.864722,0.864282,0.864502,1000
4096,4096,0.863416,0.863761,0.863127,0.863444,1000
4097,4097,0.862349,0.862691,0.862046,0.862368,1000
4098,4098,0.861598,0.861831,0.861370,0.861600,1000
4099,4099,0.860652,0.860929,0.860355,0.860642,1000
4100,4100,0.859861,0.860092,0.859621,0.859856,1000
4101,4101,0.859759,0.859897,0.859878,0.859888,1000
4102,4102,0.859493,0.859576,0.859309,0.859442,1000
4103,4103,0.858932,0.859090,0.858788,0.858939,1000
4104,4104,0.858317,0.858505,0.858133,0.858319,1000
4105,4105,0.858442,0.858500,0.858416,0.858458,1000
4106,4106,0.858381,0.858392,0.858335,0.858364,1000
4107,4107,0.858061,0.858149,0.857964,0.858057,1000
4108,4108,0.857839,0.857872,0.857713,0.857792,1000
4109,4109,0.856979,0.857230,0.856748,0.856989,1000
4110,4110,0.856373,0.856560,0.856193,0.856377,1000
4111,4111,0.856055,0.856187,0.856025,0.856106,1000
4112,4112,0.855363,0.855659,0.855276,0.855468,1000
4113,4113,0.854746,0.854951,0.854509,0.854730,1000
4114,4114,0.854803,0.854799,0.854767,0.854783,1000
4115,4115,0.855413,0.855516,0.855178,0.855347,1000
4116,4116,0.855670,0.855736,0.855556,0.855646,1000
4117,4117,0.856424,0.856670,0.856197,0.856433,1000
4118,4118,0.857080,0.857244,0.856869,0.857057,1000
4119,4119,0.857839,0.858028,0.857579,0.857803,1000
4120,4120,0.858168,0.858277,0.858058,0.858168,1000
4121,4121,0.858695,0.858830,0.858524,0.858677,1000
4122,4122,0.859387,0.859679,0.859216,0.859448,1000
4123,4123,0.860150,0.860395,0.859958,0.860177,1000
4124,4124,0.860963,0.861130,0.860690,0.860910,1000
4125,4125,0.860971,0.861029,0.860974,0.861001,1000
4126,4126,0.861124,0.861099,0.861054,0.861076,1000
4127,4127,0.860659,0.860788,0.860540,0.860664,1000
4128,4128,0.860458,0.860568,0.860486,0.860527,1000
4129,4129,0.860770,0.860805,0.860676,0.860741,1000
4130,4130,0.860587,0.860656,0.860584,0.860620,1000
4131,4131,0.860942,0.861108,0.860883,0.860995,1000
4132,4132,0.861222,0.861324,0.861172,0.861248,1000
4133,4133,0.861086,0.861118,0.861007,0.861063,1000
4134,4134,0.860769,0.860859,0.860685,0.860772,1000
4135,4135,0.860931,0.861058,0.860926,0.860992,1000
4136,4136,0.861399,0.861472,0.861250,0.861361,1000
4137,4137,0.861409,0.861489,0.861430,0.861459,1000
4138,4138,0.861710,0.861751,0.861616,0.861684,1000
4139,4139,0.862824,0.863223,0.862512,0.862868,1000
4140,4140,0.864371,0.864755,0.863883,0.864319,1000
4141,4141,0.865527,0.865829,0.865132,0.865481,1000
4142,4142,0.866370,0.866632,0.866100,0.866366,1000
4143,4143,0.866990,0.867233,0.866833,0.867033,1000
4144,4144,0.867635,0.867876,0.867487,0.867681,1000
4145,4145,0.868463,0.868662,0.868209,0.868436,1000
4146,4146,0.869373,0.869679,0.869105,0.869392,1000
4147,4147,0.870442,0.870691,0.870091,0.870391,1000
4148,4148,0.871427,0.871745,0.871120,0.871432,1000
4149,4149,0.872137,0.872409,0.871958,0.872184,1000
4150,4150,0.873404,0.873779,0.873042,0.873410,1000
4151,4151,0.874671,0.875041,0.874288,0.874665,1000
4152,4152,0.875970,0.876280,0.875534,0.875907,1000
4153,4153,0.877628,0.878209,0.877145,0.877677,1000
4154,4154,0.879182,0.879628,0.878727,0.879177,1000
4155,4155,0.880880,0.881317,0.880329,0.880823,1000
4156,4156,0.882144,0.882468,0.881708,0.882088,1000
4157,4157,0.882878,0.883134,0.882651,0.882892,1000
4158,4158,0.883343,0.883472,0.883204,0.883338,1000
4159,4159,0.883491,0.883566,0.883461,0.883514,1000
4160,4160,0.884270,0.884554,0.884074,0.884314,1000
4161,4161,0.884730,0.884761,0.884555,0.884658,1000
4162,4162,0.885146,0.885272,0.884988,0.885130,1000
4163,4163,0.885697,0.885917,0.885554,0.885735,1000
4164,4164,0.886600,0.886854,0.886337,0.886596,1000
4165,4165,0.887744,0.888103,0.887407,0.887755,1000
4166,4166,0.889182,0.889603,0.888750,0.889176,1000
4167,4167,0.891409,0.892066,0.890731,0.891399,1000
4168,4168,0.892867,0.893261,0.892401,0.892831,1000
4169,4169,0.894533,0.894997,0.893997,0.894497,1000
4170,4170,0.895922,0.896415,0.895529,0.895972,1000
4171,4171,0.897857,0.898520,0.897343,0.897932,1000
4172,4172,0.899040,0.899342,0.898691,0.899016,1000
4173,4173,0.899987,0.900303,0.899709,0.900006,1000
4174,4174,0.900391,0.900519,0.900282,0.900400,1000
4175,4175,0.900645,0.900740,0.900583,0.900662,1000
4176,4176,0.900394,0.900517,0.900393,0.900455,1000
4177,4177,0.900141,0.900266,0.900105,0.900186,1000
4178,4178,0.900638,0.900826,0.900530,0.900678,1000
4179,4179,0.901214,0.901275,0.900999,0.901137,1000
4180,4180,0.901738,0.901973,0.901587,0.901780,1000
4181,4181,0.901629,0.901702,0.901635,0.901669,1000
4182,4182,0.901603,0.901628,0.901594,0.901611,1000
4183,4183,0.901690,0.901748,0.901685,0.901716,1000
4184,4184,0.901805,0.901819,0.901772,0.901795,1000
4185,4185,0.901725,0.901737,0.901688,0.901713,1000
4186,4186,0.901651,0.901649,0.901595,0.901622,1000
4187,4187,0.901520,0.901524,0.901440,0.901482,1000
4188,4188,0.901572,0.901520,0.901502,0.901511,1000
4189,4189,0.901583,0.901591,0.901554,0.901572,1000
4190,4190,0.901061,0.901178,0.900841,0.901010,1000
4191,4191,0.899798,0.900208,0.899522,0.899865,1000
4192,4192,0.899237,0.899409,0.899018,0.899213,1000
4193,4193,0.898996,0.899026,0.898866,0.898946,1000
4194,4194,0.898283,0.898498,0.898113,0.898305,1000
4195,4195,0.897488,0.897758,0.897289,0.897523,1000
4196,4196,0.896707,0.896946,0.896452,0.896699,1000
4197,4197,0.896424,0.896537,0.896398,0.896467,1000
4198,4198,0.896674,0.896725,0.896606,0.896666,1000
4199,4199,0.896387,0.896467,0.896296,0.896382,1000
4200,4200,0.895409,0.895656,0.895035,0.895346,1000
4201,4201,0.894134,0.894477,0.893733,0.894105,1000
4202,4202,0.893197,0.893426,0.892843,0.893135,1000
4203,4203,0.893035,0.893041,0.892960,0.893000,1000
4204,4204,0.892332,0.892558,0.892179,0.892368,1000
4205,4205,0.892245,0.892271,0.892189,0.892230,1000
4206,4206,0.891942,0.892033,0.891864,0.891948,1000
4207,4207,0.891763,0.891857,0.891778,0.891818,1000
4208,4208,0.891581,0.891664,0.891532,0.891598,1000
4209,4209,0.891662,0.891746,0.891678,0.891712,1000
4210,4210,0.891754,0.891784,0.891751,0.891768,1000
4211,4211,0.891096,0.891295,0.890891,0.891093,1000
4212,4212,0.890926,0.890969,0.890863,0.890916,1000
4213,4213,0.890581,0.890683,0.890483,0.890583,1000
4214,4214,0.890274,0.890377,0.890201,0.890289,1000
4215,4215,0.889439,0.889663,0.889126,0.889394,1000
4216,4216,0.888615,0.888876,0.888433,0.888655,1000
4217,4217,0.887612,0.887847,0.887155,0.887501,1000
4218,4218,0.886810,0.887095,0.886748,0.886922,1000
4219,4219,0.886433,0.886552,0.886236,0.886394,1000
4220,4220,0.885812,0.885954,0.885576,0.885765,1000
4221,4221,0.885345,0.885462,0.885202,0.885332,1000
4222,4222,0.885797,0.885963,0.885672,0.885817,1000
4223,4223,0.886154,0.886109,0.885974,0.886041,1000
4224,4224,0.885836,0.885883,0.885747,0.885815,1000
4225,4225,0.886282,0.886447,0.886155,0.886301,1000
4226,4226,0.886872,0.886972,0.886662,0.886817,1000
4227,4227,0.887352,0.887445,0.887155,0.887300,1000
4228,4228,0.886921,0.887080,0.886892,0.886986,1000
4229,4229,0.887068,0.887103,0.887049,0.887076,1000
4230,4230,0.886991,0.887058,0.887043,0.887051,1000
4231,4231,0.886993,0.887003,0.886962,0.886982,1000
4232,4232,0.886905,0.886919,0.886866,0.886892,1000
4233,4233,0.887044,0.887127,0.887019,0.887073,1000
4234,4234,0.887410,0.887476,0.887290,0.887383,1000
4235,4235,0.887607,0.887688,0.887547,0.887617,1000
4236,4236,0.888489,0.888747,0.888225,0.888486,1000
4237,4237,0.890113,0.890672,0.889663,0.890168,1000
4238,4238,0.892166,0.892708,0.891534,0.892121,1000
4239,4239,0.893782,0.894282,0.893284,0.893783,1000
4240,4240,0.895870,0.896529,0.895260,0.895894,1000
4241,4241,0.897830,0.898400,0.897243,0.897821,1000
4242,4242,0.900047,0.900608,0.899321,0.899964,1000
4243,4243,0.902311,0.902998,0.901596,0.902297,1000
4244,4244,0.904726,0.905408,0.903971,0.904689,1000
4245,4245,0.907308,0.908143,0.906547,0.907345,1000
4246,4246,0.909860,0.910562,0.909076,0.909819,1000
4247,4247,0.911959,0.912576,0.911302,0.911939,1000
4248,4248,0.913846,0.914525,0.913331,0.913928,1000
4249,4249,0.915681,0.916123,0.915109,0.915616,1000
4250,4250,0.917507,0.917929,0.916861,0.917395,1000
4251,4251,0.918745,0.919261,0.918399,0.918830,1000
4252,4252,0.919954,0.920331,0.919638,0.919984,1000
4253,4253,0.920544,0.920704,0.920372,0.920538,1000
4254,4254,0.921043,0.921191,0.920889,0.921040,1000
4255,4255,0.921854,0.922118,0.921620,0.921869,1000
4256,4256,0.922184,0.922281,0.922091,0.922186,1000
4257,4257,0.922620,0.922794,0.922513,0.922654,1000
4258,4258,0.922968,0.923084,0.922885,0.922985,1000
4259,4259,0.922715,0.922839,0.922715,0.922777,1000
4260,4260,0.923279,0.923513,0.923173,0.923343,1000
4261,4261,0.924508,0.924902,0.924182,0.924542,1000
4262,4262,0.926128,0.926558,0.925627,0.926093,1000
4263,4263,0.928016,0.928612,0.927448,0.928030,1000
4264,4264,0.929361,0.929723,0.928941,0.929332,1000
4265,4265,0.930378,0.930665,0.930049,0.930357,1000
4266,4266,0.932334,0.932902,0.931727,0.932315,1000
4267,4267,0.934355,0.934877,0.933693,0.934285,1000
4268,4268,0.935189,0.935527,0.934954,0.935240,1000
4269,4269,0.936371,0.936723,0.936039,0.936381,1000
4270,4270,0.937874,0.938319,0.937424,0.937872,1000
4271,4271,0.939419,0.939845,0.938934,0.939389,1000
4272,4272,0.940233,0.940468,0.939970,0.940219,1000
4273,4273,0.941390,0.941764,0.941051,0.941407,1000
4274,4274,0.941759,0.941845,0.941643,0.941744,1000
4275,4275,0.942078,0.942211,0.941995,0.942103,1000
4276,4276,0.942008,0.942047,0.941998,0.942023,1000
4277,4277,0.942415,0.942500,0.942280,0.942390,1000
4278,4278,0.942308,0.942330,0.942279,0.942304,1000
4279,4279,0.942201,0.942253,0.942208,0.942231,1000
4280,4280,0.943377,0.943736,0.943041,0.943388,1000
4281,4281,0.944622,0.944886,0.944194,0.944540,1000
4282,4282,0.945800,0.946215,0.945442,0.945828,1000
4283,4283,0.946476,0.946673,0.946283,0.946478,1000
4284,4284,0.947293,0.947633,0.947100,0.947367,1000
4285,4285,0.947938,0.948145,0.947786,0.947966,1000
4286,4286,0.948633,0.948847,0.948440,0.948644,1000
4287,4287,0.948507,0.948614,0.948589,0.948601,1000
4288,4288,0.949401,0.949644,0.949163,0.949404,1000
4289,4289,0.949663,0.949728,0.949578,0.949653,1000
4290,4290,0.949583,0.949588,0.949531,0.949559,1000
4291,4291,0.949804,0.949889,0.949737,0.949813,1000
4292,4292,0.949806,0.949774,0.949740,0.949757,1000
4293,4293,0.948930,0.949119,0.948573,0.948846,1000
4294,4294,0.947653,0.948039,0.947348,0.947694,1000
4295,4295,0.946650,0.946940,0.946295,0.946617,1000
4296,4296,0.945613,0.945884,0.945256,0.945570,1000
4297,4297,0.944838,0.945006,0.944524,0.944765,1000
4298,4298,0.943387,0.943814,0.943000,0.943407,1000
4299,4299,0.942351,0.942635,0.941975,0.942305,1000
4300,4300,0.941643,0.941855,0.941469,0.941662,1000
4301,4301,0.941164,0.941323,0.941033,0.941178,1000
4302,4302,0.940187,0.940519,0.939954,0.940236,1000
4303,4303,0.939416,0.939668,0.939182,0.939425,1000
4304,4304,0.938571,0.938829,0.938318,0.938574,1000
4305,4305,0.937908,0.938094,0.937683,0.937888,1000
4306,4306,0.937653,0.937768,0.937665,0.937717,1000
4307,4307,0.937533,0.937567,0.937439,0.937503,1000
4308,4308,0.937713,0.937734,0.937628,0.937681,1000
4309,4309,0.937986,0.938082,0.937897,0.937989,1000
4310,4310,0.938291,0.938317,0.938166,0.938242,1000
4311,4311,0.938414,0.938404,0.938329,0.938366,1000
4312,4312,0.939025,0.939204,0.938817,0.939010,1000
4313,4313,0.939588,0.939729,0.939397,0.939563,1000
4314,4314,0.939673,0.939731,0.939654,0.939692,1000
4315,4315,0.939367,0.939474,0.939286,0.939380,1000
4316,4316,0.938981,0.939084,0.938830,0.938957,1000
4317,4317,0.939044,0.938983,0.938971,0.938977,1000
4318,4318,0.938321,0.938540,0.938166,0.938353,1000
4319,4319,0.937640,0.937798,0.937323,0.937561,1000
4320,4320,0.937074,0.937211,0.936911,0.937061,1000
4321,4321,0.936231,0.936499,0.936018,0.936259,1000
4322,4322,0.935996,0.936111,0.935985,0.936048,1000
4323,4323,0.936659,0.936870,0.936491,0.936681,1000
4324,4324,0.937235,0.937328,0.937029,0.937179,1000
4325,4325,0.937503,0.937713,0.937466,0.937590,1000
4326,4326,0.937805,0.937802,0.937704,0.937753,1000
4327,4327,0.937610,0.937627,0.937519,0.937573,1000
4328,4328,0.937375,0.937445,0.937336,0.937391,1000
4329,4329,0.936932,0.937090,0.936831,0.936961,1000
4330,4330,0.936709,0.936750,0.936570,0.936660,1000
4331,4331,0.936188,0.936332,0.936051,0.936192,1000
4332,4332,0.935860,0.935906,0.935660,0.935783,1000
4333,4333,0.935829,0.935819,0.935802,0.935811,1000
4334,4334,0.936174,0.936307,0.936078,0.936192,1000
4335,4335,0.936403,0.936461,0.936337,0.936399,1000
4336,4336,0.936199,0.936244,0.936112,0.936178,1000
4337,4337,0.935647,0.935788,0.935454,0.935621,1000
4338,4338,0.935798,0.935834,0.935736,0.935785,1000
4339,4339,0.934864,0.935182,0.934666,0.934924,1000
4340,4340,0.933929,0.934285,0.933738,0.934011,1000
4341,4341,0.932682,0.933089,0.932299,0.932694,1000
4342,4342,0.930861,0.931447,0.930379,0.930913,1000
4343,4343,0.929045,0.929577,0.928434,0.929005,1000
4344,4344,0.927607,0.928055,0.927242,0.927649,1000
4345,4345,0.926202,0.926615,0.925730,0.926173,1000
4346,4346,0.924499,0.925006,0.924007,0.924506,1000
4347,4347,0.922109,0.922819,0.921375,0.922097,1000
4348,4348,0.919528,0.920276,0.918718,0.919497,1000
4349,4349,0.915652,0.916790,0.914477,0.915634,1000
4350,4350,0.911695,0.912880,0.910526,0.911703,1000
4351,4351,0.908524,0.909450,0.907524,0.908487,1000
4352,4352,0.905756,0.906584,0.904956,0.905770,1000
4353,4353,0.903790,0.904419,0.903262,0.903840,1000
4354,4354,0.901432,0.902221,0.900836,0.901528,1000
4355,4355,0.898864,0.899644,0.898032,0.898838,1000
4356,4356,0.897089,0.897638,0.896610,0.897124,1000
4357,4357,0.895587,0.896049,0.895128,0.895589,1000
4358,4358,0.893736,0.894279,0.893158,0.893718,1000
4359,4359,0.892775,0.893073,0.892521,0.892797,1000
4360,4360,0.891772,0.892106,0.891515,0.891810,1000
4361,4361,0.890347,0.890742,0.889826,0.890284,1000
4362,4362,0.889003,0.889402,0.888647,0.889024,1000
4363,4363,0.887391,0.887825,0.886799,0.887312,1000
4364,4364,0.886607,0.886820,0.886399,0.886610,1000
4365,4365,0.885534,0.885858,0.885215,0.885537,1000
4366,4366,0.885192,0.885190,0.884894,0.885042,1000
4367,4367,0.884658,0.884785,0.884565,0.884675,1000
4368,4368,0.883950,0.884191,0.883777,0.883984,1000
4369,4369,0.883240,0.883473,0.883035,0.883254,1000
4370,4370,0.882538,0.882775,0.882364,0.882569,1000
4371,4371,0.881749,0.881990,0.881494,0.881742,1000
4372,4372,0.881330,0.881475,0.881245,0.881360,1000
4373,4373,0.881259,0.881269,0.881191,0.881230,1000
4374,4374,0.881922,0.882149,0.881725,0.881937,1000
4375,4375,0.883514,0.883996,0.883045,0.883520,1000
4376,4376,0.884531,0.884892,0.884259,0.884575,1000
4377,4377,0.886180,0.886732,0.885736,0.886234,1000
4378,4378,0.887600,0.888037,0.887204,0.887621,1000
4379,4379,0.888725,0.889045,0.888387,0.888716,1000
4380,4380,0.889224,0.889413,0.889091,0.889252,1000
4381,4381,0.890086,0.890364,0.889851,0.890107,1000
4382,4382,0.890619,0.890767,0.890462,0.890615,1000
4383,4383,0.891592,0.891857,0.891283,0.891570,1000
4384,4384,0.892053,0.892322,0.891975,0.892148,1000
4385,4385,0.893244,0.893511,0.892882,0.893196,1000
4386,4386,0.894463,0.894839,0.894080,0.894459,1000
4387,4387,0.895398,0.895643,0.895097,0.895370,1000
4388,4388,0.896189,0.896444,0.895948,0.896196,1000
4389,4389,0.895969,0.896047,0.895920,0.895983,1000
4390,4390,0.895740,0.895852,0.895739,0.895795,1000
4391,4391,0.894960,0.895213,0.894715,0.894964,1000
4392,4392,0.894808,0.894875,0.894799,0.894837,1000
4393,4393,0.895099,0.895094,0.894976,0.895035,1000
4394,4394,0.894758,0.894902,0.894788,0.894845,1000
4395,4395,0.893940,0.894291,0.893817,0.894054,1000
4396,4396,0.893435,0.893639,0.893283,0.893461,1000
4397,4397,0.893033,0.893203,0.892982,0.893092,1000
4398,4398,0.893067,0.893039,0.892994,0.893017,1000
4399,4399,0.893234,0.893250,0.893142,0.893196,1000
4400,4400,0.892788,0.892958,0.892753,0.892856,1000
4401,4401,0.893942,0.894238,0.893600,0.893919,1000
4402,4402,0.894753,0.894993,0.894497,0.894745,1000
4403,4403,0.895726,0.895947,0.895392,0.895669,1000
4404,4404,0.896286,0.896473,0.896102,0.896287,1000
4405,4405,0.897239,0.897485,0.896932,0.897209,1000
4406,4406,0.896481,0.896761,0.896377,0.896569,1000
4407,4407,0.895972,0.896162,0.895814,0.895988,1000
4408,4408,0.895711,0.895761,0.895567,0.895664,1000
4409,4409,0.894886,0.895100,0.894617,0.894858,1000
4410,4410,0.895046,0.895168,0.895025,0.895096,1000
4411,4411,0.895061,0.895056,0.895022,0.895039,1000
4412,4412,0.894467,0.894655,0.894327,0.894491,1000
4413,4413,0.893852,0.894046,0.893664,0.893855,1000
4414,4414,0.893324,0.893483,0.893165,0.893324,1000
4415,4415,0.892479,0.892753,0.892263,0.892508,1000
4416,4416,0.892335,0.892402,0.892312,0.892357,1000
4417,4417,0.892912,0.893004,0.892705,0.892855,1000
4418,4418,0.893015,0.892980,0.892922,0.892951,1000
4419,4419,0.893325,0.893499,0.893246,0.893372,1000
4420,4420,0.893448,0.893437,0.893407,0.893422,1000
4421,4421,0.893004,0.893163,0.892941,0.893052,1000
4422,4422,0.893257,0.893314,0.893193,0.893254,1000
4423,4423,0.893235,0.893314,0.893286,0.893300,1000
4424,4424,0.893566,0.893680,0.893504,0.893592,1000
4425,4425,0.893971,0.894048,0.893838,0.893943,1000
4426,4426,0.894007,0.894084,0.894019,0.894052,1000
4427,4427,0.893945,0.894032,0.894015,0.894023,1000
4428,4428,0.894137,0.894215,0.894127,0.894171,1000
4429,4429,0.893289,0.893529,0.892979,0.893254,1000
4430,4430,0.892224,0.892561,0.891967,0.892264,1000
4431,4431,0.890860,0.891273,0.890424,0.890849,1000
4432,4432,0.889198,0.889705,0.888725,0.889215,1000
4433,4433,0.887257,0.887828,0.886642,0.887235,1000
4434,4434,0.885402,0.885933,0.884820,0.885377,1000
4435,4435,0.883657,0.884168,0.883134,0.883651,1000
4436,4436,0.881448,0.882121,0.880813,0.881467,1000
4437,4437,0.880237,0.880628,0.879910,0.880269,1000
4438,4438,0.879353,0.879606,0.879038,0.879322,1000
4439,4439,0.878514,0.878772,0.878300,0.878536,1000
4440,4440,0.878472,0.878489,0.878449,0.878469,1000
4441,4441,0.877765,0.877993,0.877584,0.877788,1000
4442,4442,0.876926,0.877171,0.876642,0.876906,1000
4443,4443,0.876417,0.876571,0.876284,0.876428,1000
4444,4444,0.875506,0.875843,0.875342,0.875592,1000
4445,4445,0.875041,0.875234,0.874927,0.875081,1000
4446,4446,0.875320,0.875339,0.875220,0.875280,1000
4447,4447,0.875141,0.875196,0.875124,0.875160,1000
4448,4448,0.875338,0.875365,0.875270,0.875318,1000
4449,4449,0.875233,0.875233,0.875161,0.875197,1000
4450,4450,0.875507,0.875476,0.875347,0.875412,1000
4451,4451,0.875519,0.875582,0.875504,0.875543,1000
4452,4452,0.875588,0.875567,0.875556,0.875562,1000
4453,4453,0.876036,0.876230,0.875922,0.876076,1000
4454,4454,0.876531,0.876739,0.876433,0.876586,1000
4455,4455,0.876818,0.876939,0.876776,0.876858,1000
4456,4456,0.876892,0.876879,0.876869,0.876874,1000
4457,4457,0.877208,0.877238,0.877070,0.877154,1000
4458,4458,0.877712,0.878034,0.877628,0.877831,1000
4459,4459,0.878507,0.878724,0.878312,0.878518,1000
4460,4460,0.879633,0.879993,0.879312,0.879653,1000
4461,4461,0.880266,0.880365,0.880036,0.880201,1000
4462,4462,0.880301,0.880283,0.880245,0.880264,1000
4463,4463,0.881144,0.881388,0.880869,0.881129,1000
4464,4464,0.881932,0.882236,0.881725,0.881980,1000
4465,4465,0.882529,0.882721,0.882379,0.882550,1000
4466,4466,0.883042,0.883217,0.882909,0.883063,1000
4467,4467,0.883001,0.882998,0.882943,0.882971,1000
4468,4468,0.882415,0.882608,0.882298,0.882453,1000
4469,4469,0.883022,0.883240,0.882877,0.883059,1000
4470,4470,0.883611,0.883828,0.883473,0.883651,1000
4471,4471,0.884350,0.884596,0.884159,0.884378,1000
4472,4472,0.885038,0.885316,0.884883,0.885099,1000
4473,4473,0.885694,0.885947,0.885556,0.885752,1000
4474,4474,0.886136,0.886236,0.886012,0.886124,1000
4475,4475,0.886743,0.886909,0.886547,0.886728,1000
4476,4476,0.886953,0.887040,0.886896,0.886968,1000
4477,4477,0.886840,0.886856,0.886759,0.886807,1000
4478,4478,0.886481,0.886604,0.886429,0.886516,1000
4479,4479,0.886484,0.886470,0.886431,0.886450,1000
4480,4480,0.886671,0.886778,0.886627,0.886702,1000
4481,4481,0.887085,0.887254,0.887000,0.887127,1000
4482,4482,0.888365,0.888759,0.888006,0.888382,1000
4483,4483,0.889380,0.889619,0.889048,0.889334,1000
4484,4484,0.890525,0.890819,0.890133,0.890476,1000
4485,4485,0.891125,0.891247,0.890891,0.891069,1000
4486,4486,0.891709,0.891839,0.891484,0.891662,1000
4487,4487,0.892192,0.892405,0.892062,0.892233,1000
4488,4488,0.892705,0.892887,0.892585,0.892736,1000
4489,4489,0.892927,0.893005,0.892881,0.892943,1000
4490,4490,0.893284,0.893475,0.893230,0.893352,1000
4491,4491,0.893937,0.894070,0.893738,0.893904,1000
4492,4492,0.894214,0.894286,0.894110,0.894198,1000
4493,4493,0.894962,0.895223,0.894750,0.894986,1000
4494,4494,0.895823,0.896002,0.895533,0.895768,1000
4495,4495,0.896687,0.896902,0.896378,0.896640,1000
4496,4496,0.898174,0.898644,0.897718,0.898181,1000
4497,4497,0.899528,0.899966,0.899142,0.899554,1000
4498,4498,0.900995,0.901362,0.900527,0.900944,1000
4499,4499,0.901695,0.902090,0.901561,0.901826,1000
4500,4500,0.902669,0.902968,0.902440,0.902704,1000
4501,4501,0.903803,0.904142,0.903478,0.903810,1000
4502,4502,0.904425,0.904668,0.904272,0.904470,1000
4503,4503,0.905155,0.905174,0.904849,0.905012,1000
4504,4504,0.905259,0.905319,0.905177,0.905248,1000
4505,4505,0.905711,0.905862,0.905578,0.905720,1000
4506,4506,0.906576,0.906775,0.906288,0.906531,1000
4507,4507,0.907716,0.908170,0.907413,0.907792,1000
4508,4508,0.908001,0.907923,0.907863,0.907893,1000
4509,4509,0.907271,0.907445,0.907061,0.907253,1000
4510,4510,0.907179,0.907138,0.907039,0.907088,1000
4511,4511,0.906773,0.906832,0.906613,0.906723,1000
4512,4512,0.906018,0.906258,0.905861,0.906060,1000
4513,4513,0.905287,0.905514,0.905047,0.905281,1000
4514,4514,0.904786,0.904968,0.904700,0.904834,1000
4515,4515,0.904892,0.904893,0.904866,0.904880,1000
4516,4516,0.904711,0.904769,0.904674,0.904721,1000
4517,4517,0.905144,0.905378,0.905075,0.905226,1000
4518,4518,0.905560,0.905529,0.905389,0.905459,1000
4519,4519,0.906128,0.906345,0.905936,0.906140,1000
4520,4520,0.907141,0.907539,0.906893,0.907216,1000
4521,4521,0.907659,0.907781,0.907520,0.907651,1000
4522,4522,0.907799,0.907726,0.907691,0.907709,1000
4523,4523,0.908050,0.908282,0.908017,0.908150,1000
4524,4524,0.908778,0.908942,0.908576,0.908759,1000
4525,4525,0.908507,0.908620,0.908501,0.908561,1000
4526,4526,0.907876,0.908047,0.907607,0.907827,1000
4527,4527,0.906826,0.907130,0.906534,0.906832,1000
4528,4528,0.906177,0.906390,0.906010,0.906200,1000
4529,4529,0.905882,0.905998,0.905826,0.905912,1000
4530,4530,0.905352,0.905485,0.905118,0.905302,1000
4531,4531,0.903988,0.904411,0.903648,0.904029,1000
4532,4532,0.903059,0.903312,0.902698,0.903005,1000
4533,4533,0.902455,0.902616,0.902283,0.902449,1000
4534,4534,0.902277,0.902319,0.902208,0.902264,1000
4535,4535,0.902055,0.902106,0.901972,0.902039,1000
4536,4536,0.901898,0.902025,0.902013,0.902019,1000
4537,4537,0.902092,0.902132,0.902080,0.902106,1000
4538,4538,0.901969,0.901982,0.901876,0.901929,1000
4539,4539,0.902146,0.902310,0.902134,0.902222,1000
4540,4540,0.902642,0.902706,0.902482,0.902594,1000
4541,4541,0.902007,0.902149,0.901768,0.901959,1000
4542,4542,0.900933,0.901231,0.900608,0.900919,1000
4543,4543,0.900075,0.900346,0.899855,0.900101,1000
4544,4544,0.899321,0.899549,0.899077,0.899313,1000
4545,4545,0.898623,0.898817,0.898393,0.898605,1000
4546,4546,0.897747,0.897940,0.897370,0.897655,1000
4547,4547,0.897095,0.897291,0.896979,0.897135,1000
4548,4548,0.896581,0.896666,0.896265,0.896466,1000
4549,4549,0.895853,0.896040,0.895675,0.895857,1000
4550,4550,0.895401,0.895540,0.895268,0.895404,1000
4551,4551,0.895770,0.895875,0.895658,0.895766,1000
4552,4552,0.895698,0.895692,0.895629,0.895661,1000
4553,4553,0.895401,0.895494,0.895350,0.895422,1000
4554,4554,0.894975,0.895157,0.894929,0.895043,1000
4555,4555,0.895281,0.895215,0.895136,0.895176,1000
4556,4556,0.895326,0.895334,0.895261,0.895298,1000
4557,4557,0.894671,0.894876,0.894516,0.894696,1000
4558,4558,0.894605,0.894600,0.894518,0.894559,1000
4559,4559,0.894021,0.894198,0.893889,0.894044,1000
4560,4560,0.893259,0.893502,0.893038,0.893270,1000
4561,4561,0.892477,0.892751,0.892306,0.892528,1000
4562,4562,0.891870,0.892045,0.891631,0.891838,1000
4563,4563,0.891310,0.891449,0.891116,0.891283,1000
4564,4564,0.891193,0.891194,0.891117,0.891155,1000
4565,4565,0.891002,0.891114,0.891079,0.891097,1000
4566,4566,0.890849,0.890902,0.890736,0.890819,1000
4567,4567,0.890459,0.890572,0.890360,0.890466,1000
4568,4568,0.890178,0.890308,0.890173,0.890240,1000
4569,4569,0.890435,0.890517,0.890389,0.890453,1000
4570,4570,0.891083,0.891294,0.890906,0.891100,1000
4571,4571,0.891239,0.891370,0.891245,0.891308,1000
4572,4572,0.891246,0.891331,0.891320,0.891325,1000
4573,4573,0.891426,0.891509,0.891424,0.891467,1000
4574,4574,0.892032,0.892194,0.891858,0.892026,1000
4575,4575,0.893001,0.893228,0.892673,0.892951,1000
4576,4576,0.893660,0.893844,0.893431,0.893637,1000
4577,4577,0.893591,0.893624,0.893612,0.893618,1000
4578,4578,0.894217,0.894396,0.894037,0.894216,1000
4579,4579,0.894576,0.894697,0.894475,0.894586,1000
4580,4580,0.895040,0.895060,0.894841,0.894951,1000
4581,4581,0.895522,0.895651,0.895328,0.895490,1000
4582,4582,0.896093,0.896201,0.895873,0.896037,1000
4583,4583,0.896652,0.896818,0.896458,0.896638,1000
4584,4584,0.896865,0.896915,0.896787,0.896851,1000
4585,4585,0.896068,0.896317,0.895860,0.896089,1000
4586,4586,0.894778,0.895191,0.894423,0.894807,1000
4587,4587,0.893472,0.893839,0.893010,0.893424,1000
4588,4588,0.892139,0.892501,0.891710,0.892105,1000
4589,4589,0.891147,0.891447,0.890884,0.891165,1000
4590,4590,0.890710,0.890821,0.890527,0.890674,1000
4591,4591,0.889701,0.889990,0.889404,0.889697,1000
4592,4592,0.888578,0.888913,0.888242,0.888578,1000
4593,4593,0.887031,0.887500,0.886577,0.887038,1000
4594,4594,0.885813,0.886179,0.885443,0.885811,1000
4595,4595,0.884624,0.884942,0.884198,0.884570,1000
4596,4596,0.883205,0.883630,0.882824,0.883227,1000
4597,4597,0.881814,0.882255,0.881423,0.881839,1000
4598,4598,0.880506,0.880892,0.880082,0.880487,1000
4599,4599,0.879906,0.880127,0.879818,0.879972,1000
4600,4600,0.880124,0.880104,0.880043,0.880074,1000
4601,4601,0.880263,0.880321,0.880207,0.880264,1000
4602,4602,0.880789,0.880846,0.880577,0.880712,1000
4603,4603,0.881042,0.881144,0.880945,0.881044,1000
4604,4604,0.880538,0.880717,0.880436,0.880577,1000
4605,4605,0.880350,0.880411,0.880270,0.880341,1000
4606,4606,0.880470,0.880412,0.880379,0.880395,1000
4607,4607,0.879942,0.880098,0.879843,0.879970,1000
4608,4608,0.880414,0.880506,0.880259,0.880382,1000
4609,4609,0.881178,0.881386,0.880923,0.881155,1000
4610,4610,0.881835,0.882015,0.881618,0.881816,1000
4611,4611,0.882508,0.882719,0.882302,0.882511,1000
4612,4612,0.883213,0.883369,0.882973,0.883171,1000
4613,4613,0.883054,0.883059,0.882964,0.883012,1000
4614,4614,0.882830,0.882888,0.882781,0.882835,1000
4615,4615,0.882697,0.882781,0.882735,0.882758,1000
4616,4616,0.882823,0.882808,0.882785,0.882796,1000
4617,4617,0.882781,0.882792,0.882788,0.882790,1000
4618,4618,0.882606,0.882668,0.882563,0.882616,1000
4619,4619,0.882557,0.882697,0.882659,0.882678,1000
4620,4620,0.882237,0.882351,0.882070,0.882210,1000
4621,4621,0.881977,0.882035,0.881884,0.881960,1000
4622,4622,0.881415,0.881563,0.881224,0.881394,1000
4623,4623,0.881663,0.881810,0.881618,0.881714,1000
4624,4624,0.882501,0.882789,0.882293,0.882541,1000
4625,4625,0.883062,0.883202,0.882896,0.883049,1000
4626,4626,0.883526,0.883663,0.883380,0.883521,1000
4627,4627,0.883989,0.884089,0.883827,0.883958,1000
4628,4628,0.884580,0.884736,0.884377,0.884556,1000
4629,4629,0.885028,0.885195,0.884900,0.885048,1000
4630,4630,0.885979,0.886205,0.885670,0.885938,1000
4631,4631,0.886299,0.886395,0.886184,0.886290,1000
4632,4632,0.887051,0.887385,0.886879,0.887132,1000
4633,4633,0.887780,0.887912,0.887552,0.887732,1000
4634,4634,0.888779,0.889048,0.888440,0.888744,1000
4635,4635,0.889453,0.889598,0.889204,0.889401,1000
4636,4636,0.890379,0.890579,0.890035,0.890307,1000
4637,4637,0.890689,0.890914,0.890634,0.890774,1000
4638,4638,0.890703,0.890828,0.890803,0.890815,1000
4639,4639,0.891723,0.891980,0.891442,0.891711,1000
4640,4640,0.892427,0.892601,0.892190,0.892395,1000
4641,4641,0.893144,0.893298,0.892881,0.893090,1000
4642,4642,0.893523,0.893706,0.893421,0.893564,1000
4643,4643,0.894526,0.894798,0.894228,0.894513,1000
4644,4644,0.895304,0.895464,0.895025,0.895244,1000
4645,4645,0.895771,0.895957,0.895628,0.895792,1000
4646,4646,0.896508,0.896689,0.896275,0.896482,1000
4647,4647,0.897821,0.898232,0.897424,0.897828,1000
4648,4648,0.898691,0.899047,0.898484,0.898765,1000
4649,4649,0.899323,0.899548,0.899186,0.899367,1000
4650,4650,0.900313,0.900608,0.900035,0.900322,1000
4651,4651,0.901397,0.901758,0.901095,0.901427,1000
4652,4652,0.902480,0.902944,0.902243,0.902594,1000
4653,4653,0.903047,0.903185,0.902912,0.903048,1000
4654,4654,0.903346,0.903390,0.903232,0.903311,1000
4655,4655,0.903950,0.904135,0.903755,0.903945,1000
4656,4656,0.904072,0.904129,0.904044,0.904087,1000
4657,4657,0.903867,0.903854,0.903655,0.903755,1000
4658,4658,0.903472,0.903547,0.903369,0.903458,1000
4659,4659,0.902876,0.903077,0.902750,0.902913,1000
4660,4660,0.902158,0.902376,0.901915,0.902146,1000
4661,4661,0.901943,0.901957,0.901796,0.901876,1000
4662,4662,0.901684,0.901738,0.901619,0.901679,1000
4663,4663,0.901970,0.902071,0.901890,0.901981,1000
4664,4664,0.901875,0.901863,0.901762,0.901813,1000
4665,4665,0.901915,0.901933,0.901878,0.901906,1000
4666,4666,0.901895,0.901915,0.901911,0.901913,1000
4667,4667,0.901870,0.901899,0.901888,0.901894,1000
4668,4668,0.902557,0.902715,0.902336,0.902525,1000
4669,4669,0.902233,0.902326,0.902155,0.902240,1000
4670,4670,0.902373,0.902317,0.902282,0.902300,1000
4671,4671,0.901661,0.901884,0.901528,0.901706,1000
4672,4672,0.900414,0.900806,0.900036,0.900421,1000
4673,4673,0.899058,0.899487,0.898688,0.899088,1000
4674,4674,0.897853,0.898178,0.897399,0.897788,1000
4675,4675,0.896375,0.896770,0.895898,0.896334,1000
4676,4676,0.895092,0.895471,0.894732,0.895102,1000
4677,4677,0.893604,0.894079,0.893203,0.893641,1000
4678,4678,0.892413,0.892733,0.891956,0.892344,1000
4679,4679,0.891418,0.891690,0.891129,0.891410,1000
4680,4680,0.890665,0.890896,0.890456,0.890676,1000
4681,4681,0.890321,0.890419,0.890199,0.890309,1000
4682,4682,0.889579,0.889820,0.889402,0.889611,1000
4683,4683,0.888035,0.888517,0.887580,0.888048,1000
4684,4684,0.886780,0.887194,0.886462,0.886828,1000
4685,4685,0.886026,0.886305,0.885856,0.886081,1000
4686,4686,0.885357,0.885586,0.885163,0.885374,1000
4687,4687,0.884855,0.885015,0.884708,0.884862,1000
4688,4688,0.884106,0.884305,0.883828,0.884067,1000
4689,4689,0.882871,0.883284,0.882613,0.882948,1000
4690,4690,0.882164,0.882391,0.881913,0.882152,1000
4691,4691,0.881524,0.881719,0.881347,0.881533,1000
4692,4692,0.880788,0.881010,0.880563,0.880787,1000
4693,4693,0.880059,0.880267,0.879822,0.880044,1000
4694,4694,0.879396,0.879565,0.879154,0.879359,1000
4695,4695,0.878703,0.878935,0.878571,0.878753,1000
4696,4696,0.878021,0.878217,0.877758,0.877988,1000
4697,4697,0.877282,0.877490,0.877064,0.877277,1000
4698,4698,0.877314,0.877386,0.877336,0.877361,1000
4699,4699,0.876637,0.876893,0.876491,0.876692,1000
4700,4700,0.876222,0.876333,0.876026,0.876180,1000
4701,4701,0.875343,0.875622,0.875144,0.875383,1000
4702,4702,0.875217,0.875231,0.875102,0.875166,1000
4703,4703,0.875372,0.875459,0.875324,0.875392,1000
4704,4704,0.875400,0.875393,0.875392,0.875393,1000
4705,4705,0.875873,0.876054,0.875749,0.875902,1000
4706,4706,0.875807,0.875843,0.875793,0.875818,1000
4707,4707,0.876065,0.876097,0.875968,0.876033,1000
4708,4708,0.876564,0.876771,0.876430,0.876600,1000
4709,4709,0.876825,0.876973,0.876801,0.876887,1000
4710,4710,0.877309,0.877480,0.877206,0.877343,1000
4711,4711,0.878321,0.878536,0.877985,0.878260,1000
4712,4712,0.879723,0.880193,0.879301,0.879747,1000
4713,4713,0.880219,0.880313,0.880052,0.880182,1000
4714,4714,0.880220,0.880308,0.880250,0.880279,1000
4715,4715,0.880000,0.880107,0.879960,0.880033,1000
4716,4716,0.879896,0.879956,0.879889,0.879922,1000
4717,4717,0.879099,0.879310,0.878786,0.879048,1000
4718,4718,0.879007,0.879045,0.879041,0.879043,1000
4719,4719,0.878579,0.878683,0.878376,0.878530,1000
4720,4720,0.879012,0.879112,0.878843,0.878978,1000
4721,4721,0.879346,0.879486,0.879252,0.879369,1000
4722,4722,0.879287,0.879324,0.879285,0.879304,1000
4723,4723,0.879899,0.880083,0.879724,0.879903,1000
4724,4724,0.880509,0.880729,0.880348,0.880538,1000
4725,4725,0.881128,0.881386,0.880994,0.881190,1000
4726,4726,0.881947,0.882223,0.881746,0.881984,1000
4727,4727,0.882462,0.882631,0.882332,0.882481,1000
4728,4728,0.883270,0.883541,0.883052,0.883296,1000
4729,4729,0.883934,0.884068,0.883712,0.883890,1000
4730,4730,0.884043,0.884185,0.884049,0.884117,1000
4731,4731,0.885016,0.885371,0.884792,0.885081,1000
4732,4732,0.886375,0.886752,0.885980,0.886366,1000
4733,4733,0.887716,0.888126,0.887313,0.887720,1000
4734,4734,0.888861,0.889337,0.888590,0.888964,1000
4735,4735,0.889865,0.890109,0.889580,0.889845,1000
4736,4736,0.889798,0.889798,0.889758,0.889778,1000
4737,4737,0.889796,0.889874,0.889830,0.889852,1000
4738,4738,0.890138,0.890257,0.890070,0.890164,1000
4739,4739,0.890532,0.890620,0.890410,0.890515,1000
4740,4740,0.890295,0.890360,0.890227,0.890293,1000
4741,4741,0.889575,0.889768,0.889318,0.889543,1000
4742,4742,0.889214,0.889321,0.889132,0.889226,1000
4743,4743,0.889296,0.889395,0.889317,0.889356,1000
4744,4744,0.888793,0.888971,0.888640,0.888805,1000
4745,4745,0.889243,0.889392,0.889121,0.889257,1000
4746,4746,0.889114,0.889201,0.889153,0.889177,1000
4747,4747,0.889188,0.889158,0.889142,0.889150,1000
4748,4748,0.889227,0.889194,0.889174,0.889184,1000
4749,4749,0.888419,0.888621,0.888138,0.888380,1000
4750,4750,0.887308,0.887613,0.886956,0.887285,1000
4751,4751,0.886822,0.886991,0.886740,0.886865,1000
4752,4752,0.886798,0.886782,0.886711,0.886747,1000
4753,4753,0.886730,0.886714,0.886687,0.886701,1000
4754,4754,0.887186,0.887198,0.886969,0.887084,1000
4755,4755,0.887423,0.887554,0.887337,0.887445,1000
4756,4756,0.887743,0.887861,0.887669,0.887765,1000
4757,4757,0.888922,0.889273,0.888577,0.888925,1000
4758,4758,0.889764,0.889894,0.889447,0.889670,1000
4759,4759,0.891083,0.891478,0.890643,0.891060,1000
4760,4760,0.891821,0.892000,0.891566,0.891783,1000
4761,4761,0.892693,0.892979,0.892427,0.892703,1000
4762,4762,0.893238,0.893432,0.893096,0.893264,1000
4763,4763,0.893730,0.893869,0.893590,0.893729,1000
4764,4764,0.894086,0.894256,0.894013,0.894134,1000
4765,4765,0.895399,0.895717,0.894986,0.895352,1000
4766,4766,0.896421,0.896784,0.896123,0.896454,1000
4767,4767,0.897434,0.897735,0.897143,0.897439,1000
4768,4768,0.898133,0.898414,0.897964,0.898189,1000
4769,4769,0.898717,0.898872,0.898557,0.898714,1000
4770,4770,0.899073,0.899202,0.898977,0.899089,1000
4771,4771,0.899384,0.899568,0.899347,0.899458,1000
4772,4772,0.899712,0.899886,0.899688,0.899787,1000
4773,4773,0.899247,0.899373,0.899018,0.899195,1000
4774,4774,0.898919,0.899001,0.898834,0.898917,1000
4775,4775,0.898060,0.898323,0.897813,0.898068,1000
4776,4776,0.897684,0.897833,0.897632,0.897733,1000
4777,4777,0.897931,0.898069,0.897914,0.897991,1000
4778,4778,0.898744,0.898982,0.898525,0.898753,1000
4779,4779,0.900115,0.900532,0.899710,0.900121,1000
4780,4780,0.901179,0.901461,0.900842,0.901152,1000
4781,4781,0.902087,0.902397,0.901822,0.902110,1000
4782,4782,0.903163,0.903540,0.902879,0.903210,1000
4783,4783,0.904107,0.904372,0.903835,0.904104,1000
4784,4784,0.904468,0.904662,0.904404,0.904533,1000
4785,4785,0.904499,0.904517,0.904503,0.904510,1000
4786,4786,0.904456,0.904512,0.904511,0.904511,1000
4787,4787,0.905422,0.905713,0.905158,0.905435,1000
4788,4788,0.906240,0.906556,0.906039,0.906297,1000
4789,4789,0.906908,0.907158,0.906761,0.906959,1000
4790,4790,0.905903,0.906251,0.905644,0.905947,1000
4791,4791,0.905389,0.905539,0.905189,0.905364,1000
4792,4792,0.904888,0.905007,0.904700,0.904853,1000
4793,4793,0.904301,0.904435,0.904076,0.904255,1000
4794,4794,0.904102,0.904141,0.904044,0.904092,1000
4795,4795,0.904520,0.904686,0.904412,0.904549,1000
4796,4796,0.905057,0.905156,0.904876,0.905016,1000
4797,4797,0.906438,0.906852,0.906004,0.906428,1000
4798,4798,0.907757,0.908032,0.907291,0.907662,1000
4799,4799,0.909187,0.909662,0.908738,0.909200,1000
4800,4800,0.910798,0.911273,0.910316,0.910795,1000
4801,4801,0.911585,0.911797,0.911334,0.911566,1000
4802,4802,0.911547,0.911554,0.911544,0.911549,1000
4803,4803,0.912118,0.912236,0.911919,0.912077,1000
4804,4804,0.913174,0.913478,0.912832,0.913155,1000
4805,4805,0.914145,0.914424,0.913838,0.914131,1000
4806,4806,0.914652,0.914807,0.914495,0.914651,1000
4807,4807,0.915140,0.915163,0.914927,0.915045,1000
4808,4808,0.914737,0.914943,0.914855,0.914899,1000
4809,4809,0.914542,0.914727,0.914579,0.914653,1000
4810,4810,0.915422,0.915608,0.915167,0.915387,1000
4811,4811,0.915826,0.916048,0.915743,0.915895,1000
4812,4812,0.916542,0.916758,0.916360,0.916559,1000
4813,4813,0.917223,0.917417,0.917021,0.917219,1000
4814,4814,0.918203,0.918531,0.917925,0.918228,1000
4815,4815,0.918847,0.919112,0.918704,0.918908,1000
4816,4816,0.920068,0.920481,0.919755,0.920118,1000
4817,4817,0.921393,0.921739,0.920990,0.921364,1000
4818,4818,0.921869,0.921945,0.921677,0.921811,1000
4819,4819,0.922392,0.922542,0.922205,0.922373,1000
4820,4820,0.921941,0.922074,0.921818,0.921946,1000
4821,4821,0.921520,0.921617,0.921335,0.921476,1000
4822,4822,0.921252,0.921293,0.921137,0.921215,1000
4823,4823,0.921256,0.921300,0.921261,0.921280,1000
4824,4824,0.921521,0.921609,0.921457,0.921533,1000
4825,4825,0.921146,0.921287,0.921076,0.921182,1000
4826,4826,0.920887,0.920946,0.920745,0.920845,1000
4827,4827,0.920067,0.920275,0.919786,0.920030,1000
4828,4828,0.918668,0.919076,0.918260,0.918668,1000
4829,4829,0.917251,0.917710,0.916890,0.917300,1000
4830,4830,0.915733,0.916205,0.915268,0.915737,1000
4831,4831,0.914490,0.914878,0.914142,0.914510,1000
4832,4832,0.913347,0.913666,0.912943,0.913304,1000
4833,4833,0.912390,0.912740,0.912256,0.912498,1000
4834,4834,0.911711,0.911963,0.911506,0.911735,1000
4835,4835,0.910994,0.911177,0.910699,0.910938,1000
4836,4836,0.910081,0.910341,0.909829,0.910085,1000
4837,4837,0.909901,0.909964,0.909859,0.909911,1000
4838,4838,0.909181,0.909404,0.908970,0.909187,1000
4839,4839,0.908651,0.908849,0.908559,0.908704,1000
4840,4840,0.908255,0.908383,0.908108,0.908246,1000
4841,4841,0.907735,0.907877,0.907561,0.907719,1000
4842,4842,0.907080,0.907245,0.906840,0.907042,1000
4843,4843,0.906911,0.906935,0.906843,0.906889,1000
4844,4844,0.906477,0.906625,0.906398,0.906512,1000
4845,4845,0.906042,0.906144,0.905830,0.905987,1000
4846,4846,0.905560,0.905713,0.905479,0.905596,1000
4847,4847,0.906250,0.906476,0.906070,0.906273,1000
4848,4848,0.906487,0.906629,0.906465,0.906547,1000
4849,4849,0.906477,0.906552,0.906550,0.906551,1000
4850,4850,0.906943,0.907086,0.906839,0.906962,1000
4851,4851,0.907045,0.907113,0.907043,0.907078,1000
4852,4852,0.907548,0.907684,0.907404,0.907544,1000
4853,4853,0.907916,0.908080,0.907832,0.907956,1000
4854,4854,0.908381,0.908550,0.908276,0.908413,1000
4855,4855,0.908190,0.908324,0.908248,0.908286,1000
4856,4856,0.908115,0.908185,0.908098,0.908142,1000
4857,4857,0.907531,0.907696,0.907314,0.907505,1000
4858,4858,0.907576,0.907609,0.907561,0.907585,1000
4859,4859,0.907746,0.907679,0.907636,0.907658,1000
4860,4860,0.907763,0.907756,0.907711,0.907733,1000
4861,4861,0.907573,0.907552,0.907397,0.907475,1000
4862,4862,0.907258,0.907347,0.907238,0.907292,1000
4863,4863,0.907713,0.907824,0.907578,0.907701,1000
4864,4864,0.907668,0.907722,0.907712,0.907717,1000
4865,4865,0.907524,0.907585,0.907472,0.907529,1000
4866,4866,0.907961,0.908149,0.907863,0.908006,1000
4867,4867,0.909247,0.909626,0.908878,0.909252,1000
4868,4868,0.910264,0.910581,0.909967,0.910274,1000
4869,4869,0.910742,0.910854,0.910586,0.910720,1000
4870,4870,0.911386,0.911615,0.911202,0.911409,1000
4871,4871,0.911972,0.911949,0.911699,0.911824,1000
4872,4872,0.911269,0.911423,0.911080,0.911252,1000
4873,4873,0.910233,0.910547,0.909944,0.910246,1000
4874,4874,0.909230,0.909552,0.908957,0.909254,1000
4875,4875,0.908379,0.908636,0.908107,0.908372,1000
4876,4876,0.907458,0.907726,0.907174,0.907450,1000
4877,4877,0.906737,0.906939,0.906501,0.906720,1000
4878,4878,0.905964,0.906205,0.905764,0.905985,1000
4879,4879,0.905431,0.905649,0.905360,0.905504,1000
4880,4880,0.905199,0.905253,0.905038,0.905146,1000
4881,4881,0.904423,0.904627,0.904182,0.904405,1000
4882,4882,0.903871,0.904037,0.903722,0.903879,1000
4883,4883,0.903604,0.903709,0.903563,0.903636,1000
4884,4884,0.903780,0.903874,0.903764,0.903819,1000
4885,4885,0.904444,0.904640,0.904261,0.904451,1000
4886,4886,0.905164,0.905313,0.904915,0.905114,1000
4887,4887,0.904934,0.904994,0.904892,0.904943,1000
4888,4888,0.905100,0.905144,0.905051,0.905098,1000
4889,4889,0.905588,0.905643,0.905391,0.905517,1000
4890,4890,0.906306,0.906467,0.906029,0.906248,1000
4891,4891,0.907453,0.907795,0.907081,0.907438,1000
4892,4892,0.908170,0.908420,0.907967,0.908193,1000
4893,4893,0.909293,0.909515,0.908905,0.909210,1000
4894,4894,0.910489,0.910929,0.910135,0.910532,1000
4895,4895,0.911278,0.911482,0.911043,0.911263,1000
4896,4896,0.912027,0.912278,0.911809,0.912044,1000
4897,4897,0.912312,0.912444,0.912259,0.912352,1000
4898,4898,0.912430,0.912500,0.912432,0.912466,1000
4899,4899,0.912315,0.912381,0.912309,0.912345,1000
4900,4900,0.912627,0.912716,0.912545,0.912630,1000
4901,4901,0.912823,0.912876,0.912762,0.912819,1000
4902,4902,0.913678,0.914017,0.913464,0.913741,1000
4903,4903,0.914926,0.915235,0.914545,0.914890,1000
4904,4904,0.915253,0.915346,0.915135,0.915241,1000
4905,4905,0.915758,0.915815,0.915550,0.915683,1000
4906,4906,0.915823,0.915881,0.915790,0.915836,1000
4907,4907,0.915229,0.915385,0.914999,0.915192,1000
4908,4908,0.915036,0.915053,0.914934,0.914994,1000
4909,4909,0.914466,0.914637,0.914331,0.914484,1000
4910,4910,0.914375,0.914428,0.914380,0.914404,1000
4911,4911,0.913975,0.914140,0.913914,0.914027,1000
4912,4912,0.913452,0.913663,0.913352,0.913507,1000
4913,4913,0.912831,0.913057,0.912671,0.912864,1000
4914,4914,0.912067,0.912299,0.911815,0.912057,1000
4915,4915,0.910549,0.910984,0.910065,0.910524,1000
4916,4916,0.909305,0.909692,0.908979,0.909335,1000
4917,4917,0.908305,0.908626,0.908019,0.908323,1000
4918,4918,0.906570,0.907134,0.906116,0.906625,1000
4919,4919,0.905097,0.905555,0.904639,0.905097,1000
4920,4920,0.903653,0.904024,0.903105,0.903564,1000
4921,4921,0.902383,0.902751,0.902054,0.902403,1000
4922,4922,0.901229,0.901630,0.900968,0.901299,1000
4923,4923,0.899929,0.900266,0.899382,0.899824,1000
4924,4924,0.898897,0.899173,0.898615,0.898894,1000
4925,4925,0.898176,0.898434,0.898039,0.898236,1000
4926,4926,0.898057,0.898083,0.897951,0.898017,1000
4927,4927,0.898062,0.898002,0.897989,0.897996,1000
4928,4928,0.897956,0.898018,0.898008,0.898013,1000
4929,4929,0.898531,0.898688,0.898376,0.898532,1000
4930,4930,0.899025,0.899254,0.898921,0.899087,1000
4931,4931,0.900108,0.900413,0.899801,0.900107,1000
4932,4932,0.901039,0.901247,0.900721,0.900984,1000
4933,4933,0.901312,0.901446,0.901233,0.901339,1000
4934,4934,0.901340,0.901341,0.901340,0.901341,1000
4935,4935,0.901737,0.901949,0.901668,0.901808,1000
4936,4936,0.902670,0.902920,0.902407,0.902664,1000
4937,4937,0.903216,0.903488,0.903108,0.903298,1000
4938,4938,0.903796,0.904053,0.903704,0.903879,1000
4939,4939,0.904302,0.904360,0.904138,0.904249,1000
4940,4940,0.905076,0.905288,0.904808,0.905048,1000
4941,4941,0.905000,0.905081,0.905066,0.905073,1000
4942,4942,0.904542,0.904715,0.904408,0.904562,1000
4943,4943,0.903542,0.903797,0.903142,0.903470,1000
4944,4944,0.901844,0.902369,0.901428,0.901899,1000
4945,4945,0.901249,0.901396,0.900965,0.901180,1000
4946,4946,0.900388,0.900653,0.900202,0.900428,1000
4947,4947,0.899870,0.900069,0.899762,0.899916,1000
4948,4948,0.899441,0.899537,0.899212,0.899374,1000
4949,4949,0.898226,0.898597,0.897932,0.898265,1000
4950,4950,0.897279,0.897513,0.896870,0.897192,1000
4951,4951,0.895952,0.896388,0.895700,0.896044,1000
4952,4952,0.895355,0.895621,0.895259,0.895440,1000
4953,4953,0.894771,0.894970,0.894567,0.894768,1000
4954,4954,0.894270,0.894354,0.893998,0.894176,1000
4955,4955,0.894020,0.894133,0.894096,0.894114,1000
4956,4956,0.893828,0.893960,0.893828,0.893894,1000
4957,4957,0.893724,0.893787,0.893696,0.893741,1000
4958,4958,0.893126,0.893306,0.892933,0.893119,1000
4959,4959,0.892646,0.892822,0.892566,0.892694,1000
4960,4960,0.892359,0.892442,0.892226,0.892334,1000
4961,4961,0.892069,0.892144,0.891982,0.892063,1000
4962,4962,0.892968,0.893208,0.892679,0.892944,1000
4963,4963,0.893344,0.893583,0.893288,0.893435,1000
4964,4964,0.894030,0.894216,0.893856,0.894036,1000
4965,4965,0.893831,0.893910,0.893802,0.893856,1000
4966,4966,0.893368,0.893516,0.893224,0.893370,1000
4967,4967,0.892616,0.892806,0.892323,0.892565,1000
4968,4968,0.892661,0.892608,0.892588,0.892598,1000
4969,4969,0.891644,0.891934,0.891364,0.891649,1000
4970,4970,0.890524,0.890877,0.890216,0.890547,1000
4971,4971,0.889801,0.890025,0.889577,0.889801,1000
4972,4972,0.889064,0.889320,0.888909,0.889115,1000
4973,4973,0.888039,0.888356,0.887707,0.888031,1000
4974,4974,0.886836,0.887227,0.886538,0.886882,1000
4975,4975,0.885467,0.885924,0.885103,0.885513,1000
4976,4976,0.884166,0.884544,0.883714,0.884129,1000
4977,4977,0.882619,0.883102,0.882223,0.882662,1000
4978,4978,0.881350,0.881778,0.881022,0.881400,1000
4979,4979,0.879928,0.880363,0.879475,0.879919,1000
4980,4980,0.878737,0.879070,0.878343,0.878707,1000
4981,4981,0.877081,0.877548,0.876556,0.877052,1000
4982,4982,0.875428,0.875885,0.874885,0.875385,1000
4983,4983,0.873882,0.874343,0.873451,0.873897,1000
4984,4984,0.872114,0.872663,0.871608,0.872136,1000
4985,4985,0.870106,0.870717,0.869503,0.870110,1000
4986,4986,0.868250,0.868803,0.867684,0.868244,1000
4987,4987,0.866325,0.866867,0.865688,0.866278,1000
4988,4988,0.865159,0.865468,0.864774,0.865121,1000
4989,4989,0.863411,0.863905,0.862865,0.863385,1000
4990,4990,0.862303,0.862591,0.861912,0.862252,1000
4991,4991,0.860706,0.861189,0.860278,0.860733,1000
4992,4992,0.859638,0.859899,0.859184,0.859542,1000
4993,4993,0.859311,0.859397,0.859273,0.859335,1000
4994,4994,0.858913,0.859063,0.858829,0.858946,1000
4995,4995,0.858630,0.858734,0.858552,0.858643,1000
4996,4996,0.857719,0.858019,0.857485,0.857752,1000
4997,4997,0.856897,0.857179,0.856687,0.856933,1000
4998,4998,0.857246,0.857264,0.857111,0.857188,1000
4999,4999,0.857134,0.857185,0.857183,0.857184,1000
5000,5000,0.856985,0.857025,0.856888,0.856957,1000
5001,5001,0.857079,0.857128,0.857049,0.857088,1000
5002,5002,0.857821,0.858013,0.857586,0.857799,1000
5003,5003,0.857814,0.857871,0.857838,0.857855,1000
5004,5004,0.857895,0.857818,0.857788,0.857803,1000
5005,5005,0.857520,0.857662,0.857541,0.857601,1000
5006,5006,0.857372,0.857439,0.857299,0.857369,1000
5007,5007,0.857017,0.857078,0.856828,0.856953,1000
5008,5008,0.856463,0.856592,0.856283,0.856438,1000
5009,5009,0.855677,0.855907,0.855453,0.855680,1000
5010,5010,0.855436,0.855491,0.855329,0.855410,1000
5011,5011,0.855170,0.855235,0.855086,0.855160,1000
5012,5012,0.854463,0.854682,0.854272,0.854477,1000
5013,5013,0.854252,0.854323,0.854190,0.854256,1000
5014,5014,0.854001,0.854087,0.853941,0.854014,1000
5015,5015,0.854152,0.854158,0.854092,0.854125,1000
5016,5016,0.853564,0.853744,0.853417,0.853581,1000
5017,5017,0.852690,0.853019,0.852537,0.852778,1000
5018,5018,0.852013,0.852223,0.851748,0.851986,1000
5019,5019,0.851564,0.851630,0.851324,0.851477,1000
5020,5020,0.850964,0.851083,0.850745,0.850914,1000
5021,5021,0.850543,0.850625,0.850378,0.850502,1000
5022,5022,0.850432,0.850415,0.850341,0.850378,1000
5023,5023,0.850046,0.850136,0.849930,0.850033,1000
5024,5024,0.849644,0.849817,0.849632,0.849725,1000
5025,5025,0.849548,0.849561,0.849421,0.849491,1000
5026,5026,0.849348,0.849393,0.849308,0.849351,1000
5027,5027,0.849032,0.849137,0.848954,0.849045,1000
5028,5028,0.849739,0.849903,0.849507,0.849705,1000
5029,5029,0.850243,0.850362,0.850059,0.850211,1000
5030,5030,0.850570,0.850649,0.850446,0.850548,1000
5031,5031,0.850834,0.850777,0.850671,0.850724,1000
5032,5032,0.850981,0.851132,0.850944,0.851038,1000
5033,5033,0.851616,0.851792,0.851444,0.851618,1000
5034,5034,0.851934,0.852205,0.851934,0.852070,1000
5035,5035,0.851767,0.851857,0.851674,0.851765,1000
5036,5036,0.851295,0.851391,0.851069,0.851230,1000
5037,5037,0.850337,0.850560,0.849987,0.850274,1000
5038,5038,0.849124,0.849490,0.848819,0.849154,1000
5039,5039,0.848554,0.848696,0.848302,0.848499,1000
5040,5040,0.847122,0.847551,0.846739,0.847145,1000
5041,5041,0.845533,0.846015,0.845048,0.845532,1000
5042,5042,0.844074,0.844571,0.843748,0.844159,1000
5043,5043,0.843529,0.843720,0.843344,0.843532,1000
5044,5044,0.843047,0.843170,0.842859,0.843015,1000
5045,5045,0.842315,0.842495,0.842050,0.842273,1000
5046,5046,0.840988,0.841390,0.840634,0.841012,1000
5047,5047,0.839875,0.840235,0.839570,0.839902,1000
5048,5048,0.839828,0.839840,0.839786,0.839813,1000
5049,5049,0.840147,0.840259,0.840053,0.840156,1000
5050,5050,0.839944,0.840019,0.839902,0.839961,1000
5051,5051,0.839092,0.839365,0.838855,0.839110,1000
5052,5052,0.838121,0.838466,0.837914,0.838190,1000
5053,5053,0.837229,0.837543,0.836990,0.837266,1000
5054,5054,0.836245,0.836517,0.835875,0.836196,1000
5055,5055,0.834869,0.835241,0.834423,0.834832,1000
5056,5056,0.833500,0.833873,0.833052,0.833462,1000
5057,5057,0.831762,0.832297,0.831300,0.831799,1000
5058,5058,0.830366,0.830786,0.829920,0.830353,1000
5059,5059,0.829371,0.829632,0.829015,0.829324,1000
5060,5060,0.827876,0.828330,0.827478,0.827904,1000
5061,5061,0.827078,0.827355,0.826886,0.827120,1000
5062,5062,0.825930,0.826249,0.825503,0.825876,1000
5063,5063,0.825020,0.825263,0.824737,0.825000,1000
5064,5064,0.823898,0.824236,0.823581,0.823908,1000
5065,5065,0.823102,0.823286,0.822752,0.823019,1000
5066,5066,0.822068,0.822363,0.821802,0.822083,1000
5067,5067,0.820967,0.821282,0.820596,0.820939,1000
5068,5068,0.820434,0.820556,0.820228,0.820392,1000
5069,5069,0.819555,0.819835,0.819358,0.819597,1000
5070,5070,0.818626,0.818914,0.818328,0.818621,1000
5071,5071,0.817813,0.818022,0.817509,0.817765,1000
5072,5072,0.816748,0.817033,0.816406,0.816719,1000
5073,5073,0.815513,0.815899,0.815196,0.815548,1000
5074,5074,0.814668,0.814957,0.814451,0.814704,1000
5075,5075,0.813898,0.814148,0.813673,0.813910,1000
5076,5076,0.813461,0.813612,0.813357,0.813485,1000
5077,5077,0.813777,0.813802,0.813656,0.813729,1000
5078,5078,0.813712,0.813686,0.813649,0.813668,1000
5079,5079,0.814048,0.814239,0.813975,0.814107,1000
5080,5080,0.814150,0.814195,0.814154,0.814175,1000
5081,5081,0.814442,0.814587,0.814397,0.814492,1000
5082,5082,0.814806,0.814908,0.814716,0.814812,1000
5083,5083,0.815191,0.815235,0.815040,0.815137,1000
5084,5084,0.815229,0.815241,0.815193,0.815217,1000
5085,5085,0.816120,0.816357,0.815830,0.816093,1000
5086,5086,0.816909,0.817176,0.816676,0.816926,1000
5087,5087,0.817621,0.817801,0.817397,0.817599,1000
5088,5088,0.817506,0.817539,0.817488,0.817513,1000
5089,5089,0.817695,0.817700,0.817614,0.817657,1000
5090,5090,0.817628,0.817643,0.817631,0.817637,1000
5091,5091,0.817426,0.817499,0.817381,0.817440,1000
5092,5092,0.817512,0.817492,0.817468,0.817480,1000
5093,5093,0.818113,0.818355,0.817951,0.818153,1000
5094,5094,0.818165,0.818128,0.818107,0.818117,1000
5095,5095,0.818997,0.819236,0.818720,0.818978,1000
5096,5096,0.819209,0.819394,0.819202,0.819298,1000
5097,5097,0.819857,0.819984,0.819667,0.819826,1000
5098,5098,0.820093,0.820152,0.820001,0.820077,1000
5099,5099,0.820969,0.821186,0.820674,0.820930,1000
5100,5100,0.822028,0.822324,0.821680,0.822002,1000
5101,5101,0.822476,0.822646,0.822349,0.822498,1000
5102,5102,0.823475,0.823796,0.823196,0.823496,1000
5103,5103,0.824373,0.824624,0.824103,0.824363,1000
5104,5104,0.824535,0.824688,0.824538,0.824613,1000
5105,5105,0.824542,0.824584,0.824560,0.824572,1000
5106,5106,0.824477,0.824507,0.824451,0.824479,1000
5107,5107,0.824441,0.824432,0.824391,0.824411,1000
5108,5108,0.824217,0.824323,0.824247,0.824285,1000
5109,5109,0.824363,0.824413,0.824354,0.824384,1000
5110,5110,0.824444,0.824491,0.824441,0.824466,1000
5111,5111,0.823692,0.823918,0.823448,0.823683,1000
5112,5112,0.823158,0.823265,0.822907,0.823086,1000
5113,5113,0.822454,0.822626,0.822233,0.822429,1000
5114,5114,0.821189,0.821565,0.820826,0.821195,1000
5115,5115,0.819764,0.820182,0.819315,0.819748,1000
5116,5116,0.818864,0.819091,0.818527,0.818809,1000
5117,5117,0.817651,0.817994,0.817295,0.817644,1000
5118,5118,0.816532,0.816868,0.816203,0.816535,1000
5119,5119,0.815597,0.815877,0.815313,0.815595,1000
5120,5120,0.814795,0.814981,0.814455,0.814718,1000
5121,5121,0.814257,0.814349,0.814034,0.814192,1000
5122,5122,0.813944,0.813993,0.813823,0.813908,1000
5123,5123,0.813273,0.813464,0.813083,0.813273,1000
5124,5124,0.813571,0.813661,0.813482,0.813572,1000
5125,5125,0.813345,0.813398,0.813250,0.813324,1000
5126,5126,0.812977,0.813084,0.812878,0.812981,1000
5127,5127,0.812259,0.812480,0.812050,0.812265,1000
5128,5128,0.812249,0.812254,0.812245,0.812250,1000
5129,5129,0.812481,0.812457,0.812361,0.812409,1000
5130,5130,0.812802,0.812873,0.812659,0.812766,1000
5131,5131,0.812870,0.812906,0.812842,0.812874,1000
5132,5132,0.812800,0.812787,0.812713,0.812750,1000
5133,5133,0.812917,0.812871,0.812815,0.812843,1000
5134,5134,0.812954,0.812931,0.812890,0.812911,1000
5135,5135,0.813322,0.813388,0.813168,0.813278,1000
5136,5136,0.813061,0.813135,0.813012,0.813073,1000
5137,5137,0.812547,0.812720,0.812417,0.812569,1000
5138,5138,0.812851,0.812983,0.812791,0.812887,1000
5139,5139,0.812495,0.812681,0.812505,0.812593,1000
5140,5140,0.812573,0.812587,0.812582,0.812585,1000
5141,5141,0.812884,0.812983,0.812799,0.812891,1000
5142,5142,0.812750,0.812800,0.812723,0.812761,1000
5143,5143,0.812859,0.812894,0.812833,0.812863,1000
5144,5144,0.812280,0.812479,0.812150,0.812314,1000
5145,5145,0.811825,0.811941,0.811621,0.811781,1000
5146,5146,0.811070,0.811262,0.810818,0.811040,1000
5147,5147,0.810023,0.810329,0.809720,0.810024,1000
5148,5148,0.808351,0.808858,0.807860,0.808359,1000
5149,5149,0.807162,0.807530,0.806821,0.807175,1000
5150,5150,0.805354,0.805874,0.804760,0.805317,1000
5151,5151,0.803555,0.804121,0.803097,0.803609,1000
5152,5152,0.801517,0.802131,0.800868,0.801499,1000
5153,5153,0.799683,0.800270,0.799217,0.799743,1000
5154,5154,0.797718,0.798322,0.797105,0.797714,1000
5155,5155,0.796096,0.796620,0.795684,0.796152,1000
5156,5156,0.794650,0.795101,0.794201,0.794651,1000
5157,5157,0.793298,0.793621,0.792741,0.793181,1000
5158,5158,0.791713,0.792173,0.791311,0.791742,1000
5159,5159,0.790993,0.791226,0.790785,0.791006,1000
5160,5160,0.789768,0.790186,0.789484,0.789835,1000
5161,5161,0.788857,0.789157,0.788576,0.788867,1000
5162,5162,0.788093,0.788321,0.787854,0.788087,1000
5163,5163,0.787126,0.787428,0.786864,0.787146,1000
5164,5164,0.785826,0.786256,0.785494,0.785875,1000
5165,5165,0.784333,0.784822,0.783921,0.784372,1000
5166,5166,0.783174,0.783521,0.782793,0.783157,1000
5167,5167,0.782517,0.782719,0.782344,0.782531,1000
5168,5168,0.782477,0.782469,0.782416,0.782442,1000
5169,5169,0.781595,0.781870,0.781380,0.781625,1000
5170,5170,0.780280,0.780676,0.779864,0.780270,1000
5171,5171,0.778341,0.778956,0.777832,0.778394,1000
5172,5172,0.776798,0.777344,0.776446,0.776895,1000
5173,5173,0.775980,0.776257,0.775711,0.775984,1000
5174,5174,0.774156,0.774722,0.773642,0.774182,1000
5175,5175,0.771922,0.772565,0.771182,0.771873,1000
5176,5176,0.769273,0.770051,0.768494,0.769273,1000
5177,5177,0.767012,0.767689,0.766335,0.767012,1000
5178,5178,0.765062,0.765600,0.764392,0.764996,1000
5179,5179,0.763170,0.763757,0.762698,0.763227,1000
5180,5180,0.761557,0.762070,0.761080,0.761575,1000
5181,5181,0.759670,0.760240,0.759097,0.759668,1000
5182,5182,0.758354,0.758735,0.757936,0.758335,1000
5183,5183,0.757395,0.757711,0.757176,0.757443,1000
5184,5184,0.756338,0.756686,0.756037,0.756361,1000
5185,5185,0.754852,0.755352,0.754488,0.754920,1000
5186,5186,0.754135,0.754370,0.753898,0.754134,1000
5187,5187,0.753451,0.753644,0.753224,0.753434,1000
5188,5188,0.753214,0.753266,0.753122,0.753194,1000
5189,5189,0.752843,0.752956,0.752753,0.752855,1000
5190,5190,0.752313,0.752469,0.752139,0.752304,1000
5191,5191,0.751669,0.751871,0.751500,0.751685,1000
5192,5192,0.751243,0.751419,0.751191,0.751305,1000
5193,5193,0.750715,0.750896,0.750546,0.750721,1000
5194,5194,0.750237,0.750394,0.750113,0.750253,1000
5195,5195,0.749179,0.749497,0.748849,0.749173,1000
5196,5196,0.748350,0.748580,0.748073,0.748327,1000
5197,5197,0.747236,0.747595,0.746968,0.747281,1000
5198,5198,0.746643,0.746832,0.746446,0.746639,1000
5199,5199,0.745794,0.746043,0.745533,0.745788,1000
5200,5200,0.744780,0.745161,0.744624,0.744892,1000
5201,5201,0.743957,0.744252,0.743703,0.743977,1000
5202,5202,0.743193,0.743403,0.742910,0.743156,1000
5203,5203,0.742119,0.742437,0.741821,0.742129,1000
5204,5204,0.741041,0.741329,0.740645,0.740987,1000
5205,5205,0.739540,0.739992,0.739140,0.739566,1000
5206,5206,0.738013,0.738475,0.737542,0.738009,1000
5207,5207,0.737098,0.737379,0.736839,0.737109,1000
5208,5208,0.736698,0.736839,0.736608,0.736723,1000
5209,5209,0.735682,0.736013,0.735405,0.735709,1000
5210,5210,0.734711,0.735010,0.734412,0.734711,1000
5211,5211,0.734052,0.734217,0.733794,0.734006,1000
5212,5212,0.733611,0.733698,0.733434,0.733566,1000
5213,5213,0.732716,0.732956,0.732433,0.732695,1000
5214,5214,0.731435,0.731827,0.731084,0.731455,1000
5215,5215,0.730362,0.730707,0.730067,0.730387,1000
5216,5216,0.729590,0.729810,0.729316,0.729563,1000
5217,5217,0.728320,0.728693,0.727947,0.728320,1000
5218,5218,0.727497,0.727693,0.727157,0.727425,1000
5219,5219,0.726032,0.726444,0.725603,0.726024,1000
5220,5220,0.724822,0.725187,0.724471,0.724829,1000
5221,5221,0.724017,0.724277,0.723804,0.724040,1000
5222,5222,0.723568,0.723745,0.723492,0.723619,1000
5223,5223,0.722665,0.722916,0.722315,0.722616,1000
5224,5224,0.721637,0.721912,0.721309,0.721610,1000
5225,5225,0.720940,0.721128,0.720716,0.720922,1000
5226,5226,0.720479,0.720564,0.720258,0.720411,1000
5227,5227,0.720026,0.720175,0.719972,0.720073,1000
5228,5228,0.719406,0.719624,0.719239,0.719431,1000
5229,5229,0.718857,0.718988,0.718609,0.718799,1000
5230,5230,0.717918,0.718164,0.717620,0.717892,1000
5231,5231,0.717491,0.717560,0.717275,0.717417,1000
5232,5232,0.717413,0.717384,0.717355,0.717369,1000
5233,5233,0.717775,0.717990,0.717703,0.717847,1000
5234,5234,0.718087,0.718105,0.717986,0.718046,1000
5235,5235,0.718053,0.718011,0.717982,0.717997,1000
5236,5236,0.717812,0.717880,0.717780,0.717830,1000
5237,5237,0.717352,0.717550,0.717310,0.717430,1000
5238,5238,0.717578,0.717639,0.717543,0.717591,1000
5239,5239,0.717257,0.717399,0.717235,0.717317,1000
5240,5240,0.717266,0.717288,0.717264,0.717276,1000
5241,5241,0.717708,0.717888,0.717605,0.717747,1000
5242,5242,0.718012,0.718098,0.717936,0.718017,1000
5243,5243,0.718232,0.718366,0.718205,0.718285,1000
5244,5244,0.718246,0.718342,0.718316,0.718329,1000
5245,5245,0.718037,0.718066,0.717841,0.717954,1000
5246,5246,0.717220,0.717419,0.716962,0.717191,1000
5247,5247,0.716707,0.716849,0.716557,0.716703,1000
5248,5248,0.716143,0.716324,0.716000,0.716162,1000
5249,5249,0.715692,0.715850,0.715582,0.715716,1000
5250,5250,0.715631,0.715690,0.715667,0.715678,1000
5251,5251,0.715844,0.715852,0.715772,0.715812,1000
5252,5252,0.715976,0.716054,0.715942,0.715998,1000
5253,5253,0.716583,0.716747,0.716402,0.716574,1000
5254,5254,0.717235,0.717437,0.717039,0.717238,1000
5255,5255,0.717382,0.717488,0.717372,0.717430,1000
5256,5256,0.718092,0.718180,0.717834,0.718007,1000
5257,5257,0.719283,0.719637,0.718884,0.719261,1000
5258,5258,0.720308,0.720657,0.720012,0.720335,1000
5259,5259,0.721008,0.721209,0.720806,0.721007,1000
5260,5260,0.721328,0.721427,0.721233,0.721330,1000
5261,5261,0.721105,0.721189,0.721069,0.721129,1000
5262,5262,0.721306,0.721302,0.721222,0.721262,1000
5263,5263,0.721374,0.721394,0.721333,0.721364,1000
5264,5264,0.721487,0.721515,0.721445,0.721480,1000
5265,5265,0.722052,0.722224,0.721881,0.722053,1000
5266,5266,0.722467,0.722592,0.722343,0.722467,1000
5267,5267,0.722973,0.723137,0.722828,0.722982,1000
5268,5268,0.723210,0.723287,0.723146,0.723217,1000
5269,5269,0.723036,0.723086,0.722975,0.723030,1000
5270,5270,0.722968,0.723022,0.723014,0.723018,1000
5271,5271,0.722987,0.723080,0.723051,0.723066,1000
5272,5272,0.723316,0.723397,0.723244,0.723321,1000
5273,5273,0.723559,0.723584,0.723463,0.723523,1000
5274,5274,0.723873,0.724033,0.723798,0.723915,1000
5275,5275,0.724395,0.724475,0.724217,0.724346,1000
5276,5276,0.725055,0.725188,0.724799,0.724993,1000
5277,5277,0.726400,0.726870,0.726003,0.726436,1000
5278,5278,0.727788,0.728201,0.727386,0.727794,1000
5279,5279,0.728615,0.728860,0.728367,0.728614,1000
5280,5280,0.729801,0.730154,0.729443,0.729798,1000
5281,5281,0.731313,0.731758,0.730853,0.731306,1000
5282,5282,0.732813,0.733324,0.732392,0.732858,1000
5283,5283,0.734093,0.734459,0.733719,0.734089,1000
5284,5284,0.734454,0.734641,0.734386,0.734513,1000
5285,5285,0.734172,0.734291,0.734100,0.734196,1000
5286,5286,0.733730,0.733898,0.733643,0.733770,1000
5287,5287,0.733279,0.733430,0.733139,0.733284,1000
5288,5288,0.733081,0.733084,0.732912,0.732998,1000
5289,5289,0.732735,0.732831,0.732688,0.732760,1000
5290,5290,0.732657,0.732702,0.732652,0.732677,1000
5291,5291,0.732338,0.732441,0.732240,0.732340,1000
5292,5292,0.731614,0.731832,0.731396,0.731614,1000
5293,5293,0.730950,0.731138,0.730730,0.730934,1000
5294,5294,0.730407,0.730572,0.730261,0.730417,1000
5295,5295,0.730032,0.730120,0.729867,0.729994,1000
5296,5296,0.729792,0.729885,0.729792,0.729838,1000
5297,5297,0.729413,0.729532,0.729270,0.729401,1000
5298,5298,0.729110,0.729190,0.729009,0.729099,1000
5299,5299,0.728676,0.728796,0.728536,0.728666,1000
5300,5300,0.728601,0.728609,0.728559,0.728584,1000
5301,5301,0.727971,0.728128,0.727737,0.727932,1000
5302,5302,0.727642,0.727712,0.727522,0.727617,1000
5303,5303,0.727699,0.727721,0.727673,0.727697,1000
5304,5304,0.728249,0.728341,0.728044,0.728193,1000
5305,5305,0.728487,0.728595,0.728409,0.728502,1000
5306,5306,0.727872,0.728067,0.727695,0.727881,1000
5307,5307,0.726691,0.727095,0.726422,0.726759,1000
5308,5308,0.725917,0.726182,0.725688,0.725935,1000
5309,5309,0.725288,0.725482,0.725094,0.725288,1000
5310,5310,0.725146,0.725220,0.725162,0.725191,1000
5311,5311,0.725770,0.725947,0.725598,0.725773,1000
5312,5312,0.726727,0.726990,0.726428,0.726709,1000
5313,5313,0.726947,0.727007,0.726870,0.726938,1000
5314,5314,0.726998,0.726940,0.726939,0.726940,1000
5315,5315,0.727535,0.727682,0.727340,0.727511,1000
5316,5316,0.728077,0.728345,0.727960,0.728153,1000
5317,5317,0.728916,0.729139,0.728683,0.728911,1000
5318,5318,0.729392,0.729585,0.729274,0.729429,1000
5319,5319,0.729709,0.729765,0.729610,0.729688,1000
5320,5320,0.729484,0.729519,0.729374,0.729446,1000
5321,5321,0.729247,0.729335,0.729240,0.729287,1000
5322,5322,0.729514,0.729601,0.729457,0.729529,1000
5323,5323,0.729960,0.730046,0.729807,0.729927,1000
5324,5324,0.729855,0.729871,0.729823,0.729847,1000
5325,5325,0.730244,0.730415,0.730152,0.730284,1000
5326,5326,0.731042,0.731395,0.730882,0.731138,1000
5327,5327,0.731141,0.731102,0.731071,0.731086,1000
5328,5328,0.730490,0.730647,0.730270,0.730458,1000
5329,5329,0.729877,0.730048,0.729697,0.729872,1000
5330,5330,0.729119,0.729326,0.728857,0.729091,1000
5331,5331,0.728998,0.729062,0.729037,0.729049,1000
5332,5332,0.728275,0.728533,0.728090,0.728311,1000
5333,5333,0.727567,0.727789,0.727342,0.727565,1000
5334,5334,0.727323,0.727391,0.727241,0.727316,1000
5335,5335,0.727264,0.727298,0.727282,0.727290,1000
5336,5336,0.727444,0.727399,0.727349,0.727374,1000
5337,5337,0.727602,0.727674,0.727535,0.727605,1000
5338,5338,0.727866,0.727923,0.727776,0.727850,1000
5339,5339,0.727631,0.727695,0.727562,0.727628,1000
5340,5340,0.727244,0.727368,0.727145,0.727256,1000
5341,5341,0.727138,0.727163,0.727083,0.727123,1000
5342,5342,0.727215,0.727217,0.727173,0.727195,1000
5343,5343,0.727105,0.727108,0.727033,0.727070,1000
5344,5344,0.726895,0.726956,0.726857,0.726907,1000
5345,5345,0.727124,0.727257,0.727095,0.727176,1000
5346,5346,0.727937,0.728139,0.727695,0.727917,1000
5347,5347,0.729100,0.729423,0.728727,0.729075,1000
5348,5348,0.729434,0.729469,0.729287,0.729378,1000
5349,5349,0.729335,0.729338,0.729303,0.729320,1000
5350,5350,0.729498,0.729562,0.729450,0.729506,1000
5351,5351,0.729619,0.729582,0.729547,0.729565,1000
5352,5352,0.729655,0.729679,0.729626,0.729653,1000
5353,5353,0.729910,0.729908,0.729790,0.729849,1000
5354,5354,0.730234,0.730409,0.730150,0.730280,1000
5355,5355,0.731218,0.731547,0.730962,0.731254,1000
5356,5356,0.731635,0.731735,0.731513,0.731624,1000
5357,5357,0.732055,0.732245,0.731958,0.732101,1000
5358,5358,0.731573,0.731707,0.731369,0.731538,1000
5359,5359,0.731124,0.731235,0.730976,0.731106,1000
5360,5360,0.730546,0.730760,0.730465,0.730613,1000
5361,5361,0.730281,0.730372,0.730165,0.730268,1000
5362,5362,0.730006,0.730060,0.729881,0.729970,1000
5363,5363,0.729397,0.729535,0.729162,0.729348,1000
5364,5364,0.728348,0.728643,0.728039,0.728341,1000
5365,5365,0.727484,0.727662,0.727081,0.727371,1000
5366,5366,0.726516,0.726727,0.726176,0.726451,1000
5367,5367,0.726183,0.726242,0.726063,0.726153,1000
5368,5368,0.725690,0.725837,0.725567,0.725702,1000
5369,5369,0.725393,0.725466,0.725264,0.725365,1000
5370,5370,0.724900,0.725051,0.724783,0.724917,1000
5371,5371,0.724671,0.724735,0.724579,0.724657,1000
5372,5372,0.724649,0.724590,0.724533,0.724562,1000
5373,5373,0.723449,0.723821,0.723187,0.723504,1000
5374,5374,0.722558,0.722805,0.722207,0.722506,1000
5375,5375,0.721783,0.722055,0.721668,0.721862,1000
5376,5376,0.721538,0.721577,0.721333,0.721455,1000
5377,5377,0.721041,0.721171,0.720928,0.721050,1000
5378,5378,0.720468,0.720649,0.720305,0.720477,1000
5379,5379,0.719860,0.720048,0.719681,0.719865,1000
5380,5380,0.719296,0.719476,0.719144,0.719310,1000
5381,5381,0.718734,0.718914,0.718575,0.718745,1000
5382,5382,0.718058,0.718284,0.717889,0.718087,1000
5383,5383,0.717674,0.717760,0.717480,0.717620,1000
5384,5384,0.717349,0.717460,0.717323,0.717392,1000
5385,5385,0.717573,0.717551,0.717477,0.717514,1000
5386,5386,0.717499,0.717463,0.717419,0.717441,1000
5387,5387,0.717535,0.717627,0.717541,0.717584,1000
5388,5388,0.718518,0.718843,0.718262,0.718552,1000
5389,5389,0.719569,0.719864,0.719258,0.719561,1000
5390,5390,0.720240,0.720482,0.720057,0.720269,1000
5391,5391,0.721148,0.721351,0.720852,0.721101,1000
5392,5392,0.721595,0.721833,0.721495,0.721664,1000
5393,5393,0.722172,0.722336,0.722026,0.722181,1000
5394,5394,0.722652,0.722765,0.722496,0.722631,1000
5395,5395,0.722628,0.722582,0.722541,0.722562,1000
5396,5396,0.722337,0.722359,0.722185,0.722272,1000
5397,5397,0.722720,0.722830,0.722573,0.722702,1000
5398,5398,0.722570,0.722617,0.722544,0.722580,1000
5399,5399,0.722110,0.722281,0.722026,0.722154,1000
5400,5400,0.721341,0.721632,0.721184,0.721408,1000
5401,5401,0.720998,0.721129,0.720889,0.721009,1000
5402,5402,0.720126,0.720366,0.719815,0.720090,1000
5403,5403,0.719356,0.719586,0.719154,0.719370,1000
5404,5404,0.718493,0.718767,0.718250,0.718508,1000
5405,5405,0.718368,0.718462,0.718421,0.718441,1000
5406,5406,0.718779,0.718867,0.718670,0.718768,1000
5407,5407,0.718129,0.718351,0.717993,0.718172,1000
5408,5408,0.717635,0.717785,0.717454,0.717619,1000
5409,5409,0.716685,0.717021,0.716509,0.716765,1000
5410,5410,0.716581,0.716624,0.716504,0.716564,1000
5411,5411,0.716376,0.716465,0.716379,0.716422,1000
5412,5412,0.716344,0.716401,0.716382,0.716391,1000
5413,5413,0.715880,0.716028,0.715716,0.715872,1000
5414,5414,0.715802,0.715855,0.715841,0.715848,1000
5415,5415,0.715860,0.715821,0.715798,0.715810,1000
5416,5416,0.715464,0.715606,0.715432,0.715519,1000
5417,5417,0.715332,0.715355,0.715215,0.715285,1000
5418,5418,0.715268,0.715261,0.715241,0.715251,1000
5419,5419,0.715117,0.715109,0.714987,0.715048,1000
5420,5420,0.714680,0.714779,0.714549,0.714664,1000
5421,5421,0.714851,0.714920,0.714802,0.714861,1000
5422,5422,0.715190,0.715288,0.715091,0.715189,1000
5423,5423,0.715319,0.715355,0.715279,0.715317,1000
5424,5424,0.715195,0.715194,0.715089,0.715142,1000
5425,5425,0.714990,0.715007,0.714892,0.714950,1000
5426,5426,0.715202,0.715245,0.715109,0.715177,1000
5427,5427,0.715925,0.716177,0.715715,0.715946,1000
5428,5428,0.716978,0.717281,0.716664,0.716972,1000
5429,5429,0.718447,0.718835,0.717975,0.718405,1000
5430,5430,0.719775,0.720178,0.719359,0.719768,1000
5431,5431,0.720870,0.721257,0.720569,0.720913,1000
5432,5432,0.721559,0.721745,0.721361,0.721553,1000
5433,5433,0.722621,0.722838,0.722245,0.722541,1000
5434,5434,0.723895,0.724227,0.723449,0.723838,1000
5435,5435,0.725299,0.725775,0.724880,0.725328,1000
5436,5436,0.726364,0.726732,0.726083,0.726407,1000
5437,5437,0.728204,0.728737,0.727661,0.728199,1000
5438,5438,0.729204,0.729497,0.728897,0.729197,1000
5439,5439,0.730319,0.730681,0.729996,0.730339,1000
5440,5440,0.731013,0.731184,0.730794,0.730989,1000
5441,5441,0.732033,0.732339,0.731716,0.732027,1000
5442,5442,0.732966,0.733172,0.732643,0.732907,1000
5443,5443,0.733199,0.733232,0.733082,0.733157,1000
5444,5444,0.733139,0.733144,0.733133,0.733139,1000
5445,5445,0.732819,0.732912,0.732718,0.732815,1000
5446,5446,0.731808,0.732099,0.731487,0.731793,1000
5447,5447,0.731263,0.731436,0.731129,0.731283,1000
5448,5448,0.730463,0.730704,0.730208,0.730456,1000
5449,5449,0.729930,0.730113,0.729820,0.729966,1000
5450,5450,0.729998,0.730015,0.729993,0.730004,1000
5451,5451,0.729527,0.729667,0.729379,0.729523,1000
5452,5452,0.728628,0.728891,0.728349,0.728620,1000
5453,5453,0.727686,0.727970,0.727413,0.727691,1000
5454,5454,0.726861,0.727101,0.726596,0.726848,1000
5455,5455,0.725708,0.726048,0.725363,0.725706,1000
5456,5456,0.724813,0.725100,0.724581,0.724840,1000
5457,5457,0.723294,0.723801,0.722911,0.723356,1000
5458,5458,0.721831,0.722258,0.721318,0.721788,1000
5459,5459,0.720692,0.721002,0.720330,0.720666,1000
5460,5460,0.719253,0.719718,0.718907,0.719312,1000
5461,5461,0.718480,0.718722,0.718217,0.718470,1000
5462,5462,0.717664,0.717892,0.717397,0.717645,1000
5463,5463,0.717204,0.717356,0.717109,0.717232,1000
5464,5464,0.717169,0.717137,0.717055,0.717096,1000
5465,5465,0.717340,0.717465,0.717295,0.717380,1000
5466,5466,0.717449,0.717434,0.717409,0.717421,1000
5467,5467,0.717355,0.717342,0.717275,0.717309,1000
5468,5468,0.717146,0.717188,0.717084,0.717136,1000
5469,5469,0.717715,0.717837,0.717513,0.717675,1000
5470,5470,0.717772,0.717864,0.717776,0.717820,1000
5471,5471,0.718156,0.718312,0.718085,0.718199,1000
5472,5472,0.718926,0.719193,0.718734,0.718963,1000
5473,5473,0.719925,0.720278,0.719671,0.719974,1000
5474,5474,0.720761,0.721025,0.720540,0.720783,1000
5475,5475,0.720924,0.720984,0.720891,0.720937,1000
5476,5476,0.720910,0.720903,0.720873,0.720888,1000
5477,5477,0.721231,0.721375,0.721150,0.721263,1000
5478,5478,0.721854,0.722023,0.721672,0.721847,1000
5479,5479,0.722607,0.722813,0.722367,0.722590,1000
5480,5480,0.723410,0.723554,0.723109,0.723331,1000
5481,5481,0.724000,0.724124,0.723758,0.723941,1000
5482,5482,0.725203,0.725585,0.724826,0.725206,1000
5483,5483,0.725617,0.725758,0.725503,0.725630,1000
5484,5484,0.726263,0.726493,0.726095,0.726294,1000
5485,5485,0.727615,0.728074,0.727252,0.727663,1000
5486,5486,0.729024,0.729381,0.728588,0.728984,1000
5487,5487,0.730047,0.730400,0.729746,0.730073,1000
5488,5488,0.731206,0.731613,0.730902,0.731257,1000
5489,5489,0.731827,0.732062,0.731691,0.731876,1000
5490,5490,0.732909,0.733167,0.732571,0.732869,1000
5491,5491,0.733609,0.733796,0.733368,0.733582,1000
5492,5492,0.733654,0.733627,0.733606,0.733617,1000
5493,5493,0.733193,0.733299,0.733028,0.733163,1000
5494,5494,0.732501,0.732730,0.732360,0.732545,1000
5495,5495,0.731839,0.732039,0.731605,0.731822,1000
5496,5496,0.731143,0.731338,0.730924,0.731131,1000
5497,5497,0.730798,0.730962,0.730818,0.730890,1000
5498,5498,0.730705,0.730745,0.730622,0.730683,1000
5499,5499,0.730604,0.730676,0.730670,0.730673,1000
5500,5500,0.730196,0.730326,0.730028,0.730177,1000
5501,5501,0.730229,0.730295,0.730241,0.730268,1000
5502,5502,0.730592,0.730734,0.730519,0.730627,1000
5503,5503,0.730743,0.730835,0.730739,0.730787,1000
5504,5504,0.730884,0.730900,0.730848,0.730874,1000
5505,5505,0.730468,0.730594,0.730353,0.730473,1000
5506,5506,0.729896,0.730051,0.729689,0.729870,1000
5507,5507,0.728934,0.729178,0.728586,0.728882,1000
5508,5508,0.728458,0.728540,0.728247,0.728393,1000
5509,5509,0.728051,0.728117,0.727881,0.727999,1000
5510,5510,0.727825,0.727868,0.727757,0.727813,1000
5511,5511,0.727168,0.727359,0.726970,0.727164,1000
5512,5512,0.726709,0.726853,0.726586,0.726719,1000
5513,5513,0.726190,0.726350,0.726034,0.726192,1000
5514,5514,0.725708,0.725799,0.725462,0.725630,1000
5515,5515,0.724946,0.725128,0.724698,0.724913,1000
5516,5516,0.724317,0.724489,0.724125,0.724307,1000
5517,5517,0.723524,0.723729,0.723235,0.723482,1000
5518,5518,0.722558,0.722787,0.722192,0.722490,1000
5519,5519,0.722320,0.722324,0.722182,0.722253,1000
5520,5520,0.721930,0.721997,0.721777,0.721887,1000
5521,5521,0.721791,0.721813,0.721750,0.721782,1000
5522,5522,0.721726,0.721763,0.721748,0.721755,1000
5523,5523,0.721855,0.721886,0.721826,0.721856,1000
5524,5524,0.722015,0.722123,0.722000,0.722061,1000
5525,5525,0.721809,0.721916,0.721792,0.721854,1000
5526,5526,0.721125,0.721340,0.720899,0.721119,1000
5527,5527,0.721070,0.721066,0.721021,0.721043,1000
5528,5528,0.721144,0.721120,0.721085,0.721102,1000
5529,5529,0.720895,0.721003,0.720918,0.720961,1000
5530,5530,0.720949,0.720975,0.720968,0.720972,1000
5531,5531,0.721629,0.721729,0.721379,0.721554,1000
5532,5532,0.722242,0.722490,0.722058,0.722274,1000
5533,5533,0.722159,0.722212,0.722159,0.722185,1000
5534,5534,0.722221,0.722196,0.722191,0.722194,1000
5535,5535,0.722319,0.722334,0.722269,0.722302,1000
5536,5536,0.722424,0.722457,0.722385,0.722421,1000
5537,5537,0.722397,0.722431,0.722426,0.722429,1000
5538,5538,0.722459,0.722606,0.722524,0.722565,1000
5539,5539,0.723026,0.723159,0.722885,0.723022,1000
5540,5540,0.722804,0.722877,0.722753,0.722815,1000
5541,5541,0.722431,0.722515,0.722258,0.722386,1000
5542,5542,0.722295,0.722308,0.722241,0.722275,1000
5543,5543,0.722394,0.722433,0.722360,0.722396,1000
5544,5544,0.723207,0.723451,0.722964,0.723208,1000
5545,5545,0.723542,0.723741,0.723495,0.723618,1000
5546,5546,0.724548,0.724776,0.724241,0.724508,1000
5547,5547,0.724986,0.725136,0.724847,0.724992,1000
5548,5548,0.725999,0.726282,0.725686,0.725984,1000
5549,5549,0.726098,0.726071,0.726031,0.726051,1000
5550,5550,0.725900,0.725960,0.725882,0.725921,1000
5551,5551,0.725391,0.725538,0.725210,0.725374,1000
5552,5552,0.725538,0.725494,0.725439,0.725466,1000
5553,5553,0.725184,0.725254,0.725073,0.725163,1000
5554,5554,0.724858,0.724993,0.724846,0.724920,1000
5555,5555,0.724688,0.724757,0.724617,0.724687,1000
5556,5556,0.724702,0.724750,0.724721,0.724736,1000
5557,5557,0.725363,0.725579,0.725190,0.725384,1000
5558,5558,0.726343,0.726565,0.726020,0.726292,1000
5559,5559,0.727034,0.727294,0.726831,0.727063,1000
5560,5560,0.727858,0.728161,0.727654,0.727908,1000
5561,5561,0.728790,0.729068,0.728532,0.728800,1000
5562,5562,0.729837,0.730180,0.729543,0.729862,1000
5563,5563,0.730732,0.731100,0.730528,0.730814,1000
5564,5564,0.731277,0.731412,0.731136,0.731274,1000
5565,5565,0.731432,0.731479,0.731385,0.731432,1000
5566,5566,0.731226,0.731263,0.731119,0.731191,1000
5567,5567,0.731172,0.731158,0.731130,0.731144,1000
5568,5568,0.731010,0.731041,0.730953,0.730997,1000
5569,5569,0.730295,0.730498,0.730070,0.730284,1000
5570,5570,0.729373,0.729626,0.729063,0.729345,1000
5571,5571,0.728825,0.728963,0.728637,0.728800,1000
5572,5572,0.728678,0.728705,0.728624,0.728665,1000
5573,5573,0.728335,0.728434,0.728236,0.728335,1000
5574,5574,0.728389,0.728409,0.728375,0.728392,1000
5575,5575,0.728914,0.729061,0.728752,0.728906,1000
5576,5576,0.729221,0.729280,0.729108,0.729194,1000
5577,5577,0.728947,0.729031,0.728891,0.728961,1000
5578,5578,0.728515,0.728680,0.728440,0.728560,1000
5579,5579,0.728258,0.728324,0.728122,0.728223,1000
5580,5580,0.727814,0.727938,0.727694,0.727816,1000
5581,5581,0.727052,0.727297,0.726852,0.727074,1000
5582,5582,0.726162,0.726441,0.725899,0.726170,1000
5583,5583,0.725817,0.725920,0.725705,0.725812,1000
5584,5584,0.725981,0.726014,0.725921,0.725968,1000
5585,5585,0.725387,0.725564,0.725218,0.725391,1000
5586,5586,0.725244,0.725252,0.725133,0.725192,1000
5587,5587,0.724592,0.724768,0.724404,0.724586,1000
5588,5588,0.724143,0.724234,0.723933,0.724084,1000
5589,5589,0.723748,0.723852,0.723653,0.723752,1000
5590,5590,0.724116,0.724251,0.724021,0.724136,1000
5591,5591,0.724954,0.725166,0.724690,0.724928,1000
5592,5592,0.725590,0.725738,0.725364,0.725551,1000
5593,5593,0.726015,0.726172,0.725885,0.726029,1000
5594,5594,0.726005,0.726009,0.725992,0.726001,1000
5595,5595,0.725933,0.725936,0.725881,0.725908,1000
5596,5596,0.726378,0.726493,0.726223,0.726358,1000
5597,5597,0.727029,0.727257,0.726842,0.727049,1000
5598,5598,0.727429,0.727586,0.727338,0.727462,1000
5599,5599,0.727770,0.727810,0.727649,0.727730,1000
5600,5600,0.727698,0.727724,0.727720,0.727722,1000
5601,5601,0.727172,0.727339,0.727011,0.727175,1000
5602,5602,0.726273,0.726577,0.726065,0.726321,1000
5603,5603,0.725972,0.726066,0.725848,0.725957,1000
5604,5604,0.725609,0.725676,0.725436,0.725556,1000
5605,5605,0.726014,0.726103,0.725851,0.725977,1000
5606,5606,0.726869,0.727179,0.726624,0.726902,1000
5607,5607,0.727852,0.728148,0.727572,0.727860,1000
5608,5608,0.728885,0.729112,0.728534,0.728823,1000
5609,5609,0.729289,0.729522,0.729199,0.729361,1000
5610,5610,0.729380,0.729366,0.729364,0.729365,1000
5611,5611,0.729578,0.729616,0.729500,0.729558,1000
5612,5612,0.729685,0.729641,0.729603,0.729622,1000
5613,5613,0.730054,0.730206,0.729936,0.730071,1000
5614,5614,0.730747,0.730898,0.730516,0.730707,1000
5615,5615,0.731301,0.731435,0.731099,0.731267,1000
5616,5616,0.731900,0.732142,0.731738,0.731940,1000
5617,5617,0.732726,0.733004,0.732513,0.732759,1000
5618,5618,0.733616,0.733855,0.733349,0.733602,1000
5619,5619,0.734265,0.734446,0.734056,0.734251,1000
5620,5620,0.734400,0.734505,0.734387,0.734446,1000
5621,5621,0.734246,0.734313,0.734200,0.734257,1000
5622,5622,0.733694,0.733846,0.733495,0.733671,1000
5623,5623,0.733007,0.733186,0.732771,0.732978,1000
5624,5624,0.732108,0.732396,0.731897,0.732146,1000
5625,5625,0.731473,0.731685,0.731290,0.731487,1000
5626,5626,0.730846,0.731065,0.730703,0.730884,1000
5627,5627,0.730572,0.730667,0.730481,0.730574,1000
5628,5628,0.730081,0.730222,0.729921,0.730071,1000
5629,5629,0.729912,0.729957,0.729860,0.729909,1000
5630,5630,0.730041,0.730048,0.729983,0.730016,1000
5631,5631,0.730288,0.730394,0.730219,0.730307,1000
5632,5632,0.730169,0.730244,0.730189,0.730217,1000
5633,5633,0.730599,0.730720,0.730488,0.730604,1000
5634,5634,0.730735,0.730825,0.730723,0.730774,1000
5635,5635,0.731098,0.731263,0.731037,0.731150,1000
5636,5636,0.731182,0.731146,0.731144,0.731145,1000
5637,5637,0.731894,0.732134,0.731677,0.731906,1000
5638,5638,0.733012,0.733384,0.732701,0.733043,1000
5639,5639,0.733888,0.734138,0.733632,0.733885,1000
5640,5640,0.734181,0.734400,0.734162,0.734281,1000
5641,5641,0.734215,0.734259,0.734240,0.734250,1000
5642,5642,0.733772,0.733934,0.733664,0.733799,1000
5643,5643,0.733142,0.733351,0.732967,0.733159,1000
5644,5644,0.732978,0.733019,0.732899,0.732959,1000
5645,5645,0.732632,0.732736,0.732545,0.732640,1000
5646,5646,0.732571,0.732600,0.732566,0.732583,1000
5647,5647,0.731913,0.732105,0.731695,0.731900,1000
5648,5648,0.731752,0.731791,0.731697,0.731744,1000
5649,5649,0.731523,0.731552,0.731388,0.731470,1000
5650,5650,0.731120,0.731215,0.730997,0.731106,1000
5651,5651,0.731260,0.731424,0.731277,0.731351,1000
5652,5652,0.731863,0.731999,0.731700,0.731849,1000
5653,5653,0.732553,0.732760,0.732340,0.732550,1000
5654,5654,0.733090,0.733289,0.732948,0.733119,1000
5655,5655,0.733430,0.733429,0.733286,0.733358,1000
5656,5656,0.733439,0.733414,0.733388,0.733401,1000
5657,5657,0.733397,0.733417,0.733410,0.733414,1000
5658,5658,0.733409,0.733429,0.733422,0.733425,1000
5659,5659,0.733595,0.733552,0.733494,0.733523,1000
5660,5660,0.733430,0.733495,0.733471,0.733483,1000
5661,5661,0.733783,0.733859,0.733685,0.733772,1000
5662,5662,0.734207,0.734317,0.734065,0.734191,1000
5663,5663,0.734187,0.734280,0.734239,0.734259,1000
5664,5664,0.734237,0.734236,0.734217,0.734226,1000
5665,5665,0.734287,0.734325,0.734279,0.734302,1000
5666,5666,0.734315,0.734281,0.734262,0.734271,1000
5667,5667,0.734325,0.734349,0.734313,0.734331,1000
5668,5668,0.734380,0.734398,0.734367,0.734383,1000
5669,5669,0.734433,0.734468,0.734428,0.734448,1000
5670,5670,0.734864,0.735008,0.734750,0.734879,1000
5671,5671,0.735432,0.735590,0.735262,0.735426,1000
5672,5672,0.735491,0.735521,0.735477,0.735499,1000
5673,5673,0.735374,0.735386,0.735288,0.735337,1000
5674,5674,0.735119,0.735194,0.735072,0.735133,1000
5675,5675,0.735385,0.735476,0.735318,0.735397,1000
5676,5676,0.736417,0.736742,0.736121,0.736431,1000
5677,5677,0.737228,0.737387,0.736946,0.737167,1000
5678,5678,0.737794,0.737998,0.737614,0.737806,1000
5679,5679,0.738820,0.739095,0.738500,0.738798,1000
5680,5680,0.739830,0.740095,0.739496,0.739796,1000
5681,5681,0.740666,0.740983,0.740435,0.740709,1000
5682,5682,0.741385,0.741552,0.741163,0.741358,1000
5683,5683,0.741389,0.741420,0.741391,0.741406,1000
5684,5684,0.741439,0.741398,0.741391,0.741395,1000
5685,5685,0.741328,0.741367,0.741343,0.741355,1000
5686,5686,0.741010,0.741114,0.740908,0.741011,1000
5687,5687,0.740988,0.741023,0.741017,0.741020,1000
5688,5688,0.740929,0.740965,0.740918,0.740941,1000
5689,5689,0.740771,0.740855,0.740782,0.740819,1000
5690,5690,0.740596,0.740655,0.740515,0.740585,1000
5691,5691,0.740340,0.740395,0.740232,0.740313,1000
5692,5692,0.740075,0.740141,0.739994,0.740067,1000
5693,5693,0.739729,0.739848,0.739659,0.739753,1000
5694,5694,0.738885,0.739173,0.738676,0.738925,1000
5695,5695,0.737934,0.738225,0.737625,0.737925,1000
5696,5696,0.736532,0.736999,0.736207,0.736603,1000
5697,5697,0.735807,0.736070,0.735613,0.735842,1000
5698,5698,0.735060,0.735298,0.734832,0.735065,1000
5699,5699,0.734153,0.734404,0.733838,0.734121,1000
5700,5700,0.733288,0.733523,0.733010,0.733266,1000
5701,5701,0.731821,0.732222,0.731329,0.731775,1000
5702,5702,0.730389,0.730773,0.729915,0.730344,1000
5703,5703,0.729125,0.729495,0.728767,0.729131,1000
5704,5704,0.727730,0.728145,0.727302,0.727724,1000
5705,5705,0.726747,0.727005,0.726390,0.726697,1000
5706,5706,0.725627,0.725987,0.725378,0.725682,1000
5707,5707,0.724419,0.724789,0.724023,0.724406,1000
5708,5708,0.723777,0.723978,0.723612,0.723795,1000
5709,5709,0.723713,0.723764,0.723738,0.723751,1000
5710,5710,0.724178,0.724323,0.724059,0.724191,1000
5711,5711,0.724208,0.724180,0.724171,0.724176,1000
5712,5712,0.724160,0.724161,0.724148,0.724154,1000
5713,5713,0.724280,0.724326,0.724247,0.724286,1000
5714,5714,0.724310,0.724356,0.724324,0.724340,1000
5715,5715,0.724387,0.724463,0.724406,0.724435,1000
5716,5716,0.725170,0.725412,0.724961,0.725186,1000
5717,5717,0.725810,0.726027,0.725639,0.725833,1000
5718,5718,0.726960,0.727290,0.726617,0.726953,1000
5719,5719,0.727605,0.727823,0.727421,0.727622,1000
5720,5720,0.727663,0.727591,0.727565,0.727578,1000
5721,5721,0.728121,0.728259,0.727945,0.728102,1000
5722,5722,0.728993,0.729243,0.728716,0.728979,1000
5723,5723,0.729820,0.730147,0.729608,0.729878,1000
5724,5724,0.730730,0.730910,0.730433,0.730672,1000
5725,5725,0.730894,0.731016,0.730857,0.730936,1000
5726,5726,0.730645,0.730766,0.730620,0.730693,1000
5727,5727,0.730668,0.730681,0.730671,0.730676,1000
5728,5728,0.730656,0.730705,0.730692,0.730699,1000
5729,5729,0.730813,0.730889,0.730801,0.730845,1000
5730,5730,0.731114,0.731197,0.731034,0.731116,1000
5731,5731,0.731394,0.731432,0.731286,0.731359,1000
5732,5732,0.731729,0.731768,0.731579,0.731673,1000
5733,5733,0.731652,0.731654,0.731638,0.731646,1000
5734,5734,0.731762,0.731771,0.731713,0.731742,1000
5735,5735,0.732051,0.732134,0.731953,0.732043,1000
5736,5736,0.732758,0.732933,0.732522,0.732728,1000
5737,5737,0.733524,0.733724,0.733264,0.733494,1000
5738,5738,0.734558,0.734901,0.734251,0.734576,1000
5739,5739,0.735244,0.735414,0.735027,0.735221,1000
5740,5740,0.735407,0.735428,0.735332,0.735380,1000
5741,5741,0.736227,0.736446,0.735954,0.736200,1000
5742,5742,0.737194,0.737396,0.736844,0.737120,1000
5743,5743,0.738021,0.738300,0.737755,0.738028,1000
5744,5744,0.738412,0.738548,0.738308,0.738428,1000
5745,5745,0.738470,0.738463,0.738446,0.738454,1000
5746,5746,0.738588,0.738547,0.738504,0.738525,1000
5747,5747,0.737961,0.738168,0.737861,0.738014,1000
5748,5748,0.737508,0.737649,0.737336,0.737492,1000
5749,5749,0.737468,0.737456,0.737425,0.737440,1000
5750,5750,0.737056,0.737202,0.736998,0.737100,1000
5751,5751,0.737415,0.737570,0.737353,0.737462,1000
5752,5752,0.737512,0.737500,0.737483,0.737491,1000
5753,5753,0.737301,0.737333,0.737197,0.737265,1000
5754,5754,0.736829,0.736973,0.736724,0.736849,1000
5755,5755,0.736542,0.736614,0.736414,0.736514,1000
5756,5756,0.736465,0.736479,0.736449,0.736464,1000
5757,5757,0.736725,0.736796,0.736643,0.736719,1000
5758,5758,0.736519,0.736579,0.736459,0.736519,1000
5759,5759,0.736534,0.736537,0.736529,0.736533,1000
5760,5760,0.736065,0.736195,0.735906,0.736050,1000
5761,5761,0.735905,0.735969,0.735899,0.735934,1000
5762,5762,0.736190,0.736266,0.736113,0.736189,1000
5763,5763,0.736963,0.737177,0.736721,0.736949,1000
5764,5764,0.737600,0.737742,0.737376,0.737559,1000
5765,5765,0.738568,0.738875,0.738267,0.738571,1000
5766,5766,0.739075,0.739289,0.738958,0.739124,1000
5767,5767,0.739601,0.739705,0.739437,0.739571,1000
5768,5768,0.740050,0.740197,0.739908,0.740052,1000
5769,5769,0.740764,0.741022,0.740574,0.740798,1000
5770,5770,0.741149,0.741235,0.741033,0.741134,1000
5771,5771,0.741238,0.741313,0.741230,0.741272,1000
5772,5772,0.741771,0.741844,0.741580,0.741712,1000
5773,5773,0.742025,0.742176,0.741961,0.742068,1000
5774,5774,0.741992,0.742003,0.741947,0.741975,1000
5775,5775,0.741954,0.741934,0.741899,0.741916,1000
5776,5776,0.741868,0.741850,0.741793,0.741822,1000
5777,5777,0.742453,0.742683,0.742285,0.742484,1000
5778,5778,0.743238,0.743429,0.742993,0.743211,1000
5779,5779,0.743569,0.743667,0.743457,0.743562,1000
5780,5780,0.744255,0.744468,0.744049,0.744259,1000
5781,5781,0.744749,0.744877,0.744592,0.744734,1000
5782,5782,0.745374,0.745561,0.745179,0.745370,1000
5783,5783,0.745599,0.745600,0.745494,0.745547,1000
5784,5784,0.745491,0.745510,0.745478,0.745494,1000
5785,5785,0.745580,0.745579,0.745540,0.745560,1000
5786,5786,0.745765,0.745812,0.745695,0.745753,1000
5787,5787,0.745415,0.745535,0.745348,0.745441,1000
5788,5788,0.745604,0.745623,0.745539,0.745581,1000
5789,5789,0.746140,0.746263,0.745948,0.746106,1000
5790,5790,0.746375,0.746410,0.746269,0.746339,1000
5791,5791,0.747293,0.747597,0.747016,0.747306,1000
5792,5792,0.748391,0.748647,0.748028,0.748337,1000
5793,5793,0.748957,0.749173,0.748787,0.748980,1000
5794,5794,0.749670,0.749872,0.749460,0.749666,1000
5795,5795,0.750661,0.751040,0.750406,0.750723,1000
5796,5796,0.751948,0.752266,0.751553,0.751910,1000
5797,5797,0.752593,0.752832,0.752406,0.752619,1000
5798,5798,0.753026,0.753150,0.752905,0.753027,1000
5799,5799,0.753739,0.753984,0.753542,0.753763,1000
5800,5800,0.754089,0.754112,0.753951,0.754031,1000
5801,5801,0.754813,0.754995,0.754550,0.754772,1000
5802,5802,0.754967,0.754948,0.754867,0.754908,1000
5803,5803,0.754710,0.754774,0.754660,0.754717,1000
5804,5804,0.754421,0.754509,0.754330,0.754419,1000
5805,5805,0.755007,0.755130,0.754802,0.754966,1000
5806,5806,0.755552,0.755743,0.755384,0.755563,1000
5807,5807,0.755424,0.755457,0.755366,0.755412,1000
5808,5808,0.755501,0.755485,0.755451,0.755468,1000
5809,5809,0.755310,0.755377,0.755299,0.755338,1000
5810,5810,0.755242,0.755256,0.755185,0.755220,1000
5811,5811,0.755798,0.756059,0.755672,0.755866,1000
5812,5812,0.756418,0.756529,0.756223,0.756376,1000
5813,5813,0.755980,0.756115,0.755891,0.756003,1000
5814,5814,0.755891,0.755963,0.755928,0.755945,1000
5815,5815,0.755014,0.755311,0.754768,0.755040,1000
5816,5816,0.754295,0.754542,0.754116,0.754329,1000
5817,5817,0.753830,0.753982,0.753684,0.753833,1000
5818,5818,0.753857,0.753911,0.753875,0.753893,1000
5819,5819,0.753912,0.753891,0.753890,0.753891,1000
5820,5820,0.754135,0.754240,0.754079,0.754159,1000
5821,5821,0.754911,0.755106,0.754669,0.754887,1000
5822,5822,0.755379,0.755462,0.755196,0.755329,1000
5823,5823,0.755806,0.756036,0.755710,0.755873,1000
5824,5824,0.756521,0.756705,0.756321,0.756513,1000
5825,5825,0.756431,0.756501,0.756491,0.756496,1000
5826,5826,0.756680,0.756742,0.756628,0.756685,1000
5827,5827,0.757535,0.757663,0.757211,0.757437,1000
5828,5828,0.757947,0.758152,0.757822,0.757987,1000
5829,5829,0.758378,0.758484,0.758254,0.758369,1000
5830,5830,0.758852,0.759009,0.758714,0.758861,1000
5831,5831,0.759471,0.759700,0.759313,0.759506,1000
5832,5832,0.760030,0.760077,0.759814,0.759946,1000
5833,5833,0.760280,0.760386,0.760183,0.760285,1000
5834,5834,0.761238,0.761448,0.760911,0.761179,1000
5835,5835,0.761706,0.761809,0.761518,0.761664,1000
5836,5836,0.762640,0.762946,0.762354,0.762650,1000
5837,5837,0.763204,0.763372,0.763039,0.763206,1000
5838,5838,0.763447,0.763484,0.763356,0.763420,1000
5839,5839,0.763213,0.763314,0.763224,0.763269,1000
5840,5840,0.763324,0.763281,0.763276,0.763279,1000
5841,5841,0.763079,0.763146,0.763033,0.763089,1000
5842,5842,0.762906,0.762940,0.762813,0.762877,1000
5843,5843,0.762790,0.762831,0.762792,0.762811,1000
5844,5844,0.762687,0.762689,0.762584,0.762637,1000
5845,5845,0.761920,0.762113,0.761663,0.761888,1000
5846,5846,0.761604,0.761654,0.761453,0.761553,1000
5847,5847,0.761368,0.761426,0.761317,0.761371,1000
5848,5848,0.760895,0.761063,0.760798,0.760930,1000
5849,5849,0.760209,0.760428,0.759999,0.760214,1000
5850,5850,0.759762,0.759920,0.759669,0.759795,1000
5851,5851,0.759792,0.759818,0.759807,0.759813,1000
5852,5852,0.760127,0.760184,0.760013,0.760098,1000
5853,5853,0.760209,0.760248,0.760179,0.760213,1000
5854,5854,0.760061,0.760130,0.760059,0.760094,1000
5855,5855,0.760951,0.761218,0.760699,0.760958,1000
5856,5856,0.761377,0.761561,0.761283,0.761422,1000
5857,5857,0.761442,0.761453,0.761439,0.761446,1000
5858,5858,0.761505,0.761539,0.761496,0.761518,1000
5859,5859,0.761360,0.761387,0.761275,0.761331,1000
5860,5860,0.761363,0.761315,0.761301,0.761308,1000
5861,5861,0.761298,0.761275,0.761248,0.761261,1000
5862,5862,0.760779,0.760947,0.760678,0.760812,1000
5863,5863,0.760810,0.760865,0.760841,0.760853,1000
5864,5864,0.760970,0.761025,0.760945,0.760985,1000
5865,5865,0.761199,0.761269,0.761138,0.761204,1000
5866,5866,0.761261,0.761202,0.761201,0.761201,1000
5867,5867,0.761791,0.761941,0.761599,0.761770,1000
5868,5868,0.762238,0.762359,0.762087,0.762223,1000
5869,5869,0.762696,0.762747,0.762505,0.762626,1000
5870,5870,0.763602,0.763872,0.763297,0.763585,1000
5871,5871,0.764944,0.765249,0.764480,0.764865,1000
5872,5872,0.765939,0.766243,0.765606,0.765925,1000
5873,5873,0.766835,0.767144,0.766581,0.766862,1000
5874,5874,0.768839,0.769461,0.768260,0.768860,1000
5875,5875,0.770269,0.770700,0.769850,0.770275,1000
5876,5876,0.771949,0.772432,0.771436,0.771934,1000
5877,5877,0.773402,0.773859,0.772970,0.773414,1000
5878,5878,0.774763,0.775161,0.774354,0.774758,1000
5879,5879,0.775763,0.776105,0.775483,0.775794,1000
5880,5880,0.777488,0.777989,0.776975,0.777482,1000
5881,5881,0.779072,0.779632,0.778639,0.779136,1000
5882,5882,0.780184,0.780483,0.779861,0.780172,1000
5883,5883,0.780821,0.781083,0.780663,0.780873,1000
5884,5884,0.782128,0.782497,0.781747,0.782122,1000
5885,5885,0.783163,0.783526,0.782878,0.783202,1000
5886,5886,0.784360,0.784759,0.784040,0.784399,1000
5887,5887,0.785796,0.786132,0.785332,0.785732,1000
5888,5888,0.786372,0.786541,0.786167,0.786354,1000
5889,5889,0.786552,0.786553,0.786461,0.786507,1000
5890,5890,0.786028,0.786210,0.785955,0.786082,1000
5891,5891,0.785268,0.785543,0.785081,0.785312,1000
5892,5892,0.784577,0.784800,0.784362,0.784581,1000
5893,5893,0.783485,0.783811,0.783151,0.783481,1000
5894,5894,0.782336,0.782677,0.781989,0.782333,1000
5895,5895,0.781835,0.781945,0.781612,0.781778,1000
5896,5896,0.780944,0.781252,0.780801,0.781026,1000
5897,5897,0.780607,0.780727,0.780471,0.780599,1000
5898,5898,0.779661,0.779988,0.779465,0.779727,1000
5899,5899,0.778921,0.779209,0.778765,0.778987,1000
5900,5900,0.778526,0.778666,0.778392,0.778529,1000
5901,5901,0.778775,0.778863,0.778709,0.778786,1000
5902,5902,0.778615,0.778655,0.778543,0.778599,1000
5903,5903,0.778645,0.778661,0.778632,0.778646,1000
5904,5904,0.778300,0.778422,0.778230,0.778326,1000
5905,5905,0.778301,0.778260,0.778203,0.778232,1000
5906,5906,0.778144,0.778194,0.778162,0.778178,1000
5907,5907,0.778599,0.778666,0.778441,0.778554,1000
5908,5908,0.779310,0.779625,0.779130,0.779377,1000
5909,5909,0.779456,0.779478,0.779431,0.779454,1000
5910,5910,0.779440,0.779449,0.779444,0.779446,1000
5911,5911,0.779320,0.779315,0.779203,0.779259,1000
5912,5912,0.779201,0.779237,0.779218,0.779227,1000
5913,5913,0.779055,0.779063,0.778923,0.778993,1000
5914,5914,0.778579,0.778759,0.778558,0.778658,1000
5915,5915,0.777793,0.777994,0.777426,0.777710,1000
5916,5916,0.776869,0.777092,0.776563,0.776827,1000
5917,5917,0.776213,0.776393,0.776020,0.776206,1000
5918,5918,0.775904,0.775978,0.775783,0.775881,1000
5919,5919,0.775562,0.775653,0.775458,0.775555,1000
5920,5920,0.775141,0.775292,0.775066,0.775179,1000
5921,5921,0.774571,0.774755,0.774392,0.774574,1000
5922,5922,0.774231,0.774286,0.774039,0.774163,1000
5923,5923,0.773724,0.773890,0.773656,0.773773,1000
5924,5924,0.773218,0.773422,0.773120,0.773271,1000
5925,5925,0.772787,0.772959,0.772691,0.772825,1000
5926,5926,0.772047,0.772284,0.771820,0.772052,1000
5927,5927,0.770951,0.771305,0.770666,0.770986,1000
5928,5928,0.770490,0.770661,0.770384,0.770523,1000
5929,5929,0.770493,0.770472,0.770429,0.770450,1000
5930,5930,0.770114,0.770226,0.770033,0.770129,1000
5931,5931,0.770218,0.770234,0.770186,0.770210,1000
5932,5932,0.770508,0.770634,0.770438,0.770536,1000
5933,5933,0.770611,0.770663,0.770604,0.770634,1000
5934,5934,0.770987,0.771044,0.770855,0.770950,1000
5935,5935,0.771242,0.771290,0.771133,0.771211,1000
5936,5936,0.771678,0.771865,0.771563,0.771714,1000
5937,5937,0.772162,0.772264,0.772010,0.772137,1000
5938,5938,0.772360,0.772430,0.772295,0.772363,1000
5939,5939,0.772913,0.773096,0.772758,0.772927,1000
5940,5940,0.773495,0.773640,0.773311,0.773475,1000
5941,5941,0.773785,0.773839,0.773671,0.773755,1000
5942,5942,0.774223,0.774266,0.774030,0.774148,1000
5943,5943,0.774382,0.774427,0.774298,0.774363,1000
5944,5944,0.774493,0.774527,0.774451,0.774489,1000
5945,5945,0.775182,0.775364,0.774960,0.775162,1000
5946,5946,0.774840,0.774949,0.774766,0.774858,1000
5947,5947,0.774857,0.774858,0.774857,0.774858,1000
5948,5948,0.775138,0.775283,0.775087,0.775185,1000
5949,5949,0.775915,0.776174,0.775717,0.775946,1000
5950,5950,0.776058,0.776127,0.776044,0.776085,1000
5951,5951,0.776027,0.776012,0.775950,0.775981,1000
5952,5952,0.776424,0.776452,0.776234,0.776343,1000
5953,5953,0.776807,0.776862,0.776623,0.776743,1000
5954,5954,0.777431,0.777599,0.777204,0.777402,1000
5955,5955,0.777279,0.777320,0.777251,0.777286,1000
5956,5956,0.776500,0.776755,0.776300,0.776527,1000
5957,5957,0.776325,0.776379,0.776252,0.776316,1000
5958,5958,0.775931,0.776033,0.775791,0.775912,1000
5959,5959,0.775756,0.775820,0.775741,0.775780,1000
5960,5960,0.776288,0.776330,0.776076,0.776203,1000
5961,5961,0.777165,0.777408,0.776852,0.777130,1000
5962,5962,0.778139,0.778438,0.777834,0.778136,1000
5963,5963,0.779238,0.779597,0.778923,0.779260,1000
5964,5964,0.780467,0.780834,0.780107,0.780471,1000
5965,5965,0.781039,0.781268,0.780900,0.781084,1000
5966,5966,0.781487,0.781469,0.781292,0.781380,1000
5967,5967,0.782256,0.782499,0.781983,0.782241,1000
5968,5968,0.782785,0.782878,0.782584,0.782731,1000
5969,5969,0.783309,0.783491,0.783140,0.783315,1000
5970,5970,0.784228,0.784457,0.783930,0.784194,1000
5971,5971,0.784933,0.785218,0.784745,0.784982,1000
5972,5972,0.785386,0.785577,0.785302,0.785440,1000
5973,5973,0.785317,0.785303,0.785186,0.785245,1000
5974,5974,0.784274,0.784588,0.784026,0.784307,1000
5975,5975,0.783009,0.783378,0.782582,0.782980,1000
5976,5976,0.782021,0.782300,0.781718,0.782009,1000
5977,5977,0.781066,0.781331,0.780750,0.781041,1000
5978,5978,0.780080,0.780359,0.779775,0.780067,1000
5979,5979,0.779394,0.779606,0.779211,0.779408,1000
5980,5980,0.778509,0.778792,0.778264,0.778528,1000
5981,5981,0.778156,0.778246,0.778004,0.778125,1000
5982,5982,0.777832,0.777929,0.777761,0.777845,1000
5983,5983,0.777827,0.777809,0.777778,0.777793,1000
5984,5984,0.777226,0.777381,0.777028,0.777205,1000
5985,5985,0.776713,0.776899,0.776636,0.776767,1000
5986,5986,0.776622,0.776665,0.776577,0.776621,1000
5987,5987,0.776034,0.776249,0.775931,0.776090,1000
5988,5988,0.776085,0.776036,0.775990,0.776013,1000
5989,5989,0.776362,0.776475,0.776262,0.776368,1000
5990,5990,0.777071,0.777292,0.776866,0.777079,1000
5991,5991,0.776786,0.776865,0.776682,0.776774,1000
5992,5992,0.776944,0.776959,0.776874,0.776917,1000
5993,5993,0.777533,0.777715,0.777346,0.777531,1000
5994,5994,0.778152,0.778423,0.778011,0.778217,1000
5995,5995,0.779005,0.779205,0.778749,0.778977,1000
5996,5996,0.780286,0.780687,0.779897,0.780292,1000
5997,5997,0.781359,0.781796,0.781102,0.781449,1000
5998,5998,0.782195,0.782410,0.781966,0.782188,1000
5999,5999,0.783312,0.783640,0.782970,0.783305,1000
6000,6000,0.784428,0.784760,0.784088,0.784424,1000
6001,6001,0.785448,0.785772,0.785150,0.785461,1000
6002,6002,0.786474,0.786734,0.786146,0.786440,1000
6003,6003,0.786935,0.787116,0.786804,0.786960,1000
6004,6004,0.787695,0.787983,0.787510,0.787746,1000
6005,6005,0.788075,0.788196,0.787989,0.788092,1000
6006,6006,0.788577,0.788742,0.788442,0.788592,1000
6007,6007,0.788919,0.788965,0.788793,0.788879,1000
6008,6008,0.788975,0.789046,0.788969,0.789007,1000
6009,6009,0.789426,0.789541,0.789295,0.789418,1000
6010,6010,0.789516,0.789470,0.789446,0.789458,1000
6011,6011,0.789382,0.789411,0.789371,0.789391,1000
6012,6012,0.788178,0.788591,0.787906,0.788248,1000
6013,6013,0.787081,0.787421,0.786712,0.787067,1000
6014,6014,0.785409,0.785884,0.784872,0.785378,1000
6015,6015,0.783944,0.784372,0.783511,0.783941,1000
6016,6016,0.782807,0.783098,0.782376,0.782737,1000
6017,6017,0.781574,0.781913,0.781207,0.781560,1000
6018,6018,0.780004,0.780458,0.779515,0.779987,1000
6019,6019,0.778358,0.778891,0.777954,0.778422,1000
6020,6020,0.776986,0.777404,0.776532,0.776968,1000
6021,6021,0.775385,0.775846,0.774886,0.775366,1000
6022,6022,0.773804,0.774270,0.773331,0.773800,1000
6023,6023,0.772471,0.772875,0.772082,0.772478,1000
6024,6024,0.770763,0.771296,0.770284,0.770790,1000
6025,6025,0.768874,0.769429,0.768264,0.768846,1000
6026,6026,0.767010,0.767556,0.766451,0.767004,1000
6027,6027,0.765573,0.765963,0.765073,0.765518,1000
6028,6028,0.763682,0.764223,0.763115,0.763669,1000
6029,6029,0.761463,0.762129,0.760812,0.761470,1000
6030,6030,0.759795,0.760303,0.759305,0.759804,1000
6031,6031,0.758742,0.759008,0.758327,0.758668,1000
6032,6032,0.758109,0.758267,0.757924,0.758096,1000
6033,6033,0.757823,0.757866,0.757669,0.757768,1000
6034,6034,0.757693,0.757728,0.757693,0.757710,1000
6035,6035,0.757568,0.757639,0.757578,0.757609,1000
6036,6036,0.757680,0.757670,0.757642,0.757656,1000
6037,6037,0.757024,0.757193,0.756797,0.756995,1000
6038,6038,0.756662,0.756798,0.756630,0.756714,1000
6039,6039,0.756871,0.756840,0.756782,0.756811,1000
6040,6040,0.756684,0.756735,0.756670,0.756703,1000
6041,6041,0.757339,0.757482,0.757122,0.757302,1000
6042,6042,0.758025,0.758265,0.757820,0.758043,1000
6043,6043,0.758242,0.758225,0.758141,0.758183,1000
6044,6044,0.757894,0.757991,0.757826,0.757908,1000
6045,6045,0.757925,0.757902,0.757897,0.757900,1000
6046,6046,0.757702,0.757762,0.757644,0.757703,1000
6047,6047,0.757536,0.757597,0.757507,0.757552,1000
6048,6048,0.757019,0.757163,0.756829,0.756996,1000
6049,6049,0.756863,0.756899,0.756815,0.756857,1000
6050,6050,0.756422,0.756552,0.756291,0.756422,1000
6051,6051,0.755682,0.755924,0.755498,0.755711,1000
6052,6052,0.755119,0.755277,0.754906,0.755092,1000
6053,6053,0.754516,0.754689,0.754343,0.754516,1000
6054,6054,0.754266,0.754360,0.754226,0.754293,1000
6055,6055,0.754599,0.754744,0.754536,0.754640,1000
6056,6056,0.755146,0.755276,0.754982,0.755129,1000
6057,6057,0.755884,0.756089,0.755646,0.755867,1000
6058,6058,0.756213,0.756364,0.756135,0.756250,1000
6059,6059,0.756558,0.756719,0.756502,0.756611,1000
6060,6060,0.757061,0.757223,0.756940,0.757082,1000
6061,6061,0.757529,0.757652,0.757389,0.757520,1000
6062,6062,0.758506,0.758779,0.758198,0.758488,1000
6063,6063,0.759804,0.760177,0.759397,0.759787,1000
6064,6064,0.760921,0.761235,0.760566,0.760901,1000
6065,6065,0.761627,0.761858,0.761416,0.761637,1000
6066,6066,0.761738,0.761779,0.761713,0.761746,1000
6067,6067,0.761721,0.761766,0.761757,0.761761,1000
6068,6068,0.761457,0.761498,0.761272,0.761385,1000
6069,6069,0.761103,0.761198,0.761037,0.761117,1000
6070,6070,0.760568,0.760707,0.760355,0.760531,1000
6071,6071,0.759495,0.759818,0.759208,0.759513,1000
6072,6072,0.758571,0.758852,0.758285,0.758568,1000
6073,6073,0.757887,0.758137,0.757767,0.757952,1000
6074,6074,0.757641,0.757727,0.757534,0.757630,1000
6075,6075,0.757395,0.757511,0.757409,0.757460,1000
6076,6076,0.756756,0.756952,0.756517,0.756734,1000
6077,6077,0.755969,0.756193,0.755729,0.755961,1000
6078,6078,0.754946,0.755283,0.754703,0.754993,1000
6079,6079,0.754042,0.754300,0.753706,0.754003,1000
6080,6080,0.753477,0.753593,0.753242,0.753417,1000
6081,6081,0.753397,0.753403,0.753390,0.753397,1000
6082,6082,0.753392,0.753364,0.753336,0.753350,1000
6083,6083,0.753879,0.753997,0.753699,0.753848,1000
6084,6084,0.754384,0.754507,0.754203,0.754355,1000
6085,6085,0.755357,0.755645,0.755050,0.755348,1000
6086,6086,0.756633,0.756997,0.756235,0.756616,1000
6087,6087,0.757738,0.758069,0.757398,0.757733,1000
6088,6088,0.759063,0.759404,0.758632,0.759018,1000
6089,6089,0.759849,0.760052,0.759575,0.759813,1000
6090,6090,0.760846,0.761125,0.760519,0.760822,1000
6091,6091,0.762012,0.762328,0.761633,0.761980,1000
6092,6092,0.763212,0.763559,0.762830,0.763195,1000
6093,6093,0.764247,0.764605,0.763954,0.764280,1000
6094,6094,0.765283,0.765674,0.765030,0.765352,1000
6095,6095,0.766363,0.766684,0.766069,0.766377,1000
6096,6096,0.767538,0.767829,0.767158,0.767494,1000
6097,6097,0.768872,0.769351,0.768493,0.768922,1000
6098,6098,0.770452,0.770947,0.770012,0.770479,1000
6099,6099,0.772075,0.772549,0.771593,0.772071,1000
6100,6100,0.773584,0.773943,0.773078,0.773511,1000
6101,6101,0.774604,0.774820,0.774215,0.774518,1000
6102,6102,0.775297,0.775539,0.775067,0.775303,1000
6103,6103,0.775899,0.776062,0.775712,0.775887,1000
6104,6104,0.776850,0.777148,0.776566,0.776857,1000
6105,6105,0.777446,0.777633,0.777275,0.777454,1000
6106,6106,0.777638,0.777644,0.777557,0.777600,1000
6107,6107,0.777960,0.778080,0.777859,0.777969,1000
6108,6108,0.778078,0.778100,0.778040,0.778070,1000
6109,6109,0.778381,0.778453,0.778276,0.778364,1000
6110,6110,0.778471,0.778583,0.778482,0.778533,1000
6111,6111,0.779109,0.779328,0.778961,0.779145,1000
6112,6112,0.779804,0.780020,0.779616,0.779818,1000
6113,6113,0.780629,0.780944,0.780424,0.780684,1000
6114,6114,0.781296,0.781544,0.781147,0.781346,1000
6115,6115,0.782488,0.782880,0.782171,0.782526,1000
6116,6116,0.784222,0.784789,0.783743,0.784266,1000
6117,6117,0.785977,0.786469,0.785451,0.785960,1000
6118,6118,0.787690,0.788171,0.787150,0.787660,1000
6119,6119,0.789692,0.790227,0.789041,0.789634,1000
6120,6120,0.791343,0.791814,0.790807,0.791311,1000
6121,6121,0.793138,0.793718,0.792606,0.793162,1000
6122,6122,0.794763,0.795145,0.794229,0.794687,1000
6123,6123,0.796682,0.797292,0.796089,0.796690,1000
6124,6124,0.799125,0.799880,0.798406,0.799143,1000
6125,6125,0.801062,0.801638,0.800486,0.801062,1000
6126,6126,0.802290,0.802688,0.801937,0.802312,1000
6127,6127,0.803517,0.803930,0.803183,0.803556,1000
6128,6128,0.804852,0.805208,0.804445,0.804827,1000
6129,6129,0.806287,0.806703,0.805836,0.806269,1000
6130,6130,0.807465,0.807803,0.807095,0.807449,1000
6131,6131,0.808365,0.808580,0.808058,0.808319,1000
6132,6132,0.809383,0.809809,0.809121,0.809465,1000
6133,6133,0.810380,0.810695,0.810127,0.810411,1000
6134,6134,0.810765,0.810867,0.810656,0.810761,1000
6135,6135,0.811350,0.811431,0.811122,0.811276,1000
6136,6136,0.811878,0.811999,0.811665,0.811832,1000
6137,6137,0.812351,0.812553,0.812220,0.812386,1000
6138,6138,0.813337,0.813771,0.813132,0.813452,1000
6139,6139,0.814930,0.815372,0.814485,0.814928,1000
6140,6140,0.817112,0.817917,0.816536,0.817226,1000
6141,6141,0.819125,0.819676,0.818545,0.819111,1000
6142,6142,0.821288,0.821902,0.820612,0.821257,1000
6143,6143,0.823033,0.823582,0.822508,0.823045,1000
6144,6144,0.825271,0.826012,0.824641,0.825326,1000
6145,6145,0.827518,0.828167,0.826855,0.827511,1000
6146,6146,0.829407,0.829981,0.828840,0.829410,1000
6147,6147,0.830878,0.831214,0.830381,0.830797,1000
6148,6148,0.832428,0.833005,0.831985,0.832495,1000
6149,6149,0.834263,0.834864,0.833770,0.834317,1000
6150,6150,0.835947,0.836523,0.835504,0.836014,1000
6151,6151,0.837761,0.838311,0.837250,0.837780,1000
6152,6152,0.839439,0.839802,0.838868,0.839335,1000
6153,6153,0.840891,0.841340,0.840414,0.840877,1000
6154,6154,0.842422,0.842840,0.841933,0.842387,1000
6155,6155,0.843930,0.844318,0.843426,0.843872,1000
6156,6156,0.845384,0.845846,0.844934,0.845390,1000
6157,6157,0.846999,0.847515,0.846534,0.847025,1000
6158,6158,0.849298,0.849999,0.848625,0.849312,1000
6159,6159,0.851602,0.852304,0.850922,0.851613,1000
6160,6160,0.853340,0.853818,0.852800,0.853309,1000
6161,6161,0.854649,0.855083,0.854264,0.854674,1000
6162,6162,0.855740,0.856022,0.855399,0.855711,1000
6163,6163,0.856721,0.857021,0.856416,0.856718,1000
6164,6164,0.858424,0.858951,0.857920,0.858435,1000
6165,6165,0.859299,0.859689,0.859110,0.859400,1000
6166,6166,0.860682,0.861114,0.860323,0.860718,1000
6167,6167,0.861647,0.861860,0.861333,0.861597,1000
6168,6168,0.861571,0.861573,0.861553,0.861563,1000
6169,6169,0.860726,0.861055,0.860620,0.860837,1000
6170,6170,0.859884,0.860173,0.859604,0.859889,1000
6171,6171,0.860024,0.860121,0.860014,0.860067,1000
6172,6172,0.860224,0.860220,0.860149,0.860185,1000
6173,6173,0.860251,0.860272,0.860231,0.860251,1000
6174,6174,0.860188,0.860187,0.860132,0.860160,1000
6175,6175,0.859834,0.859923,0.859721,0.859822,1000
6176,6176,0.859740,0.859735,0.859661,0.859698,1000
6177,6177,0.859811,0.859803,0.859754,0.859779,1000
6178,6178,0.859589,0.859697,0.859627,0.859662,1000
6179,6179,0.859455,0.859494,0.859350,0.859422,1000
6180,6180,0.859386,0.859396,0.859374,0.859385,1000
6181,6181,0.859466,0.859455,0.859422,0.859439,1000
6182,6182,0.858870,0.859046,0.858710,0.858878,1000
6183,6183,0.857853,0.858109,0.857450,0.857779,1000
6184,6184,0.856683,0.857025,0.856379,0.856702,1000
6185,6185,0.856366,0.856518,0.856361,0.856439,1000
6186,6186,0.856293,0.856348,0.856269,0.856309,1000
6187,6187,0.855893,0.856012,0.855758,0.855885,1000
6188,6188,0.856072,0.856191,0.856050,0.856121,1000
6189,6189,0.856582,0.856784,0.856478,0.856631,1000
6190,6190,0.856066,0.856238,0.855902,0.856070,1000
6191,6191,0.855792,0.855925,0.855801,0.855863,1000
6192,6192,0.855449,0.855608,0.855389,0.855498,1000
6193,6193,0.854371,0.854697,0.854010,0.854353,1000
6194,6194,0.853196,0.853534,0.852832,0.853183,1000
6195,6195,0.851769,0.852192,0.851343,0.851767,1000
6196,6196,0.850854,0.851101,0.850530,0.850815,1000
6197,6197,0.849949,0.850213,0.849697,0.849955,1000
6198,6198,0.848990,0.849226,0.848602,0.848914,1000
6199,6199,0.847939,0.848246,0.847674,0.847960,1000
6200,6200,0.847231,0.847435,0.846985,0.847210,1000
6201,6201,0.846157,0.846496,0.845885,0.846190,1000
6202,6202,0.845943,0.846062,0.845952,0.846007,1000
6203,6203,0.846005,0.845970,0.845939,0.845954,1000
6204,6204,0.845759,0.845831,0.845725,0.845778,1000
6205,6205,0.845593,0.845624,0.845492,0.845558,1000
6206,6206,0.845651,0.845637,0.845601,0.845619,1000
6207,6207,0.846133,0.846251,0.845959,0.846105,1000
6208,6208,0.846326,0.846426,0.846278,0.846352,1000
6209,6209,0.845757,0.845944,0.845595,0.845770,1000
6210,6210,0.845132,0.845324,0.844942,0.845133,1000
6211,6211,0.844482,0.844619,0.844179,0.844399,1000
6212,6212,0.843370,0.843654,0.843015,0.843334,1000
6213,6213,0.843055,0.843132,0.842958,0.843045,1000
6214,6214,0.842882,0.842913,0.842800,0.842856,1000
6215,6215,0.841881,0.842205,0.841648,0.841927,1000
6216,6216,0.841187,0.841400,0.840949,0.841175,1000
6217,6217,0.840305,0.840545,0.840006,0.840276,1000
6218,6218,0.839765,0.839997,0.839758,0.839878,1000
6219,6219,0.839750,0.839749,0.839639,0.839694,1000
6220,6220,0.839005,0.839247,0.838865,0.839056,1000
6221,6221,0.838471,0.838668,0.838336,0.838502,1000
6222,6222,0.837855,0.838040,0.837644,0.837842,1000
6223,6223,0.837204,0.837389,0.837000,0.837194,1000
6224,6224,0.836145,0.836491,0.835889,0.836190,1000
6225,6225,0.834751,0.835156,0.834270,0.834713,1000
6226,6226,0.834026,0.834169,0.833703,0.833936,1000
6227,6227,0.832237,0.832780,0.831790,0.832285,1000
6228,6228,0.831246,0.831567,0.830952,0.831259,1000
6229,6229,0.831130,0.831113,0.830988,0.831050,1000
6230,6230,0.830977,0.830977,0.830914,0.830945,1000
6231,6231,0.830704,0.830778,0.830635,0.830707,1000
6232,6232,0.830391,0.830450,0.830230,0.830340,1000
6233,6233,0.830515,0.830511,0.830432,0.830471,1000
6234,6234,0.830666,0.830822,0.830660,0.830741,1000
6235,6235,0.831070,0.831127,0.830949,0.831038,1000
6236,6236,0.832281,0.832640,0.831900,0.832270,1000
6237,6237,0.832947,0.833066,0.832698,0.832882,1000
6238,6238,0.833149,0.833209,0.833058,0.833134,1000
6239,6239,0.833500,0.833671,0.833423,0.833547,1000
6240,6240,0.833616,0.833689,0.833623,0.833656,1000
6241,6241,0.833911,0.833943,0.833810,0.833877,1000
6242,6242,0.834223,0.834383,0.834149,0.834266,1000
6243,6243,0.835045,0.835178,0.834757,0.834967,1000
6244,6244,0.835647,0.835798,0.835414,0.835606,1000
6245,6245,0.836555,0.836822,0.836261,0.836541,1000
6246,6246,0.837247,0.837434,0.837022,0.837228,1000
6247,6247,0.837118,0.837139,0.837063,0.837101,1000
6248,6248,0.837069,0.837029,0.836968,0.836999,1000
6249,6249,0.836285,0.836540,0.836147,0.836343,1000
6250,6250,0.835749,0.835979,0.835667,0.835823,1000
6251,6251,0.835417,0.835539,0.835297,0.835418,1000
6252,6252,0.834880,0.834958,0.834564,0.834761,1000
6253,6253,0.833640,0.833966,0.833285,0.833625,1000
6254,6254,0.832949,0.833163,0.832768,0.832966,1000
6255,6255,0.832241,0.832506,0.832112,0.832309,1000
6256,6256,0.831117,0.831481,0.830771,0.831126,1000
6257,6257,0.829629,0.830089,0.829201,0.829645,1000
6258,6258,0.828540,0.828896,0.828254,0.828575,1000
6259,6259,0.827364,0.827706,0.826962,0.827334,1000
6260,6260,0.825697,0.826243,0.825308,0.825775,1000
6261,6261,0.824134,0.824590,0.823576,0.824083,1000
6262,6262,0.822934,0.823257,0.822550,0.822903,1000
6263,6263,0.821691,0.822086,0.821387,0.821737,1000
6264,6264,0.820539,0.820931,0.820240,0.820585,1000
6265,6265,0.819671,0.819914,0.819339,0.819627,1000
6266,6266,0.818421,0.818823,0.818135,0.818479,1000
6267,6267,0.817690,0.817932,0.817463,0.817697,1000
6268,6268,0.817171,0.817284,0.816930,0.817107,1000
6269,6269,0.816433,0.816644,0.816247,0.816445,1000
6270,6270,0.815327,0.815665,0.814996,0.815331,1000
6271,6271,0.814194,0.814533,0.813850,0.814192,1000
6272,6272,0.813248,0.813567,0.813033,0.813300,1000
6273,6273,0.812427,0.812694,0.812175,0.812435,1000
6274,6274,0.811788,0.812007,0.811640,0.811823,1000
6275,6275,0.811463,0.811518,0.811256,0.811387,1000
6276,6276,0.810814,0.810969,0.810611,0.810790,1000
6277,6277,0.810754,0.810741,0.810699,0.810720,1000
6278,6278,0.810813,0.810774,0.810749,0.810761,1000
6279,6279,0.810678,0.810738,0.810718,0.810728,1000
6280,6280,0.810742,0.810805,0.810769,0.810787,1000
6281,6281,0.811614,0.811805,0.811335,0.811570,1000
6282,6282,0.812525,0.812786,0.812224,0.812505,1000
6283,6283,0.813660,0.813973,0.813295,0.813634,1000
6284,6284,0.815268,0.815721,0.814757,0.815239,1000
6285,6285,0.816633,0.817021,0.816198,0.816610,1000
6286,6286,0.818625,0.819142,0.817972,0.818557,1000
6287,6287,0.820594,0.821242,0.820001,0.820621,1000
6288,6288,0.822942,0.823593,0.822220,0.822907,1000
6289,6289,0.825375,0.826134,0.824643,0.825389,1000
6290,6290,0.827627,0.828363,0.826989,0.827676,1000
6291,6291,0.829252,0.829727,0.828779,0.829253,1000
6292,6292,0.830959,0.831595,0.830513,0.831054,1000
6293,6293,0.832749,0.833292,0.832258,0.832775,1000
6294,6294,0.833383,0.833543,0.833189,0.833366,1000
6295,6295,0.834331,0.834559,0.834008,0.834283,1000
6296,6296,0.835194,0.835473,0.834924,0.835199,1000
6297,6297,0.835681,0.835798,0.835521,0.835660,1000
6298,6298,0.836567,0.836732,0.836237,0.836485,1000
6299,6299,0.837568,0.837849,0.837219,0.837534,1000
6300,6300,0.837581,0.837680,0.837613,0.837646,1000
6301,6301,0.838370,0.838568,0.838143,0.838356,1000
6302,6302,0.839159,0.839388,0.838911,0.839149,1000
6303,6303,0.839600,0.839687,0.839439,0.839563,1000
6304,6304,0.839899,0.840110,0.839857,0.839983,1000
6305,6305,0.840577,0.840738,0.840390,0.840564,1000
6306,6306,0.841347,0.841537,0.841088,0.841312,1000
6307,6307,0.842099,0.842371,0.841882,0.842127,1000
6308,6308,0.842497,0.842656,0.842412,0.842534,1000
6309,6309,0.843377,0.843592,0.843103,0.843348,1000
6310,6310,0.844877,0.845246,0.844369,0.844808,1000
6311,6311,0.845697,0.845981,0.845439,0.845710,1000
6312,6312,0.846519,0.846791,0.846292,0.846542,1000
6313,6313,0.847476,0.847719,0.847175,0.847447,1000
6314,6314,0.848027,0.848189,0.847846,0.848018,1000
6315,6315,0.848240,0.848372,0.848208,0.848290,1000
6316,6316,0.848005,0.848147,0.848025,0.848086,1000
6317,6317,0.847667,0.847760,0.847481,0.847620,1000
6318,6318,0.847919,0.847991,0.847820,0.847906,1000
6319,6319,0.847528,0.847631,0.847396,0.847514,1000
6320,6320,0.846777,0.847012,0.846582,0.846797,1000
6321,6321,0.846276,0.846445,0.846143,0.846294,1000
6322,6322,0.846321,0.846376,0.846338,0.846357,1000
6323,6323,0.846270,0.846300,0.846252,0.846276,1000
6324,6324,0.847066,0.847377,0.846869,0.847123,1000
6325,6325,0.847799,0.847998,0.847594,0.847796,1000
6326,6326,0.848462,0.848693,0.848279,0.848486,1000
6327,6327,0.848495,0.848601,0.848548,0.848574,1000
6328,6328,0.849348,0.849579,0.849115,0.849347,1000
6329,6329,0.850386,0.850710,0.850081,0.850395,1000
6330,6330,0.851529,0.851789,0.851145,0.851467,1000
6331,6331,0.851899,0.852038,0.851774,0.851906,1000
6332,6332,0.851953,0.851905,0.851905,0.851905,1000
6333,6333,0.852204,0.852263,0.852097,0.852180,1000
6334,6334,0.852888,0.853139,0.852696,0.852917,1000
6335,6335,0.854108,0.854406,0.853719,0.854062,1000
6336,6336,0.854592,0.854821,0.854471,0.854646,1000
6337,6337,0.855043,0.855145,0.854915,0.855030,1000
6338,6338,0.855230,0.855316,0.855184,0.855250,1000
6339,6339,0.855018,0.855075,0.854924,0.855000,1000
6340,6340,0.855326,0.855344,0.855185,0.855265,1000
6341,6341,0.855131,0.855184,0.855115,0.855150,1000
6342,6342,0.855187,0.855138,0.855128,0.855133,1000
6343,6343,0.854198,0.854488,0.853936,0.854212,1000
6344,6344,0.852927,0.853304,0.852527,0.852916,1000
6345,6345,0.851369,0.851831,0.850902,0.851367,1000
6346,6346,0.851063,0.851126,0.850921,0.851024,1000
6347,6347,0.850577,0.850735,0.850487,0.850611,1000
6348,6348,0.850784,0.850912,0.850773,0.850843,1000
6349,6349,0.851776,0.851974,0.851452,0.851713,1000
6350,6350,0.851980,0.852074,0.851907,0.851990,1000
6351,6351,0.852074,0.852150,0.852076,0.852113,1000
6352,6352,0.852421,0.852563,0.852355,0.852459,1000
6353,6353,0.853310,0.853703,0.853129,0.853416,1000
6354,6354,0.853984,0.854181,0.853828,0.854005,1000
6355,6355,0.854324,0.854399,0.854217,0.854308,1000
6356,6356,0.854838,0.855026,0.854694,0.854860,1000
6357,6357,0.855434,0.855646,0.855283,0.855465,1000
6358,6358,0.856579,0.856977,0.856279,0.856628,1000
6359,6359,0.857704,0.857953,0.857341,0.857647,1000
6360,6360,0.858293,0.858426,0.858067,0.858246,1000
6361,6361,0.858335,0.858386,0.858321,0.858354,1000
6362,6362,0.859270,0.859600,0.859024,0.859312,1000
6363,6363,0.860678,0.861050,0.860247,0.860649,1000
6364,6364,0.861872,0.862181,0.861473,0.861827,1000
6365,6365,0.863805,0.864342,0.863180,0.863761,1000
6366,6366,0.865262,0.865750,0.864831,0.865290,1000
6367,6367,0.866938,0.867427,0.866440,0.866934,1000
6368,6368,0.868570,0.869084,0.868091,0.868587,1000
6369,6369,0.870388,0.870801,0.869779,0.870290,1000
6370,6370,0.871462,0.871863,0.871137,0.871500,1000
6371,6371,0.872050,0.872277,0.871919,0.872098,1000
6372,6372,0.872628,0.872640,0.872390,0.872515,1000
6373,6373,0.873923,0.874356,0.873506,0.873931,1000
6374,6374,0.875547,0.876011,0.875050,0.875530,1000
6375,6375,0.877192,0.877637,0.876664,0.877151,1000
6376,6376,0.878694,0.879080,0.878189,0.878635,1000
6377,6377,0.880366,0.880985,0.879900,0.880442,1000
6378,6378,0.882508,0.883168,0.881909,0.882539,1000
6379,6379,0.884293,0.884945,0.883834,0.884390,1000
6380,6380,0.885987,0.886412,0.885478,0.885945,1000
6381,6381,0.887573,0.888039,0.887072,0.887555,1000
6382,6382,0.889176,0.889605,0.888658,0.889131,1000
6383,6383,0.890376,0.890720,0.889986,0.890353,1000
6384,6384,0.891795,0.892278,0.891389,0.891833,1000
6385,6385,0.893281,0.893665,0.892819,0.893242,1000
6386,6386,0.894218,0.894426,0.893880,0.894153,1000
6387,6387,0.895041,0.895360,0.894803,0.895081,1000
6388,6388,0.896283,0.896521,0.895856,0.896189,1000
6389,6389,0.897030,0.897376,0.896828,0.897102,1000
6390,6390,0.898114,0.898486,0.897847,0.898167,1000
6391,6391,0.899028,0.899254,0.898752,0.899003,1000
6392,6392,0.899051,0.899061,0.899034,0.899047,1000
6393,6393,0.898753,0.898864,0.898707,0.898785,1000
6394,6394,0.898526,0.898632,0.898501,0.898567,1000
6395,6395,0.897940,0.898120,0.897737,0.897928,1000
6396,6396,0.897559,0.897691,0.897487,0.897589,1000
6397,6397,0.896953,0.897190,0.896847,0.897019,1000
6398,6398,0.895249,0.895765,0.894691,0.895228,1000
6399,6399,0.894410,0.894648,0.894152,0.894400,1000
6400,6400,0.893710,0.893943,0.893551,0.893747,1000
6401,6401,0.892526,0.892929,0.892228,0.892579,1000
6402,6402,0.891697,0.891992,0.891489,0.891740,1000
6403,6403,0.890720,0.891016,0.890397,0.890706,1000
6404,6404,0.890113,0.890302,0.889955,0.890128,1000
6405,6405,0.890295,0.890289,0.890215,0.890252,1000
6406,6406,0.889909,0.890063,0.889901,0.889982,1000
6407,6407,0.889388,0.889606,0.889283,0.889445,1000
6408,6408,0.888616,0.888866,0.888370,0.888618,1000
6409,6409,0.888337,0.888442,0.888292,0.888367,1000
6410,6410,0.888823,0.888981,0.888697,0.888839,1000
6411,6411,0.888954,0.889028,0.888941,0.888984,1000
6412,6412,0.888913,0.888972,0.888962,0.888967,1000
6413,6413,0.887957,0.888255,0.887645,0.887950,1000
6414,6414,0.887797,0.887783,0.887640,0.887711,1000
6415,6415,0.887955,0.887953,0.887841,0.887897,1000
6416,6416,0.888549,0.888782,0.888374,0.888578,1000
6417,6417,0.889368,0.889593,0.889125,0.889359,1000
6418,6418,0.889842,0.890043,0.889727,0.889885,1000
6419,6419,0.890606,0.890744,0.890347,0.890545,1000
6420,6420,0.890750,0.890841,0.890704,0.890773,1000
6421,6421,0.891057,0.891067,0.890931,0.890999,1000
6422,6422,0.890714,0.890812,0.890652,0.890732,1000
6423,6423,0.890194,0.890341,0.890006,0.890174,1000
6424,6424,0.889840,0.889894,0.889655,0.889775,1000
6425,6425,0.888729,0.889076,0.888477,0.888777,1000
6426,6426,0.889071,0.889146,0.888975,0.889061,1000
6427,6427,0.888915,0.888921,0.888801,0.888861,1000
6428,6428,0.887928,0.888186,0.887608,0.887897,1000
6429,6429,0.886949,0.887188,0.886582,0.886885,1000
6430,6430,0.887092,0.887189,0.887049,0.887119,1000
6431,6431,0.887327,0.887485,0.887316,0.887400,1000
6432,6432,0.886712,0.886915,0.886499,0.886707,1000
6433,6433,0.886528,0.886582,0.886475,0.886528,1000
6434,6434,0.886579,0.886637,0.886587,0.886612,1000
6435,6435,0.886333,0.886403,0.886224,0.886313,1000
6436,6436,0.886287,0.886380,0.886349,0.886364,1000
6437,6437,0.886465,0.886433,0.886402,0.886417,1000
6438,6438,0.886243,0.886296,0.886192,0.886244,1000
6439,6439,0.886381,0.886433,0.886346,0.886390,1000
6440,6440,0.886788,0.886946,0.886689,0.886818,1000
6441,6441,0.886858,0.886943,0.886885,0.886914,1000
6442,6442,0.887006,0.886906,0.886900,0.886903,1000
6443,6443,0.886517,0.886625,0.886386,0.886505,1000
6444,6444,0.885404,0.885727,0.885060,0.885393,1000
6445,6445,0.884239,0.884592,0.883906,0.884249,1000
6446,6446,0.882377,0.882951,0.881839,0.882395,1000
6447,6447,0.880829,0.881290,0.880344,0.880817,1000
6448,6448,0.878914,0.879489,0.878353,0.878921,1000
6449,6449,0.877431,0.877835,0.876906,0.877371,1000
6450,6450,0.875901,0.876303,0.875389,0.875846,1000
6451,6451,0.873780,0.874383,0.873132,0.873758,1000
6452,6452,0.871204,0.871913,0.870335,0.871124,1000
6453,6453,0.869171,0.869727,0.868532,0.869130,1000
6454,6454,0.867085,0.867693,0.866464,0.867079,1000
6455,6455,0.865969,0.866291,0.865617,0.865954,1000
6456,6456,0.864770,0.865167,0.864493,0.864830,1000
6457,6457,0.864073,0.864340,0.863921,0.864131,1000
6458,6458,0.862908,0.863236,0.862469,0.862853,1000
6459,6459,0.861950,0.862233,0.861702,0.861968,1000
6460,6460,0.861015,0.861274,0.860681,0.860977,1000
6461,6461,0.860318,0.860439,0.859978,0.860209,1000
6462,6462,0.859073,0.859421,0.858746,0.859083,1000
6463,6463,0.857286,0.857844,0.856783,0.857314,1000
6464,6464,0.856276,0.856619,0.856024,0.856322,1000
6465,6465,0.854742,0.855222,0.854281,0.854752,1000
6466,6466,0.853597,0.853963,0.853287,0.853625,1000
6467,6467,0.853206,0.853347,0.853110,0.853228,1000
6468,6468,0.851911,0.852308,0.851520,0.851914,1000
6469,6469,0.851282,0.851438,0.851031,0.851234,1000
6470,6470,0.850340,0.850625,0.850104,0.850365,1000
6471,6471,0.849798,0.849952,0.849599,0.849776,1000
6472,6472,0.849606,0.849684,0.849605,0.849645,1000
6473,6473,0.849249,0.849346,0.849091,0.849219,1000
6474,6474,0.848429,0.848673,0.848206,0.848439,1000
6475,6475,0.847997,0.848150,0.847903,0.848027,1000
6476,6476,0.847690,0.847752,0.847517,0.847635,1000
6477,6477,0.847018,0.847194,0.846817,0.847005,1000
6478,6478,0.845763,0.846187,0.845487,0.845837,1000
6479,6479,0.845225,0.845418,0.845059,0.845238,1000
6480,6480,0.845171,0.845175,0.845121,0.845148,1000
6481,6481,0.845091,0.845085,0.845030,0.845057,1000
6482,6482,0.845862,0.846084,0.845610,0.845847,1000
6483,6483,0.847458,0.847878,0.846940,0.847409,1000
6484,6484,0.848322,0.848586,0.848043,0.848314,1000
6485,6485,0.849721,0.850102,0.849277,0.849689,1000
6486,6486,0.851539,0.852074,0.850973,0.851523,1000
6487,6487,0.853629,0.854238,0.852984,0.853611,1000
6488,6488,0.855690,0.856287,0.855051,0.855669,1000
6489,6489,0.857742,0.858441,0.857160,0.857801,1000
6490,6490,0.858980,0.859290,0.858602,0.858946,1000
6491,6491,0.859998,0.860368,0.859711,0.860039,1000
6492,6492,0.860419,0.860551,0.860315,0.860433,1000
6493,6493,0.860797,0.860906,0.860688,0.860797,1000
6494,6494,0.860577,0.860637,0.860501,0.860569,1000
6495,6495,0.859845,0.860081,0.859664,0.859873,1000
6496,6496,0.859786,0.859762,0.859668,0.859715,1000
6497,6497,0.859158,0.859293,0.858932,0.859112,1000
6498,6498,0.859481,0.859583,0.859366,0.859475,1000
6499,6499,0.859658,0.859628,0.859558,0.859593,1000
6500,6500,0.860078,0.860293,0.859970,0.860131,1000
6501,6501,0.861549,0.862056,0.861167,0.861611,1000
6502,6502,0.862203,0.862562,0.862123,0.862343,1000
6503,6503,0.862824,0.862995,0.862694,0.862845,1000
6504,6504,0.864179,0.864589,0.863783,0.864186,1000
6505,6505,0.864953,0.865213,0.864739,0.864976,1000
6506,6506,0.865886,0.866126,0.865595,0.865860,1000
6507,6507,0.866880,0.867229,0.866597,0.866913,1000
6508,6508,0.867843,0.868138,0.867573,0.867856,1000
6509,6509,0.868884,0.869150,0.868553,0.868851,1000
6510,6510,0.869455,0.869639,0.869276,0.869458,1000
6511,6511,0.870042,0.870314,0.869919,0.870116,1000
6512,6512,0.870978,0.871206,0.870703,0.870955,1000
6513,6513,0.871117,0.871238,0.871107,0.871172,1000
6514,6514,0.871270,0.871262,0.871221,0.871241,1000
6515,6515,0.871504,0.871466,0.871362,0.871414,1000
6516,6516,0.871129,0.871241,0.871092,0.871167,1000
6517,6517,0.871164,0.871160,0.871154,0.871157,1000
6518,6518,0.871143,0.871162,0.871160,0.871161,1000
6519,6519,0.871003,0.871054,0.870962,0.871008,1000
6520,6520,0.870791,0.870854,0.870723,0.870788,1000
6521,6521,0.870569,0.870625,0.870485,0.870555,1000
6522,6522,0.870602,0.870651,0.870607,0.870629,1000
6523,6523,0.871205,0.871444,0.871068,0.871256,1000
6524,6524,0.871294,0.871352,0.871308,0.871330,1000
6525,6525,0.871129,0.871165,0.871025,0.871095,1000
6526,6526,0.871016,0.871049,0.871009,0.871029,1000
6527,6527,0.870266,0.870444,0.869943,0.870193,1000
6528,6528,0.869519,0.869705,0.869287,0.869496,1000
6529,6529,0.868897,0.869063,0.868692,0.868877,1000
6530,6530,0.868329,0.868552,0.868274,0.868413,1000
6531,6531,0.867890,0.868091,0.867814,0.867952,1000
6532,6532,0.868184,0.868246,0.868110,0.868178,1000
6533,6533,0.868466,0.868581,0.868395,0.868488,1000
6534,6534,0.868061,0.868145,0.867851,0.867998,1000
6535,6535,0.868154,0.868202,0.868108,0.868155,1000
6536,6536,0.868378,0.868377,0.868275,0.868326,1000
6537,6537,0.868480,0.868570,0.868457,0.868514,1000
6538,6538,0.868111,0.868256,0.868035,0.868146,1000
6539,6539,0.868313,0.868391,0.868278,0.868335,1000
6540,6540,0.868517,0.868668,0.868514,0.868591,1000
6541,6541,0.868663,0.868750,0.868676,0.868713,1000
6542,6542,0.868979,0.869019,0.868878,0.868948,1000
6543,6543,0.869726,0.869901,0.869461,0.869681,1000
6544,6544,0.870901,0.871236,0.870518,0.870877,1000
6545,6545,0.872388,0.872796,0.871910,0.872353,1000
6546,6546,0.873786,0.874100,0.873293,0.873697,1000
6547,6547,0.873985,0.874109,0.873919,0.874014,1000
6548,6548,0.874285,0.874376,0.874209,0.874292,1000
6549,6549,0.874544,0.874567,0.874440,0.874504,1000
6550,6550,0.874839,0.874965,0.874752,0.874858,1000
6551,6551,0.874705,0.874728,0.874616,0.874672,1000
6552,6552,0.874180,0.874361,0.874094,0.874227,1000
6553,6553,0.873494,0.873733,0.873310,0.873521,1000
6554,6554,0.872182,0.872607,0.871823,0.872215,1000
6555,6555,0.871631,0.871802,0.871448,0.871625,1000
6556,6556,0.871123,0.871258,0.870944,0.871101,1000
6557,6557,0.871257,0.871473,0.871301,0.871387,1000
6558,6558,0.871861,0.871985,0.871709,0.871847,1000
6559,6559,0.871917,0.871955,0.871905,0.871930,1000
6560,6560,0.872401,0.872457,0.872214,0.872336,1000
6561,6561,0.872042,0.872097,0.871892,0.871994,1000
6562,6562,0.870836,0.871146,0.870420,0.870783,1000
6563,6563,0.869809,0.870166,0.869636,0.869901,1000
6564,6564,0.868892,0.869173,0.868549,0.868861,1000
6565,6565,0.868350,0.868490,0.868172,0.868331,1000
6566,6566,0.867596,0.867783,0.867314,0.867549,1000
6567,6567,0.866530,0.866836,0.866226,0.866531,1000
6568,6568,0.865827,0.866097,0.865725,0.865911,1000
6569,6569,0.865831,0.865879,0.865852,0.865866,1000
6570,6570,0.865563,0.865642,0.865450,0.865546,1000
6571,6571,0.864896,0.865128,0.864769,0.864948,1000
6572,6572,0.864513,0.864623,0.864344,0.864483,1000
6573,6573,0.864846,0.864819,0.864664,0.864741,1000
6574,6574,0.864917,0.864979,0.864869,0.864924,1000
6575,6575,0.864377,0.864598,0.864319,0.864459,1000
6576,6576,0.863646,0.863880,0.863384,0.863632,1000
6577,6577,0.863130,0.863354,0.863116,0.863235,1000
6578,6578,0.863028,0.863074,0.862937,0.863006,1000
6579,6579,0.862465,0.862640,0.862326,0.862483,1000
6580,6580,0.862239,0.862347,0.862230,0.862288,1000
6581,6581,0.862676,0.862808,0.862568,0.862688,1000
6582,6582,0.863029,0.863165,0.862945,0.863055,1000
6583,6583,0.863691,0.863835,0.863475,0.863655,1000
6584,6584,0.864446,0.864716,0.864226,0.864471,1000
6585,6585,0.865066,0.865293,0.864914,0.865103,1000
6586,6586,0.865798,0.865912,0.865539,0.865725,1000
6587,6587,0.866780,0.867095,0.866462,0.866779,1000
6588,6588,0.867605,0.867861,0.867362,0.867612,1000
6589,6589,0.868302,0.868498,0.868089,0.868293,1000
6590,6590,0.868571,0.868652,0.868487,0.868570,1000
6591,6591,0.869281,0.869501,0.869071,0.869286,1000
6592,6592,0.870412,0.870663,0.870027,0.870345,1000
6593,6593,0.870406,0.870366,0.870356,0.870361,1000
6594,6594,0.870138,0.870258,0.870169,0.870214,1000
6595,6595,0.869802,0.869956,0.869735,0.869845,1000
6596,6596,0.869232,0.869368,0.868959,0.869164,1000
6597,6597,0.868881,0.868991,0.868843,0.868917,1000
6598,6598,0.869084,0.869126,0.869030,0.869078,1000
6599,6599,0.869435,0.869537,0.869325,0.869431,1000
6600,6600,0.869795,0.869922,0.869696,0.869809,1000
6601,6601,0.869851,0.869902,0.869859,0.869880,1000
6602,6602,0.869354,0.869486,0.869147,0.869316,1000
6603,6603,0.868897,0.868983,0.868698,0.868840,1000
6604,6604,0.867548,0.867930,0.867150,0.867540,1000
6605,6605,0.867227,0.867358,0.867202,0.867280,1000
6606,6606,0.867091,0.867167,0.867070,0.867118,1000
6607,6607,0.867408,0.867522,0.867336,0.867429,1000
6608,6608,0.868031,0.868124,0.867803,0.867964,1000
6609,6609,0.868705,0.868927,0.868482,0.868704,1000
6610,6610,0.869797,0.870117,0.869465,0.869791,1000
6611,6611,0.870850,0.871046,0.870467,0.870757,1000
6612,6612,0.870806,0.870794,0.870777,0.870785,1000
6613,6613,0.871063,0.871183,0.871000,0.871091,1000
6614,6614,0.871941,0.872184,0.871680,0.871932,1000
6615,6615,0.872468,0.872523,0.872250,0.872387,1000
6616,6616,0.872922,0.873107,0.872774,0.872941,1000
6617,6617,0.874098,0.874462,0.873760,0.874111,1000
6618,6618,0.875153,0.875473,0.874844,0.875158,1000
6619,6619,0.875795,0.876102,0.875666,0.875884,1000
6620,6620,0.876183,0.876314,0.876116,0.876215,1000
6621,6621,0.876520,0.876674,0.876462,0.876568,1000
6622,6622,0.876821,0.876851,0.876720,0.876786,1000
6623,6623,0.877329,0.877377,0.877104,0.877241,1000
6624,6624,0.877374,0.877422,0.877339,0.877380,1000
6625,6625,0.877064,0.877132,0.876919,0.877026,1000
6626,6626,0.876603,0.876762,0.876537,0.876650,1000
6627,6627,0.875827,0.876096,0.875623,0.875860,1000
6628,6628,0.874507,0.874948,0.874167,0.874557,1000
6629,6629,0.873765,0.874061,0.873636,0.873849,1000
6630,6630,0.873328,0.873486,0.873176,0.873331,1000
6631,6631,0.872482,0.872733,0.872221,0.872477,1000
6632,6632,0.871573,0.871818,0.871253,0.871535,1000
6633,6633,0.870528,0.870813,0.870194,0.870504,1000
6634,6634,0.869755,0.869958,0.869491,0.869724,1000
6635,6635,0.869156,0.869350,0.869029,0.869190,1000
6636,6636,0.868078,0.868435,0.867789,0.868112,1000
6637,6637,0.867189,0.867471,0.866922,0.867196,1000
6638,6638,0.866055,0.866357,0.865637,0.865997,1000
6639,6639,0.864854,0.865162,0.864446,0.864804,1000
6640,6640,0.863474,0.863900,0.863126,0.863513,1000
6641,6641,0.862471,0.862701,0.862005,0.862353,1000
6642,6642,0.861237,0.861518,0.860803,0.861161,1000
6643,6643,0.860615,0.860822,0.860532,0.860677,1000
6644,6644,0.860338,0.860412,0.860184,0.860298,1000
6645,6645,0.860084,0.860201,0.860117,0.860159,1000
6646,6646,0.860035,0.860077,0.860007,0.860042,1000
6647,6647,0.860380,0.860530,0.860305,0.860417,1000
6648,6648,0.860867,0.860997,0.860730,0.860863,1000
6649,6649,0.861746,0.862039,0.861496,0.861768,1000
6650,6650,0.863028,0.863362,0.862626,0.862994,1000
6651,6651,0.864010,0.864352,0.863725,0.864038,1000
6652,6652,0.864311,0.864467,0.864269,0.864368,1000
6653,6653,0.865350,0.865603,0.865033,0.865318,1000
6654,6654,0.866424,0.866717,0.866071,0.866394,1000
6655,6655,0.867442,0.867734,0.867115,0.867425,1000
6656,6656,0.868142,0.868285,0.867888,0.868086,1000
6657,6657,0.869185,0.869441,0.868815,0.869128,1000
6658,6658,0.869361,0.869505,0.869331,0.869418,1000
6659,6659,0.870111,0.870403,0.869948,0.870175,1000
6660,6660,0.871050,0.871361,0.870813,0.871087,1000
6661,6661,0.871823,0.872067,0.871615,0.871841,1000
6662,6662,0.872404,0.872568,0.872232,0.872400,1000
6663,6663,0.873193,0.873447,0.872964,0.873205,1000
6664,6664,0.873411,0.873452,0.873338,0.873395,1000
6665,6665,0.873313,0.873294,0.873208,0.873251,1000
6666,6666,0.872547,0.872774,0.872366,0.872570,1000
6667,6667,0.871884,0.872079,0.871659,0.871869,1000
6668,6668,0.871324,0.871478,0.871142,0.871310,1000
6669,6669,0.871097,0.871139,0.870993,0.871066,1000
6670,6670,0.870649,0.870846,0.870658,0.870752,1000
6671,6671,0.871549,0.871777,0.871304,0.871541,1000
6672,6672,0.872341,0.872703,0.872166,0.872435,1000
6673,6673,0.873383,0.873686,0.873108,0.873397,1000
6674,6674,0.873795,0.873884,0.873659,0.873772,1000
6675,6675,0.874403,0.874587,0.874211,0.874399,1000
6676,6676,0.874366,0.874439,0.874420,0.874430,1000
6677,6677,0.874072,0.874138,0.873889,0.874014,1000
6678,6678,0.873945,0.873983,0.873956,0.873969,1000
6679,6679,0.873913,0.873940,0.873915,0.873928,1000
6680,6680,0.873914,0.873885,0.873849,0.873867,1000
6681,6681,0.873834,0.873835,0.873808,0.873821,1000
6682,6682,0.873476,0.873562,0.873339,0.873451,1000
6683,6683,0.873537,0.873523,0.873490,0.873506,1000
6684,6684,0.873220,0.873361,0.873236,0.873298,1000
6685,6685,0.872756,0.872941,0.872634,0.872787,1000
6686,6686,0.872266,0.872422,0.872109,0.872266,1000
6687,6687,0.871501,0.871709,0.871232,0.871470,1000
6688,6688,0.870664,0.870948,0.870501,0.870725,1000
6689,6689,0.870104,0.870308,0.869952,0.870130,1000
6690,6690,0.869308,0.869523,0.869003,0.869263,1000
6691,6691,0.868621,0.868822,0.868444,0.868633,1000
6692,6692,0.867517,0.867901,0.867274,0.867587,1000
6693,6693,0.865594,0.866212,0.865034,0.865623,1000
6694,6694,0.864022,0.864478,0.863498,0.863988,1000
6695,6695,0.862802,0.863184,0.862496,0.862840,1000
6696,6696,0.860857,0.861456,0.860271,0.860864,1000
6697,6697,0.859387,0.859843,0.858968,0.859406,1000
6698,6698,0.858289,0.858604,0.857919,0.858262,1000
6699,6699,0.857448,0.857717,0.857250,0.857484,1000
6700,6700,0.856373,0.856710,0.856048,0.856379,1000
6701,6701,0.855523,0.855774,0.855256,0.855515,1000
6702,6702,0.854908,0.855090,0.854725,0.854907,1000
6703,6703,0.854413,0.854570,0.854280,0.854425,1000
6704,6704,0.854085,0.854156,0.853926,0.854041,1000
6705,6705,0.853546,0.853742,0.853485,0.853613,1000
6706,6706,0.853728,0.853745,0.853684,0.853715,1000
6707,6707,0.853767,0.853856,0.853791,0.853824,1000
6708,6708,0.854070,0.854183,0.854017,0.854100,1000
6709,6709,0.854254,0.854239,0.854175,0.854207,1000
6710,6710,0.854405,0.854517,0.854374,0.854446,1000
6711,6711,0.854523,0.854519,0.854485,0.854502,1000
6712,6712,0.854824,0.854919,0.854727,0.854823,1000
6713,6713,0.854449,0.854549,0.854314,0.854431,1000
6714,6714,0.853940,0.854063,0.853747,0.853905,1000
6715,6715,0.853370,0.853518,0.853186,0.853352,1000
6716,6716,0.852529,0.852738,0.852212,0.852475,1000
6717,6717,0.851968,0.852127,0.851829,0.851978,1000
6718,6718,0.851566,0.851736,0.851528,0.851632,1000
6719,6719,0.851655,0.851685,0.851660,0.851672,1000
6720,6720,0.851753,0.851717,0.851696,0.851706,1000
6721,6721,0.851922,0.851925,0.851824,0.851874,1000
6722,6722,0.852003,0.851977,0.851930,0.851954,1000
6723,6723,0.851934,0.851974,0.851965,0.851969,1000
6724,6724,0.852385,0.852448,0.852227,0.852338,1000
6725,6725,0.853283,0.853647,0.853043,0.853345,1000
6726,6726,0.854049,0.854156,0.853782,0.853969,1000
6727,6727,0.854676,0.854897,0.854468,0.854683,1000
6728,6728,0.854859,0.854875,0.854786,0.854831,1000
6729,6729,0.855219,0.855351,0.855111,0.855231,1000
6730,6730,0.855490,0.855548,0.855402,0.855475,1000
6731,6731,0.855654,0.855770,0.855634,0.855702,1000
6732,6732,0.855762,0.855721,0.855712,0.855717,1000
6733,6733,0.856707,0.856916,0.856362,0.856639,1000
6734,6734,0.858327,0.858838,0.857822,0.858330,1000
6735,6735,0.859014,0.859253,0.858827,0.859040,1000
6736,6736,0.860102,0.860499,0.859825,0.860162,1000
6737,6737,0.861482,0.861849,0.861070,0.861459,1000
6738,6738,0.862882,0.863243,0.862419,0.862831,1000
6739,6739,0.864251,0.864688,0.863830,0.864259,1000
6740,6740,0.865668,0.866098,0.865248,0.865673,1000
6741,6741,0.867348,0.867878,0.866860,0.867369,1000
6742,6742,0.868104,0.868323,0.867883,0.868103,1000
6743,6743,0.869072,0.869370,0.868785,0.869077,1000
6744,6744,0.869761,0.869961,0.869553,0.869757,1000
6745,6745,0.869239,0.869421,0.869132,0.869276,1000
6746,6746,0.868780,0.868921,0.868616,0.868768,1000
6747,6747,0.867963,0.868223,0.867755,0.867989,1000
6748,6748,0.866903,0.867215,0.866552,0.866883,1000
6749,6749,0.865738,0.866089,0.865409,0.865749,1000
6750,6750,0.864990,0.865240,0.864804,0.865022,1000
6751,6751,0.864592,0.864713,0.864448,0.864580,1000
6752,6752,0.863776,0.864065,0.863624,0.863845,1000
6753,6753,0.862999,0.863291,0.862817,0.863054,1000
6754,6754,0.862063,0.862400,0.861840,0.862120,1000
6755,6755,0.862348,0.862415,0.862279,0.862347,1000
6756,6756,0.862404,0.862532,0.862447,0.862489,1000
6757,6757,0.862453,0.862533,0.862513,0.862523,1000
6758,6758,0.862454,0.862541,0.862533,0.862537,1000
6759,6759,0.862563,0.862639,0.862592,0.862615,1000
6760,6760,0.862138,0.862298,0.862026,0.862162,1000
6761,6761,0.861401,0.861617,0.861150,0.861384,1000
6762,6762,0.860785,0.860966,0.860608,0.860787,1000
6763,6763,0.859761,0.860088,0.859489,0.859788,1000
6764,6764,0.858440,0.858820,0.857991,0.858406,1000
6765,6765,0.856978,0.857392,0.856525,0.856959,1000
6766,6766,0.855833,0.856164,0.855483,0.855824,1000
6767,6767,0.854177,0.854723,0.853780,0.854251,1000
6768,6768,0.852602,0.853044,0.852010,0.852527,1000
6769,6769,0.851560,0.851848,0.851266,0.851557,1000
6770,6770,0.850647,0.850932,0.850397,0.850665,1000
6771,6771,0.850262,0.850361,0.850101,0.850231,1000
6772,6772,0.849115,0.849481,0.848839,0.849160,1000
6773,6773,0.848030,0.848423,0.847792,0.848108,1000
6774,6774,0.847202,0.847506,0.846990,0.847248,1000
6775,6775,0.846519,0.846746,0.846316,0.846531,1000
6776,6776,0.846149,0.846373,0.846237,0.846305,1000
6777,6777,0.845763,0.845981,0.845704,0.845843,1000
6778,6778,0.845112,0.845329,0.844889,0.845109,1000
6779,6779,0.844818,0.844895,0.844711,0.844803,1000
6780,6780,0.844240,0.844404,0.844062,0.844233,1000
6781,6781,0.843342,0.843608,0.843072,0.843340,1000
6782,6782,0.841887,0.842297,0.841403,0.841850,1000
6783,6783,0.840808,0.841103,0.840463,0.840783,1000
6784,6784,0.839875,0.840121,0.839554,0.839837,1000
6785,6785,0.838906,0.839205,0.838664,0.838934,1000
6786,6786,0.837700,0.838072,0.837334,0.837703,1000
6787,6787,0.835870,0.836416,0.835314,0.835865,1000
6788,6788,0.834582,0.834971,0.834206,0.834589,1000
6789,6789,0.833544,0.833889,0.833289,0.833589,1000
6790,6790,0.832347,0.832687,0.831914,0.832301,1000
6791,6791,0.831365,0.831627,0.831050,0.831338,1000
6792,6792,0.830242,0.830573,0.829918,0.830246,1000
6793,6793,0.829509,0.829752,0.829328,0.829540,1000
6794,6794,0.828017,0.828467,0.827549,0.828008,1000
6795,6795,0.826399,0.826814,0.825792,0.826303,1000
6796,6796,0.824373,0.824968,0.823826,0.824397,1000
6797,6797,0.822048,0.822773,0.821383,0.822078,1000
6798,6798,0.819725,0.820455,0.819067,0.819761,1000
6799,6799,0.817493,0.818175,0.816819,0.817497,1000
6800,6800,0.815459,0.816096,0.814898,0.815497,1000
6801,6801,0.813322,0.813998,0.812716,0.813357,1000
6802,6802,0.811163,0.811784,0.810438,0.811111,1000
6803,6803,0.809098,0.809692,0.808478,0.809085,1000
6804,6804,0.807294,0.807849,0.806791,0.807320,1000
6805,6805,0.806034,0.806430,0.805667,0.806048,1000
6806,6806,0.804961,0.805254,0.804575,0.804915,1000
6807,6807,0.803838,0.804117,0.803434,0.803775,1000
6808,6808,0.803256,0.803421,0.803117,0.803269,1000
6809,6809,0.802558,0.802810,0.802417,0.802614,1000
6810,6810,0.801672,0.801951,0.801383,0.801667,1000
6811,6811,0.800777,0.801050,0.800521,0.800785,1000
6812,6812,0.800095,0.800364,0.800003,0.800184,1000
6813,6813,0.800412,0.800459,0.800332,0.800396,1000
6814,6814,0.800697,0.800858,0.800644,0.800751,1000
6815,6815,0.800570,0.800634,0.800533,0.800583,1000
6816,6816,0.800295,0.800417,0.800274,0.800346,1000
6817,6817,0.800252,0.800264,0.800194,0.800229,1000
6818,6818,0.799850,0.799987,0.799780,0.799883,1000
6819,6819,0.799966,0.799867,0.799853,0.799860,1000
6820,6820,0.799874,0.799874,0.799868,0.799871,1000
6821,6821,0.799810,0.799856,0.799842,0.799849,1000
6822,6822,0.799461,0.799585,0.799358,0.799472,1000
6823,6823,0.799599,0.799600,0.799541,0.799570,1000
6824,6824,0.799255,0.799347,0.799156,0.799252,1000
6825,6825,0.798657,0.798833,0.798474,0.798653,1000
6826,6826,0.797602,0.797955,0.797356,0.797656,1000
6827,6827,0.796345,0.796728,0.795934,0.796331,1000
6828,6828,0.795059,0.795420,0.794640,0.795030,1000
6829,6829,0.794055,0.794371,0.793806,0.794088,1000
6830,6830,0.792463,0.792942,0.791961,0.792451,1000
6831,6831,0.791297,0.791658,0.790979,0.791319,1000
6832,6832,0.790112,0.790448,0.789703,0.790076,1000
6833,6833,0.788460,0.788963,0.788011,0.788487,1000
6834,6834,0.787234,0.787607,0.786853,0.787230,1000
6835,6835,0.786276,0.786541,0.785950,0.786245,1000
6836,6836,0.785261,0.785567,0.784986,0.785276,1000
6837,6837,0.784098,0.784420,0.783687,0.784054,1000
6838,6838,0.783231,0.783460,0.782951,0.783205,1000
6839,6839,0.782530,0.782734,0.782331,0.782533,1000
6840,6840,0.781965,0.782124,0.781775,0.781950,1000
6841,6841,0.781075,0.781306,0.780756,0.781031,1000
6842,6842,0.780053,0.780349,0.779765,0.780057,1000
6843,6843,0.779383,0.779572,0.779156,0.779364,1000
6844,6844,0.778018,0.778413,0.777600,0.778006,1000
6845,6845,0.777163,0.777395,0.776871,0.777133,1000
6846,6846,0.777026,0.777039,0.776958,0.776998,1000
6847,6847,0.776460,0.776630,0.776315,0.776473,1000
6848,6848,0.776020,0.776188,0.775944,0.776066,1000
6849,6849,0.776054,0.776040,0.776018,0.776029,1000
6850,6850,0.776098,0.776153,0.776096,0.776124,1000
6851,6851,0.776497,0.776649,0.776407,0.776528,1000
6852,6852,0.776659,0.776634,0.776585,0.776610,1000
6853,6853,0.777303,0.777548,0.777115,0.777331,1000
6854,6854,0.778434,0.778819,0.778132,0.778475,1000
6855,6855,0.779205,0.779429,0.778989,0.779209,1000
6856,6856,0.780532,0.780964,0.780153,0.780559,1000
6857,6857,0.782297,0.782856,0.781795,0.782326,1000
6858,6858,0.784339,0.784920,0.783721,0.784321,1000
6859,6859,0.785745,0.786239,0.785353,0.785796,1000
6860,6860,0.786907,0.787270,0.786589,0.786929,1000
6861,6861,0.788298,0.788729,0.787898,0.788313,1000
6862,6862,0.789649,0.789984,0.789213,0.789598,1000
6863,6863,0.791388,0.791894,0.790834,0.791364,1000
6864,6864,0.792931,0.793412,0.792466,0.792939,1000
6865,6865,0.794199,0.794538,0.793800,0.794169,1000
6866,6866,0.794901,0.795153,0.794699,0.794926,1000
6867,6867,0.794738,0.794792,0.794676,0.794734,1000
6868,6868,0.794414,0.794528,0.794351,0.794439,1000
6869,6869,0.793888,0.794072,0.793758,0.793915,1000
6870,6870,0.793366,0.793543,0.793223,0.793383,1000
6871,6871,0.792447,0.792722,0.792156,0.792439,1000
6872,6872,0.791803,0.792001,0.791625,0.791813,1000
6873,6873,0.791046,0.791255,0.790778,0.791017,1000
6874,6874,0.790353,0.790547,0.790144,0.790345,1000
6875,6875,0.790243,0.790290,0.790243,0.790266,1000
6876,6876,0.790403,0.790457,0.790369,0.790413,1000
6877,6877,0.789822,0.790013,0.789670,0.789842,1000
6878,6878,0.789226,0.789371,0.788969,0.789170,1000
6879,6879,0.788704,0.788856,0.788588,0.788722,1000
6880,6880,0.787857,0.788143,0.787647,0.787895,1000
6881,6881,0.786615,0.786973,0.786183,0.786578,1000
6882,6882,0.785311,0.785714,0.784974,0.785344,1000
6883,6883,0.784051,0.784438,0.783662,0.784050,1000
6884,6884,0.782835,0.783204,0.782480,0.782842,1000
6885,6885,0.781716,0.782036,0.781346,0.781691,1000
6886,6886,0.781450,0.781498,0.781333,0.781415,1000
6887,6887,0.781123,0.781174,0.780966,0.781070,1000
6888,6888,0.781536,0.781685,0.781401,0.781543,1000
6889,6889,0.781955,0.782073,0.781828,0.781951,1000
6890,6890,0.782395,0.782502,0.782248,0.782375,1000
6891,6891,0.782765,0.782890,0.782652,0.782771,1000
6892,6892,0.782772,0.782756,0.782744,0.782750,1000
6893,6893,0.782343,0.782465,0.782221,0.782343,1000
6894,6894,0.782023,0.782170,0.782022,0.782096,1000
6895,6895,0.781781,0.781862,0.781662,0.781762,1000
6896,6896,0.781881,0.781945,0.781860,0.781902,1000
6897,6897,0.782075,0.782191,0.782058,0.782124,1000
6898,6898,0.782441,0.782484,0.782318,0.782401,1000
6899,6899,0.782573,0.782653,0.782537,0.782595,1000
6900,6900,0.782663,0.782714,0.782659,0.782686,1000
6901,6901,0.782462,0.782539,0.782413,0.782476,1000
6902,6902,0.782782,0.782871,0.782688,0.782779,1000
6903,6903,0.783225,0.783423,0.783126,0.783275,1000
6904,6904,0.783680,0.783772,0.783542,0.783657,1000
6905,6905,0.783831,0.783910,0.783793,0.783852,1000
6906,6906,0.784612,0.784812,0.784369,0.784591,1000
6907,6907,0.784980,0.785156,0.784895,0.785025,1000
6908,6908,0.785826,0.786024,0.785563,0.785794,1000
6909,6909,0.786192,0.786380,0.786110,0.786245,1000
6910,6910,0.786493,0.786593,0.786432,0.786512,1000
6911,6911,0.787042,0.787183,0.786873,0.787028,1000
6912,6912,0.787221,0.787337,0.787195,0.787266,1000
6913,6913,0.788055,0.788418,0.787886,0.788152,1000
6914,6914,0.788886,0.789107,0.788666,0.788886,1000
6915,6915,0.790274,0.790644,0.789832,0.790238,1000
6916,6916,0.791087,0.791387,0.790856,0.791122,1000
6917,6917,0.792264,0.792697,0.791969,0.792333,1000
6918,6918,0.793776,0.794220,0.793348,0.793784,1000
6919,6919,0.795026,0.795377,0.794642,0.795009,1000
6920,6920,0.796657,0.797018,0.796090,0.796554,1000
6921,6921,0.798016,0.798462,0.797580,0.798021,1000
6922,6922,0.799278,0.799703,0.798926,0.799315,1000
6923,6923,0.800409,0.800634,0.800024,0.800329,1000
6924,6924,0.800987,0.801056,0.800721,0.800888,1000
6925,6925,0.801498,0.801600,0.801271,0.801435,1000
6926,6926,0.801578,0.801538,0.801491,0.801515,1000
6927,6927,0.801346,0.801384,0.801272,0.801328,1000
6928,6928,0.801096,0.801210,0.801109,0.801160,1000
6929,6929,0.800868,0.800912,0.800700,0.800806,1000
6930,6930,0.799874,0.800159,0.799605,0.799882,1000
6931,6931,0.799163,0.799390,0.798968,0.799179,1000
6932,6932,0.798350,0.798606,0.798114,0.798360,1000
6933,6933,0.797080,0.797468,0.796704,0.797086,1000
6934,6934,0.796320,0.796610,0.796203,0.796407,1000
6935,6935,0.795916,0.796022,0.795692,0.795857,1000
6936,6936,0.794946,0.795217,0.794670,0.794944,1000
6937,6937,0.794607,0.794722,0.794533,0.794628,1000
6938,6938,0.793485,0.793831,0.793149,0.793490,1000
6939,6939,0.792761,0.792991,0.792563,0.792777,1000
6940,6940,0.791980,0.792264,0.791825,0.792044,1000
6941,6941,0.791069,0.791354,0.790762,0.791058,1000
6942,6942,0.790278,0.790475,0.789976,0.790226,1000
6943,6943,0.789347,0.789596,0.789056,0.789326,1000
6944,6944,0.788200,0.788578,0.787938,0.788258,1000
6945,6945,0.787271,0.787577,0.786994,0.787286,1000
6946,6946,0.786933,0.787058,0.786862,0.786960,1000
6947,6947,0.786299,0.786468,0.786047,0.786258,1000
6948,6948,0.785217,0.785541,0.784928,0.785235,1000
6949,6949,0.784424,0.784670,0.784186,0.784428,1000
6950,6950,0.782948,0.783411,0.782541,0.782976,1000
6951,6951,0.781778,0.782151,0.781445,0.781798,1000
6952,6952,0.780221,0.780680,0.779723,0.780201,1000
6953,6953,0.778735,0.779162,0.778273,0.778717,1000
6954,6954,0.777366,0.777796,0.777007,0.777402,1000
6955,6955,0.776036,0.776493,0.775715,0.776104,1000
6956,6956,0.775334,0.775616,0.775198,0.775407,1000
6957,6957,0.774687,0.774863,0.774397,0.774630,1000
6958,6958,0.773610,0.773945,0.773359,0.773652,1000
6959,6959,0.772843,0.773052,0.772539,0.772795,1000
6960,6960,0.772090,0.772285,0.771848,0.772067,1000
6961,6961,0.771373,0.771567,0.771140,0.771354,1000
6962,6962,0.770935,0.771021,0.770736,0.770879,1000
6963,6963,0.770377,0.770537,0.770244,0.770391,1000
6964,6964,0.770053,0.770228,0.770089,0.770158,1000
6965,6965,0.769837,0.769938,0.769750,0.769844,1000
6966,6966,0.769668,0.769697,0.769571,0.769634,1000
6967,6967,0.769822,0.769815,0.769732,0.769773,1000
6968,6968,0.769961,0.770077,0.769937,0.770007,1000
6969,6969,0.769890,0.769890,0.769790,0.769840,1000
6970,6970,0.769603,0.769697,0.769574,0.769636,1000
6971,6971,0.769804,0.769818,0.769734,0.769776,1000
6972,6972,0.769888,0.769848,0.769814,0.769831,1000
6973,6973,0.770325,0.770600,0.770245,0.770423,1000
6974,6974,0.770099,0.770185,0.769981,0.770083,1000
6975,6975,0.769781,0.769893,0.769731,0.769812,1000
6976,6976,0.769734,0.769727,0.769655,0.769691,1000
6977,6977,0.769175,0.769315,0.768992,0.769153,1000
6978,6978,0.768380,0.768635,0.768191,0.768413,1000
6979,6979,0.768124,0.768191,0.768000,0.768096,1000
6980,6980,0.768019,0.768022,0.767959,0.767991,1000
6981,6981,0.768150,0.768194,0.768100,0.768147,1000
6982,6982,0.768782,0.769006,0.768610,0.768808,1000
6983,6983,0.769113,0.769228,0.769034,0.769131,1000
6984,6984,0.769380,0.769381,0.769266,0.769324,1000
6985,6985,0.769917,0.770083,0.769733,0.769908,1000
6986,6986,0.770027,0.770015,0.769966,0.769990,1000
6987,6987,0.770313,0.770385,0.770203,0.770294,1000
6988,6988,0.770593,0.770741,0.770535,0.770638,1000
6989,6989,0.771335,0.771507,0.771106,0.771306,1000
6990,6990,0.772058,0.772235,0.771806,0.772020,1000
6991,6991,0.772625,0.772784,0.772431,0.772607,1000
6992,6992,0.773387,0.773596,0.773139,0.773367,1000
6993,6993,0.773480,0.773554,0.773468,0.773511,1000
6994,6994,0.773744,0.773775,0.773653,0.773714,1000
6995,6995,0.774330,0.774538,0.774157,0.774348,1000
6996,6996,0.774125,0.774197,0.774068,0.774132,1000
6997,6997,0.773922,0.773957,0.773807,0.773882,1000
6998,6998,0.773224,0.773435,0.773053,0.773244,1000
6999,6999,0.772880,0.773003,0.772797,0.772900,1000
7000,7000,0.772283,0.772463,0.772088,0.772276,1000
7001,7001,0.771930,0.772025,0.771810,0.771918,1000
7002,7002,0.771415,0.771632,0.771388,0.771510,1000
7003,7003,0.771831,0.771905,0.771723,0.771814,1000
7004,7004,0.771645,0.771690,0.771583,0.771636,1000
7005,7005,0.771401,0.771461,0.771310,0.771385,1000
7006,7006,0.771377,0.771452,0.771421,0.771437,1000
7007,7007,0.771108,0.771245,0.771081,0.771163,1000
7008,7008,0.771112,0.771150,0.771139,0.771145,1000
7009,7009,0.771357,0.771450,0.771309,0.771380,1000
7010,7010,0.771624,0.771704,0.771554,0.771629,1000
7011,7011,0.771555,0.771599,0.771573,0.771586,1000
7012,7012,0.771360,0.771399,0.771238,0.771318,1000
7013,7013,0.770238,0.770574,0.769936,0.770255,1000
7014,7014,0.768783,0.769279,0.768444,0.768862,1000
7015,7015,0.767385,0.767812,0.766914,0.767363,1000
7016,7016,0.766309,0.766631,0.766004,0.766317,1000
7017,7017,0.765491,0.765722,0.765212,0.765467,1000
7018,7018,0.764684,0.764905,0.764423,0.764664,1000
7019,7019,0.763971,0.764200,0.763803,0.764001,1000
7020,7020,0.763205,0.763424,0.762929,0.763176,1000
7021,7021,0.761766,0.762207,0.761377,0.761792,1000
7022,7022,0.761240,0.761456,0.761168,0.761312,1000
7023,7023,0.760955,0.761053,0.760832,0.760943,1000
7024,7024,0.760800,0.760854,0.760778,0.760816,1000
7025,7025,0.760477,0.760599,0.760412,0.760506,1000
7026,7026,0.759967,0.760137,0.759821,0.759979,1000
7027,7027,0.759843,0.759904,0.759840,0.759872,1000
7028,7028,0.760335,0.760482,0.760200,0.760341,1000
7029,7029,0.760869,0.760961,0.760675,0.760818,1000
7030,7030,0.761534,0.761825,0.761360,0.761592,1000
7031,7031,0.762891,0.763280,0.762501,0.762891,1000
7032,7032,0.763920,0.764323,0.763661,0.763992,1000
7033,7033,0.764754,0.765043,0.764558,0.764801,1000
7034,7034,0.765574,0.765925,0.765406,0.765665,1000
7035,7035,0.765534,0.765564,0.765477,0.765520,1000
7036,7036,0.764936,0.765083,0.764709,0.764896,1000
7037,7037,0.764564,0.764624,0.764390,0.764507,1000
7038,7038,0.764566,0.764490,0.764475,0.764482,1000
7039,7039,0.764279,0.764380,0.764293,0.764337,1000
7040,7040,0.763877,0.764019,0.763748,0.763884,1000
7041,7041,0.763394,0.763518,0.763205,0.763362,1000
7042,7042,0.762715,0.762913,0.762529,0.762721,1000
7043,7043,0.762148,0.762310,0.761958,0.762134,1000
7044,7044,0.761790,0.761902,0.761703,0.761803,1000
7045,7045,0.760975,0.761196,0.760676,0.760936,1000
7046,7046,0.759654,0.760029,0.759253,0.759641,1000
7047,7047,0.758389,0.758754,0.757994,0.758374,1000
7048,7048,0.757378,0.757643,0.757018,0.757331,1000
7049,7049,0.756715,0.756907,0.756544,0.756726,1000
7050,7050,0.756410,0.756472,0.756255,0.756364,1000
7051,7051,0.756725,0.756800,0.756599,0.756700,1000
7052,7052,0.756763,0.756798,0.756752,0.756775,1000
7053,7053,0.756734,0.756707,0.756648,0.756677,1000
7054,7054,0.756366,0.756449,0.756254,0.756351,1000
7055,7055,0.756164,0.756252,0.756167,0.756209,1000
7056,7056,0.756676,0.756785,0.756519,0.756652,1000
7057,7057,0.756695,0.756816,0.756740,0.756778,1000
7058,7058,0.756651,0.756713,0.756658,0.756685,1000
7059,7059,0.756780,0.756863,0.756781,0.756822,1000
7060,7060,0.757075,0.757102,0.756973,0.757037,1000
7061,7061,0.756979,0.756975,0.756922,0.756949,1000
7062,7062,0.757293,0.757413,0.757199,0.757306,1000
7063,7063,0.757006,0.757084,0.756893,0.756989,1000
7064,7064,0.756208,0.756432,0.755956,0.756194,1000
7065,7065,0.755397,0.755676,0.755232,0.755454,1000
7066,7066,0.755080,0.755249,0.755074,0.755161,1000
7067,7067,0.754706,0.754847,0.754577,0.754712,1000
7068,7068,0.754013,0.754213,0.753785,0.753999,1000
7069,7069,0.753279,0.753455,0.752989,0.753222,1000
7070,7070,0.752587,0.752742,0.752331,0.752536,1000
7071,7071,0.751513,0.751841,0.751246,0.751544,1000
7072,7072,0.750641,0.750905,0.750358,0.750631,1000
7073,7073,0.749374,0.749765,0.749023,0.749394,1000
7074,7074,0.747922,0.748349,0.747455,0.747902,1000
7075,7075,0.746741,0.747096,0.746405,0.746750,1000
7076,7076,0.746127,0.746300,0.745913,0.746106,1000
7077,7077,0.745503,0.745670,0.745296,0.745483,1000
7078,7078,0.744581,0.744854,0.744315,0.744584,1000
7079,7079,0.744074,0.744212,0.743892,0.744052,1000
7080,7080,0.744093,0.744076,0.744065,0.744070,1000
7081,7081,0.743416,0.743601,0.743198,0.743399,1000
7082,7082,0.742469,0.742751,0.742195,0.742473,1000
7083,7083,0.741531,0.741772,0.741172,0.741472,1000
7084,7084,0.740788,0.740999,0.740594,0.740796,1000
7085,7085,0.739066,0.739602,0.738580,0.739091,1000
7086,7086,0.737159,0.737744,0.736590,0.737167,1000
7087,7087,0.735307,0.735895,0.734807,0.735351,1000
7088,7088,0.733568,0.734123,0.733073,0.733598,1000
7089,7089,0.731934,0.732453,0.731473,0.731963,1000
7090,7090,0.730097,0.730639,0.729506,0.730072,1000
7091,7091,0.728133,0.728770,0.727656,0.728213,1000
7092,7092,0.726223,0.726826,0.725640,0.726233,1000
7093,7093,0.725148,0.725473,0.724823,0.725148,1000
7094,7094,0.724129,0.724397,0.723753,0.724075,1000
7095,7095,0.723214,0.723482,0.722974,0.723228,1000
7096,7096,0.722172,0.722512,0.721898,0.722205,1000
7097,7097,0.721166,0.721473,0.720847,0.721160,1000
7098,7098,0.719944,0.720302,0.719568,0.719935,1000
7099,7099,0.718972,0.719238,0.718640,0.718939,1000
7100,7100,0.718189,0.718433,0.717999,0.718216,1000
7101,7101,0.717880,0.718000,0.717815,0.717907,1000
7102,7102,0.717492,0.717638,0.717407,0.717523,1000
7103,7103,0.717299,0.717376,0.717250,0.717313,1000
7104,7104,0.717126,0.717179,0.717065,0.717122,1000
7105,7105,0.717254,0.717256,0.717194,0.717225,1000
7106,7106,0.717176,0.717213,0.717203,0.717208,1000
7107,7107,0.717192,0.717200,0.717193,0.717196,1000
7108,7108,0.716774,0.716859,0.716570,0.716714,1000
7109,7109,0.716222,0.716379,0.716093,0.716236,1000
7110,7110,0.715243,0.715534,0.714934,0.715234,1000
7111,7111,0.714414,0.714651,0.714151,0.714401,1000
7112,7112,0.713847,0.713995,0.713648,0.713822,1000
7113,7113,0.714190,0.714375,0.714120,0.714248,1000
7114,7114,0.714708,0.714855,0.714575,0.714715,1000
7115,7115,0.715203,0.715299,0.715029,0.715164,1000
7116,7116,0.715561,0.715744,0.715476,0.715610,1000
7117,7117,0.716286,0.716418,0.716045,0.716232,1000
7118,7118,0.716910,0.717133,0.716717,0.716925,1000
7119,7119,0.717369,0.717491,0.717230,0.717360,1000
7120,7120,0.717313,0.717348,0.717337,0.717343,1000
7121,7121,0.717308,0.717301,0.717265,0.717283,1000
7122,7122,0.717521,0.717604,0.717456,0.717530,1000
7123,7123,0.717432,0.717449,0.717380,0.717415,1000
7124,7124,0.717578,0.717635,0.717533,0.717584,1000
7125,7125,0.717819,0.717929,0.717770,0.717850,1000
7126,7126,0.718066,0.718160,0.718017,0.718089,1000
7127,7127,0.718495,0.718618,0.718373,0.718495,1000
7128,7128,0.719130,0.719226,0.718889,0.719057,1000
7129,7129,0.719936,0.720184,0.719664,0.719924,1000
7130,7130,0.720695,0.720950,0.720476,0.720713,1000
7131,7131,0.720791,0.720843,0.720783,0.720813,1000
7132,7132,0.720838,0.720805,0.720797,0.720801,1000
7133,7133,0.721084,0.721089,0.720956,0.721023,1000
7134,7134,0.721022,0.721029,0.721026,0.721028,1000
7135,7135,0.721142,0.721205,0.721123,0.721164,1000
7136,7136,0.721649,0.721786,0.721499,0.721642,1000
7137,7137,0.721838,0.721899,0.721781,0.721840,1000
7138,7138,0.722226,0.722334,0.722106,0.722220,1000
7139,7139,0.722557,0.722688,0.722472,0.722580,1000
7140,7140,0.723165,0.723262,0.722947,0.723105,1000
7141,7141,0.723135,0.723196,0.723154,0.723175,1000
7142,7142,0.723445,0.723463,0.723330,0.723396,1000
7143,7143,0.723278,0.723303,0.723223,0.723263,1000
7144,7144,0.723229,0.723219,0.723181,0.723200,1000
7145,7145,0.723107,0.723076,0.722969,0.723022,1000
7146,7146,0.722998,0.723056,0.723041,0.723048,1000
7147,7147,0.723162,0.723219,0.723141,0.723180,1000
7148,7148,0.722911,0.722975,0.722799,0.722887,1000
7149,7149,0.722482,0.722584,0.722324,0.722454,1000
7150,7150,0.722369,0.722433,0.722415,0.722424,1000
7151,7151,0.722428,0.722410,0.722397,0.722404,1000
7152,7152,0.722194,0.722241,0.722101,0.722171,1000
7153,7153,0.721518,0.721720,0.721334,0.721527,1000
7154,7154,0.720496,0.720825,0.720223,0.720524,1000
7155,7155,0.719565,0.719824,0.719225,0.719525,1000
7156,7156,0.718720,0.718957,0.718471,0.718714,1000
7157,7157,0.718114,0.718319,0.717980,0.718150,1000
7158,7158,0.718165,0.718122,0.718099,0.718110,1000
7159,7159,0.717939,0.718010,0.717923,0.717967,1000
7160,7160,0.717899,0.717911,0.717864,0.717887,1000
7161,7161,0.717830,0.717840,0.717800,0.717820,1000
7162,7162,0.717725,0.717709,0.717614,0.717662,1000
7163,7163,0.717149,0.717286,0.716963,0.717124,1000
7164,7164,0.716662,0.716808,0.716537,0.716673,1000
7165,7165,0.715956,0.716188,0.715773,0.715981,1000
7166,7166,0.715115,0.715372,0.714851,0.715112,1000
7167,7167,0.714763,0.714845,0.714616,0.714730,1000
7168,7168,0.714677,0.714668,0.714615,0.714641,1000
7169,7169,0.714879,0.714999,0.714834,0.714917,1000
7170,7170,0.714846,0.714875,0.714840,0.714857,1000
7171,7171,0.714667,0.714738,0.714636,0.714687,1000
7172,7172,0.714196,0.714364,0.714087,0.714226,1000
7173,7173,0.714322,0.714334,0.714284,0.714309,1000
7174,7174,0.714352,0.714403,0.714359,0.714381,1000
7175,7175,0.714467,0.714519,0.714455,0.714487,1000
7176,7176,0.715116,0.715334,0.714943,0.715138,1000
7177,7177,0.715620,0.715704,0.715443,0.715573,1000
7178,7178,0.715458,0.715506,0.715448,0.715477,1000
7179,7179,0.715918,0.715976,0.715746,0.715861,1000
7180,7180,0.715848,0.715868,0.715865,0.715867,1000
7181,7181,0.715940,0.715895,0.715882,0.715889,1000
7182,7182,0.716001,0.716080,0.715992,0.716036,1000
7183,7183,0.716071,0.716125,0.716084,0.716104,1000
7184,7184,0.715912,0.715979,0.715871,0.715925,1000
7185,7185,0.716035,0.716032,0.715982,0.716007,1000
7186,7186,0.716028,0.716073,0.716043,0.716058,1000
7187,7187,0.715666,0.715820,0.715615,0.715717,1000
7188,7188,0.715710,0.715734,0.715726,0.715730,1000
7189,7189,0.715535,0.715607,0.715502,0.715554,1000
7190,7190,0.715219,0.715358,0.715189,0.715273,1000
7191,7191,0.714913,0.715013,0.714789,0.714901,1000
7192,7192,0.714400,0.714510,0.714176,0.714343,1000
7193,7193,0.713680,0.713897,0.713514,0.713705,1000
7194,7194,0.712763,0.713043,0.712475,0.712759,1000
7195,7195,0.711864,0.712180,0.711685,0.711933,1000
7196,7196,0.711273,0.711446,0.711029,0.711238,1000
7197,7197,0.710645,0.710842,0.710503,0.710672,1000
7198,7198,0.710154,0.710296,0.709974,0.710135,1000
7199,7199,0.708632,0.709065,0.708149,0.708607,1000
7200,7200,0.707458,0.707837,0.707178,0.707508,1000
7201,7201,0.706786,0.706942,0.706457,0.706700,1000
7202,7202,0.705750,0.706035,0.705467,0.705751,1000
7203,7203,0.704588,0.704971,0.704303,0.704637,1000
7204,7204,0.703482,0.703817,0.703115,0.703466,1000
7205,7205,0.701986,0.702441,0.701563,0.702002,1000
7206,7206,0.700638,0.701038,0.700212,0.700625,1000
7207,7207,0.699149,0.699583,0.698691,0.699137,1000
7208,7208,0.698603,0.698757,0.698432,0.698594,1000
7209,7209,0.698100,0.698239,0.697934,0.698087,1000
7210,7210,0.697588,0.697720,0.697406,0.697563,1000
7211,7211,0.696751,0.696973,0.696468,0.696720,1000
7212,7212,0.695975,0.696195,0.695746,0.695971,1000
7213,7213,0.695707,0.695767,0.695592,0.695680,1000
7214,7214,0.695692,0.695686,0.695683,0.695685,1000
7215,7215,0.695429,0.695526,0.695389,0.695457,1000
7216,7216,0.695183,0.695301,0.695168,0.695235,1000
7217,7217,0.695155,0.695176,0.695126,0.695151,1000
7218,7218,0.694903,0.694970,0.694816,0.694893,1000
7219,7219,0.694883,0.694865,0.694842,0.694854,1000
7220,7220,0.694699,0.694787,0.694731,0.694759,1000
7221,7221,0.695128,0.695128,0.694958,0.695043,1000
7222,7222,0.695224,0.695269,0.695165,0.695217,1000
7223,7223,0.695209,0.695248,0.695234,0.695241,1000
7224,7224,0.695459,0.695466,0.695362,0.695414,1000
7225,7225,0.696224,0.696458,0.695976,0.696217,1000
7226,7226,0.696669,0.696761,0.696510,0.696635,1000
7227,7227,0.697302,0.697516,0.697109,0.697312,1000
7228,7228,0.697656,0.697819,0.697585,0.697702,1000
7229,7229,0.698240,0.698450,0.698105,0.698278,1000
7230,7230,0.698457,0.698532,0.698415,0.698474,1000
7231,7231,0.698035,0.698175,0.697919,0.698047,1000
7232,7232,0.697929,0.697961,0.697888,0.697925,1000
7233,7233,0.697969,0.698073,0.698004,0.698039,1000
7234,7234,0.697091,0.697385,0.696826,0.697106,1000
7235,7235,0.696287,0.696531,0.696039,0.696285,1000
7236,7236,0.695990,0.696079,0.695902,0.695990,1000
7237,7237,0.695148,0.695410,0.694914,0.695162,1000
7238,7238,0.693748,0.694155,0.693293,0.693724,1000
7239,7239,0.693165,0.693355,0.693038,0.693197,1000
7240,7240,0.692602,0.692744,0.692356,0.692550,1000
7241,7241,0.691801,0.692050,0.691622,0.691836,1000
7242,7242,0.691362,0.691550,0.691305,0.691428,1000
7243,7243,0.690835,0.691030,0.690689,0.690860,1000
7244,7244,0.690431,0.690588,0.690355,0.690472,1000
7245,7245,0.690273,0.690288,0.690131,0.690209,1000
7246,7246,0.690107,0.690175,0.690146,0.690160,1000
7247,7247,0.690189,0.690224,0.690194,0.690209,1000
7248,7248,0.690731,0.690863,0.690561,0.690712,1000
7249,7249,0.691098,0.691211,0.690981,0.691096,1000
7250,7250,0.691420,0.691491,0.691309,0.691400,1000
7251,7251,0.692083,0.692254,0.691860,0.692057,1000
7252,7252,0.692223,0.692234,0.692152,0.692193,1000
7253,7253,0.692215,0.692233,0.692215,0.692224,1000
7254,7254,0.692700,0.692837,0.692554,0.692695,1000
7255,7255,0.693133,0.693241,0.692989,0.693115,1000
7256,7256,0.693794,0.693968,0.693574,0.693771,1000
7257,7257,0.694867,0.695146,0.694511,0.694828,1000
7258,7258,0.695481,0.695656,0.695274,0.695465,1000
7259,7259,0.696051,0.696318,0.695924,0.696121,1000
7260,7260,0.697001,0.697239,0.696723,0.696981,1000
7261,7261,0.697185,0.697259,0.697131,0.697195,1000
7262,7262,0.697361,0.697420,0.697316,0.697368,1000
7263,7263,0.697445,0.697501,0.697440,0.697470,1000
7264,7264,0.697560,0.697641,0.697562,0.697601,1000
7265,7265,0.697648,0.697586,0.697573,0.697580,1000
7266,7266,0.697098,0.697216,0.696904,0.697060,1000
7267,7267,0.696998,0.696969,0.696892,0.696930,1000
7268,7268,0.696608,0.696635,0.696382,0.696509,1000
7269,7269,0.696299,0.696348,0.696211,0.696280,1000
7270,7270,0.696235,0.696257,0.696238,0.696247,1000
7271,7271,0.696259,0.696234,0.696223,0.696228,1000
7272,7272,0.696102,0.696146,0.696076,0.696111,1000
7273,7273,0.695798,0.695884,0.695690,0.695787,1000
7274,7274,0.695813,0.695789,0.695788,0.695789,1000
7275,7275,0.696171,0.696243,0.696033,0.696138,1000
7276,7276,0.696259,0.696337,0.696245,0.696291,1000
7277,7277,0.696260,0.696285,0.696280,0.696282,1000
7278,7278,0.696013,0.696105,0.695953,0.696029,1000
7279,7279,0.695253,0.695488,0.695025,0.695257,1000
7280,7280,0.694137,0.694421,0.693706,0.694064,1000
7281,7281,0.693004,0.693293,0.692632,0.692963,1000
7282,7282,0.691727,0.692142,0.691440,0.691791,1000
7283,7283,0.690300,0.690760,0.689878,0.690319,1000
7284,7284,0.689076,0.689480,0.688761,0.689120,1000
7285,7285,0.687529,0.688036,0.687108,0.687572,1000
7286,7286,0.686041,0.686525,0.685629,0.686077,1000
7287,7287,0.684844,0.685193,0.684437,0.684815,1000
7288,7288,0.683183,0.683694,0.682734,0.683214,1000
7289,7289,0.682130,0.682452,0.681800,0.682126,1000
7290,7290,0.681152,0.681466,0.680900,0.681183,1000
7291,7291,0.680074,0.680375,0.679684,0.680030,1000
7292,7292,0.679267,0.679516,0.679075,0.679296,1000
7293,7293,0.678206,0.678514,0.677845,0.678179,1000
7294,7294,0.677255,0.677516,0.676947,0.677232,1000
7295,7295,0.676395,0.676678,0.676204,0.676441,1000
7296,7296,0.676104,0.676212,0.676016,0.676114,1000
7297,7297,0.676058,0.676095,0.676078,0.676087,1000
7298,7298,0.676204,0.676177,0.676135,0.676156,1000
7299,7299,0.676292,0.676365,0.676269,0.676317,1000
7300,7300,0.675950,0.676115,0.675942,0.676029,1000
7301,7301,0.675616,0.675784,0.675574,0.675679,1000
7302,7302,0.675543,0.675621,0.675573,0.675597,1000
7303,7303,0.675792,0.675927,0.675775,0.675851,1000
7304,7304,0.676313,0.676423,0.676159,0.676291,1000
7305,7305,0.677104,0.677340,0.676856,0.677098,1000
7306,7306,0.678044,0.678329,0.677760,0.678045,1000
7307,7307,0.679111,0.679411,0.678780,0.679096,1000
7308,7308,0.679667,0.679858,0.679506,0.679682,1000
7309,7309,0.680453,0.680633,0.680194,0.680413,1000
7310,7310,0.680892,0.681120,0.680794,0.680957,1000
7311,7311,0.681418,0.681564,0.681284,0.681424,1000
7312,7312,0.681884,0.682022,0.681746,0.681884,1000
7313,7313,0.681954,0.681949,0.681919,0.681934,1000
7314,7314,0.681515,0.681650,0.681407,0.681528,1000
7315,7315,0.681131,0.681251,0.681012,0.681131,1000
7316,7316,0.680672,0.680773,0.680467,0.680620,1000
7317,7317,0.680661,0.680611,0.680604,0.680607,1000
7318,7318,0.680367,0.680449,0.680314,0.680382,1000
7319,7319,0.680752,0.680652,0.680527,0.680590,1000
7320,7320,0.679951,0.680159,0.679791,0.679975,1000
7321,7321,0.679196,0.679419,0.678942,0.679181,1000
7322,7322,0.678281,0.678538,0.677988,0.678263,1000
7323,7323,0.677820,0.677991,0.677758,0.677874,1000
7324,7324,0.678106,0.678189,0.678044,0.678117,1000
7325,7325,0.678670,0.678867,0.678521,0.678694,1000
7326,7326,0.678952,0.679023,0.678871,0.678947,1000
7327,7327,0.679853,0.679992,0.679510,0.679751,1000
7328,7328,0.680562,0.680793,0.680312,0.680552,1000
7329,7329,0.682158,0.682661,0.681687,0.682174,1000
7330,7330,0.683817,0.684336,0.683337,0.683837,1000
7331,7331,0.684951,0.685350,0.684651,0.685001,1000
7332,7332,0.685589,0.685756,0.685407,0.685582,1000
7333,7333,0.686032,0.686222,0.685926,0.686074,1000
7334,7334,0.686768,0.687050,0.686599,0.686825,1000
7335,7335,0.687436,0.687602,0.687243,0.687422,1000
7336,7336,0.687963,0.688166,0.687823,0.687994,1000
7337,7337,0.689176,0.689505,0.688807,0.689156,1000
7338,7338,0.690589,0.691074,0.690188,0.690631,1000
7339,7339,0.691475,0.691686,0.691199,0.691443,1000
7340,7340,0.692564,0.692812,0.692180,0.692496,1000
7341,7341,0.693579,0.693887,0.693245,0.693566,1000
7342,7342,0.694780,0.695112,0.694398,0.694755,1000
7343,7343,0.695906,0.696252,0.695561,0.695906,1000
7344,7344,0.696815,0.697152,0.696577,0.696864,1000
7345,7345,0.697800,0.698061,0.697509,0.697785,1000
7346,7346,0.698042,0.698035,0.697919,0.697977,1000
7347,7347,0.697450,0.697628,0.697329,0.697479,1000
7348,7348,0.697086,0.697155,0.696877,0.697016,1000
7349,7349,0.696449,0.696615,0.696272,0.696444,1000
7350,7350,0.695446,0.695735,0.695129,0.695432,1000
7351,7351,0.695471,0.695515,0.695477,0.695496,1000
7352,7352,0.695928,0.696037,0.695787,0.695912,1000
7353,7353,0.696623,0.696820,0.696401,0.696610,1000
7354,7354,0.697457,0.697770,0.697234,0.697502,1000
7355,7355,0.698498,0.698880,0.698244,0.698562,1000
7356,7356,0.699541,0.699856,0.699259,0.699558,1000
7357,7357,0.700222,0.700420,0.700022,0.700221,1000
7358,7358,0.701154,0.701443,0.700879,0.701161,1000
7359,7359,0.702317,0.702697,0.701988,0.702342,1000
7360,7360,0.703190,0.703470,0.702950,0.703210,1000
7361,7361,0.703363,0.703440,0.703334,0.703387,1000
7362,7362,0.703489,0.703603,0.703503,0.703553,1000
7363,7363,0.703915,0.704005,0.703796,0.703900,1000
7364,7364,0.703663,0.703679,0.703489,0.703584,1000
7365,7365,0.703620,0.703629,0.703608,0.703619,1000
7366,7366,0.703696,0.703778,0.703704,0.703741,1000
7367,7367,0.703589,0.703615,0.703507,0.703561,1000
7368,7368,0.703450,0.703472,0.703395,0.703433,1000
7369,7369,0.703347,0.703382,0.703338,0.703360,1000
7370,7370,0.703497,0.703548,0.703461,0.703505,1000
7371,7371,0.703707,0.703788,0.703657,0.703723,1000
7372,7372,0.704401,0.704599,0.704194,0.704397,1000
7373,7373,0.705387,0.705600,0.705044,0.705322,1000
7374,7374,0.706481,0.706852,0.706145,0.706499,1000
7375,7375,0.707208,0.707429,0.707000,0.707214,1000
7376,7376,0.707490,0.707533,0.707386,0.707459,1000
7377,7377,0.707874,0.707977,0.707738,0.707858,1000
7378,7378,0.707678,0.707735,0.707630,0.707683,1000
7379,7379,0.708191,0.708237,0.707981,0.708109,1000
7380,7380,0.708759,0.708939,0.708556,0.708748,1000
7381,7381,0.709041,0.709165,0.708972,0.709069,1000
7382,7382,0.709400,0.709431,0.709264,0.709347,1000
7383,7383,0.710379,0.710714,0.710083,0.710398,1000
7384,7384,0.711455,0.711790,0.711147,0.711469,1000
7385,7385,0.712313,0.712590,0.712072,0.712331,1000
7386,7386,0.713371,0.713736,0.713087,0.713411,1000
7387,7387,0.714342,0.714669,0.714088,0.714378,1000
7388,7388,0.715291,0.715562,0.715016,0.715289,1000
7389,7389,0.715930,0.716149,0.715752,0.715951,1000
7390,7390,0.716948,0.717197,0.716621,0.716909,1000
7391,7391,0.717307,0.717431,0.717190,0.717311,1000
7392,7392,0.717244,0.717254,0.717206,0.717230,1000
7393,7393,0.717272,0.717222,0.717215,0.717218,1000
7394,7394,0.716791,0.716921,0.716666,0.716794,1000
7395,7395,0.716591,0.716662,0.716549,0.716606,1000
7396,7396,0.716968,0.717008,0.716822,0.716915,1000
7397,7397,0.717097,0.717190,0.717063,0.717127,1000
7398,7398,0.716673,0.716809,0.716537,0.716673,1000
7399,7399,0.716414,0.716490,0.716334,0.716412,1000
7400,7400,0.716471,0.716423,0.716418,0.716420,1000
7401,7401,0.716712,0.716733,0.716589,0.716661,1000
7402,7402,0.717125,0.717350,0.717032,0.717191,1000
7403,7403,0.717848,0.717991,0.717622,0.717807,1000
7404,7404,0.718367,0.718541,0.718202,0.718372,1000
7405,7405,0.718903,0.719069,0.718747,0.718908,1000
7406,7406,0.719341,0.719440,0.719194,0.719317,1000
7407,7407,0.719760,0.719804,0.719579,0.719691,1000
7408,7408,0.720007,0.720125,0.719925,0.720025,1000
7409,7409,0.720640,0.720847,0.720467,0.720657,1000
7410,7410,0.721448,0.721601,0.721165,0.721383,1000
7411,7411,0.722463,0.722867,0.722182,0.722524,1000
7412,7412,0.723995,0.724417,0.723542,0.723979,1000
7413,7413,0.725304,0.725770,0.724943,0.725356,1000
7414,7414,0.726214,0.726448,0.725944,0.726196,1000
7415,7415,0.726384,0.726489,0.726353,0.726421,1000
7416,7416,0.727506,0.727776,0.727150,0.727463,1000
7417,7417,0.728268,0.728459,0.727999,0.728229,1000
7418,7418,0.729125,0.729492,0.728909,0.729201,1000
7419,7419,0.730198,0.730502,0.729901,0.730201,1000
7420,7420,0.731439,0.731820,0.731073,0.731446,1000
7421,7421,0.732709,0.733137,0.732356,0.732746,1000
7422,7422,0.734051,0.734471,0.733674,0.734073,1000
7423,7423,0.735546,0.735950,0.735083,0.735517,1000
7424,7424,0.737659,0.738306,0.737017,0.737662,1000
7425,7425,0.740142,0.740904,0.739406,0.740155,1000
7426,7426,0.742314,0.742991,0.741680,0.742336,1000
7427,7427,0.743453,0.743901,0.743178,0.743540,1000
7428,7428,0.744696,0.744949,0.744298,0.744623,1000
7429,7429,0.745624,0.745942,0.745333,0.745637,1000
7430,7430,0.746917,0.747345,0.746557,0.746951,1000
7431,7431,0.748214,0.748570,0.747822,0.748196,1000
7432,7432,0.749192,0.749428,0.748859,0.749144,1000
7433,7433,0.750563,0.750906,0.750092,0.750499,1000
7434,7434,0.752007,0.752441,0.751544,0.751992,1000
7435,7435,0.753158,0.753593,0.752854,0.753223,1000
7436,7436,0.754409,0.754735,0.754037,0.754386,1000
7437,7437,0.755255,0.755549,0.755012,0.755281,1000
7438,7438,0.755745,0.755901,0.755614,0.755758,1000
7439,7439,0.755801,0.755787,0.755774,0.755781,1000
7440,7440,0.756175,0.756316,0.756069,0.756193,1000
7441,7441,0.756335,0.756352,0.756279,0.756316,1000
7442,7442,0.756786,0.756929,0.756646,0.756788,1000
7443,7443,0.757309,0.757464,0.757152,0.757308,1000
7444,7444,0.757398,0.757343,0.757327,0.757335,1000
7445,7445,0.757545,0.757546,0.757449,0.757498,1000
7446,7446,0.758197,0.758363,0.757963,0.758163,1000
7447,7447,0.758828,0.759001,0.758614,0.758807,1000
7448,7448,0.759616,0.759876,0.759383,0.759630,1000
7449,7449,0.760620,0.760932,0.760331,0.760632,1000
7450,7450,0.761306,0.761436,0.761064,0.761250,1000
7451,7451,0.761797,0.762032,0.761671,0.761852,1000
7452,7452,0.762041,0.762126,0.761999,0.762063,1000
7453,7453,0.762286,0.762369,0.762228,0.762299,1000
7454,7454,0.762550,0.762514,0.762415,0.762464,1000
7455,7455,0.763484,0.763710,0.763135,0.763422,1000
7456,7456,0.764319,0.764673,0.764095,0.764384,1000
7457,7457,0.765088,0.765292,0.764873,0.765082,1000
7458,7458,0.765713,0.765848,0.765494,0.765671,1000
7459,7459,0.766006,0.766146,0.765927,0.766037,1000
7460,7460,0.766220,0.766249,0.766151,0.766200,1000
7461,7461,0.766460,0.766533,0.766380,0.766456,1000
7462,7462,0.766173,0.766265,0.766102,0.766184,1000
7463,7463,0.766616,0.766753,0.766490,0.766621,1000
7464,7464,0.767572,0.767870,0.767293,0.767582,1000
7465,7465,0.768114,0.768359,0.768000,0.768180,1000
7466,7466,0.768280,0.768390,0.768293,0.768341,1000
7467,7467,0.768265,0.768289,0.768244,0.768266,1000
7468,7468,0.768551,0.768611,0.768452,0.768531,1000
7469,7469,0.768776,0.768855,0.768706,0.768780,1000
7470,7470,0.769195,0.769363,0.769094,0.769228,1000
7471,7471,0.769677,0.769840,0.769558,0.769699,1000
7472,7472,0.770546,0.770815,0.770300,0.770557,1000
7473,7473,0.771425,0.771727,0.771187,0.771457,1000
7474,7474,0.772276,0.772482,0.772009,0.772245,1000
7475,7475,0.772917,0.773047,0.772677,0.772862,1000
7476,7476,0.773498,0.773761,0.773346,0.773554,1000
7477,7477,0.774125,0.774382,0.774000,0.774191,1000
7478,7478,0.775084,0.775374,0.774828,0.775101,1000
7479,7479,0.776165,0.776448,0.775826,0.776137,1000
7480,7480,0.777121,0.777406,0.776820,0.777113,1000
7481,7481,0.777748,0.777916,0.777545,0.777731,1000
7482,7482,0.777671,0.777690,0.777655,0.777673,1000
7483,7483,0.777204,0.777340,0.777055,0.777197,1000
7484,7484,0.776210,0.776544,0.775984,0.776264,1000
7485,7485,0.775799,0.775945,0.775671,0.775808,1000
7486,7486,0.774982,0.775175,0.774634,0.774905,1000
7487,7487,0.774457,0.774618,0.774372,0.774495,1000
7488,7488,0.773814,0.774022,0.773617,0.773820,1000
7489,7489,0.773976,0.774010,0.773922,0.773966,1000
7490,7490,0.774083,0.774184,0.774083,0.774134,1000
7491,7491,0.773947,0.774029,0.773939,0.773984,1000
7492,7492,0.773975,0.773971,0.773960,0.773965,1000
7493,7493,0.772952,0.773276,0.772686,0.772981,1000
7494,7494,0.772569,0.772702,0.772463,0.772582,1000
7495,7495,0.772385,0.772460,0.772355,0.772407,1000
7496,7496,0.772173,0.772224,0.772067,0.772146,1000
7497,7497,0.771542,0.771689,0.771298,0.771493,1000
7498,7498,0.770895,0.771077,0.770721,0.770899,1000
7499,7499,0.770020,0.770339,0.769858,0.770098,1000
7500,7500,0.769816,0.769865,0.769666,0.769766,1000
7501,7501,0.769021,0.769307,0.768915,0.769111,1000
7502,7502,0.768358,0.768554,0.768076,0.768315,1000
7503,7503,0.768017,0.768129,0.767970,0.768049,1000
7504,7504,0.767914,0.767974,0.767910,0.767942,1000
7505,7505,0.767572,0.767710,0.767511,0.767610,1000
7506,7506,0.767421,0.767466,0.767343,0.767405,1000
7507,7507,0.767755,0.767874,0.767657,0.767766,1000
7508,7508,0.767640,0.767704,0.767651,0.767677,1000
7509,7509,0.767376,0.767454,0.767263,0.767359,1000
7510,7510,0.767489,0.767452,0.767409,0.767431,1000
7511,7511,0.767179,0.767260,0.767114,0.767187,1000
7512,7512,0.766622,0.766824,0.766513,0.766668,1000
7513,7513,0.766212,0.766351,0.766080,0.766215,1000
7514,7514,0.765779,0.765877,0.765586,0.765731,1000
7515,7515,0.764600,0.764917,0.764220,0.764569,1000
7516,7516,0.763576,0.763861,0.763256,0.763559,1000
7517,7517,0.762468,0.762780,0.762114,0.762447,1000
7518,7518,0.762579,0.762624,0.762542,0.762583,1000
7519,7519,0.763077,0.763252,0.762943,0.763098,1000
7520,7520,0.763829,0.764135,0.763656,0.763896,1000
7521,7521,0.764463,0.764672,0.764313,0.764493,1000
7522,7522,0.765366,0.765654,0.765117,0.765386,1000
7523,7523,0.766242,0.766531,0.766002,0.766267,1000
7524,7524,0.766177,0.766235,0.766208,0.766221,1000
7525,7525,0.766249,0.766198,0.766179,0.766188,1000
7526,7526,0.765636,0.765808,0.765482,0.765645,1000
7527,7527,0.764868,0.765120,0.764671,0.764896,1000
7528,7528,0.764240,0.764437,0.764045,0.764241,1000
7529,7529,0.762922,0.763324,0.762538,0.762931,1000
7530,7530,0.761882,0.762172,0.761522,0.761847,1000
7531,7531,0.760554,0.760934,0.760153,0.760544,1000
7532,7532,0.760118,0.760239,0.759978,0.760108,1000
7533,7533,0.759235,0.759484,0.758949,0.759217,1000
7534,7534,0.758478,0.758704,0.758266,0.758485,1000
7535,7535,0.757715,0.757960,0.757510,0.757735,1000
7536,7536,0.757380,0.757470,0.757243,0.757356,1000
7537,7537,0.757221,0.757254,0.757167,0.757211,1000
7538,7538,0.756770,0.756901,0.756635,0.756768,1000
7539,7539,0.756090,0.756250,0.755807,0.756028,1000
7540,7540,0.755306,0.755457,0.754968,0.755213,1000
7541,7541,0.754052,0.754382,0.753671,0.754027,1000
7542,7542,0.753082,0.753374,0.752815,0.753095,1000
7543,7543,0.751851,0.752224,0.751479,0.751851,1000
7544,7544,0.750141,0.750650,0.749623,0.750137,1000
7545,7545,0.748637,0.749112,0.748235,0.748673,1000
7546,7546,0.748160,0.748283,0.747948,0.748115,1000
7547,7547,0.746771,0.747180,0.746379,0.746779,1000
7548,7548,0.745932,0.746194,0.745692,0.745943,1000
7549,7549,0.744914,0.745233,0.744625,0.744929,1000
7550,7550,0.743784,0.744138,0.743462,0.743800,1000
7551,7551,0.742553,0.742912,0.742152,0.742532,1000
7552,7552,0.741781,0.742014,0.741570,0.741792,1000
7553,7553,0.741667,0.741698,0.741618,0.741658,1000
7554,7554,0.741845,0.741865,0.741770,0.741817,1000
7555,7555,0.742346,0.742484,0.742176,0.742330,1000
7556,7556,0.742216,0.742226,0.742137,0.742182,1000
7557,7557,0.742150,0.742139,0.742103,0.742121,1000
7558,7558,0.741274,0.741561,0.741081,0.741321,1000
7559,7559,0.740355,0.740640,0.740057,0.740348,1000
7560,7560,0.739418,0.739722,0.739186,0.739454,1000
7561,7561,0.738473,0.738769,0.738182,0.738475,1000
7562,7562,0.737917,0.738101,0.737781,0.737941,1000
7563,7563,0.736559,0.736976,0.736149,0.736563,1000
7564,7564,0.735265,0.735658,0.734883,0.735270,1000
7565,7565,0.733919,0.734310,0.733489,0.733900,1000
7566,7566,0.732412,0.732879,0.732005,0.732442,1000
7567,7567,0.730972,0.731400,0.730508,0.730954,1000
7568,7568,0.729377,0.729905,0.729007,0.729456,1000
7569,7569,0.728175,0.728552,0.727779,0.728166,1000
7570,7570,0.726575,0.727051,0.726098,0.726575,1000
7571,7571,0.725444,0.725784,0.725107,0.725445,1000
7572,7572,0.723961,0.724411,0.723526,0.723968,1000
7573,7573,0.721946,0.722554,0.721345,0.721950,1000
7574,7574,0.720727,0.721129,0.720426,0.720778,1000
7575,7575,0.719518,0.719917,0.719181,0.719549,1000
7576,7576,0.718467,0.718798,0.718154,0.718476,1000
7577,7577,0.718067,0.718175,0.717917,0.718046,1000
7578,7578,0.717782,0.717857,0.717696,0.717777,1000
7579,7579,0.717896,0.718063,0.717931,0.717997,1000
7580,7580,0.717632,0.717795,0.717623,0.717709,1000
7581,7581,0.717873,0.717915,0.717820,0.717868,1000
7582,7582,0.718794,0.719040,0.718498,0.718769,1000
7583,7583,0.719457,0.719591,0.719212,0.719401,1000
7584,7584,0.720027,0.720224,0.719844,0.720034,1000
7585,7585,0.720150,0.720223,0.720136,0.720180,1000
7586,7586,0.720670,0.720807,0.720517,0.720662,1000
7587,7587,0.721419,0.721653,0.721196,0.721424,1000
7588,7588,0.722703,0.723115,0.722334,0.722724,1000
7589,7589,0.724206,0.724692,0.723783,0.724238,1000
7590,7590,0.725370,0.725672,0.725010,0.725341,1000
7591,7591,0.727173,0.727745,0.726634,0.727189,1000
7592,7592,0.729216,0.729767,0.728576,0.729171,1000
7593,7593,0.730790,0.731291,0.730312,0.730802,1000
7594,7594,0.732220,0.732686,0.731816,0.732251,1000
7595,7595,0.732800,0.732951,0.732628,0.732789,1000
7596,7596,0.733451,0.733569,0.733209,0.733389,1000
7597,7597,0.733495,0.733547,0.733474,0.733511,1000
7598,7598,0.733486,0.733502,0.733495,0.733499,1000
7599,7599,0.732871,0.733069,0.732700,0.732884,1000
7600,7600,0.732030,0.732335,0.731865,0.732100,1000
7601,7601,0.731564,0.731721,0.731396,0.731559,1000
7602,7602,0.731222,0.731328,0.731131,0.731229,1000
7603,7603,0.731084,0.731114,0.731016,0.731065,1000
7604,7604,0.730107,0.730379,0.729792,0.730085,1000
7605,7605,0.728902,0.729248,0.728532,0.728890,1000
7606,7606,0.728194,0.728376,0.727936,0.728156,1000
7607,7607,0.727333,0.727603,0.727130,0.727367,1000
7608,7608,0.726022,0.726460,0.725684,0.726072,1000
7609,7609,0.725223,0.725482,0.724976,0.725229,1000
7610,7610,0.723893,0.724297,0.723498,0.723897,1000
7611,7611,0.722284,0.722744,0.721757,0.722250,1000
7612,7612,0.720605,0.721071,0.720061,0.720566,1000
7613,7613,0.719145,0.719566,0.718710,0.719138,1000
7614,7614,0.718293,0.718527,0.718003,0.718265,1000
7615,7615,0.716610,0.717107,0.716117,0.716612,1000
7616,7616,0.715708,0.716013,0.715500,0.715756,1000
7617,7617,0.714942,0.715222,0.714765,0.714994,1000
7618,7618,0.714529,0.714663,0.714379,0.714521,1000
7619,7619,0.713763,0.713990,0.713535,0.713763,1000
7620,7620,0.713206,0.713336,0.712971,0.713154,1000
7621,7621,0.712759,0.712915,0.712710,0.712813,1000
7622,7622,0.712591,0.712663,0.712535,0.712599,1000
7623,7623,0.712953,0.713146,0.712893,0.713020,1000
7624,7624,0.713014,0.712994,0.712971,0.712982,1000
7625,7625,0.712623,0.712721,0.712497,0.712609,1000
7626,7626,0.712560,0.712568,0.712533,0.712551,1000
7627,7627,0.712384,0.712487,0.712433,0.712460,1000
7628,7628,0.712085,0.712187,0.711953,0.712070,1000
7629,7629,0.712353,0.712386,0.712240,0.712313,1000
7630,7630,0.712788,0.712983,0.712674,0.712828,1000
7631,7631,0.713416,0.713618,0.713253,0.713436,1000
7632,7632,0.714095,0.714339,0.713922,0.714130,1000
7633,7633,0.715351,0.715668,0.714958,0.715313,1000
7634,7634,0.716216,0.716542,0.715975,0.716258,1000
7635,7635,0.717336,0.717618,0.716990,0.717304,1000
7636,7636,0.718485,0.718759,0.718087,0.718423,1000
7637,7637,0.719700,0.720086,0.719318,0.719702,1000
7638,7638,0.720585,0.720915,0.720355,0.720635,1000
7639,7639,0.721921,0.722337,0.721551,0.721944,1000
7640,7640,0.723371,0.723835,0.722961,0.723398,1000
7641,7641,0.724764,0.725185,0.724360,0.724772,1000
7642,7642,0.726221,0.726601,0.725757,0.726179,1000
7643,7643,0.727626,0.728002,0.727160,0.727581,1000
7644,7644,0.728789,0.729079,0.728387,0.728733,1000
7645,7645,0.730011,0.730406,0.729633,0.730019,1000
7646,7646,0.730951,0.731250,0.730682,0.730966,1000
7647,7647,0.731642,0.731868,0.731452,0.731660,1000
7648,7648,0.732382,0.732634,0.732184,0.732409,1000
7649,7649,0.733038,0.733192,0.732830,0.733011,1000
7650,7650,0.733368,0.733512,0.733281,0.733397,1000
7651,7651,0.733730,0.733807,0.733617,0.733712,1000
7652,7652,0.733952,0.734025,0.733881,0.733953,1000
7653,7653,0.734433,0.734569,0.734284,0.734427,1000
7654,7654,0.734969,0.735124,0.734802,0.734963,1000
7655,7655,0.735774,0.735976,0.735508,0.735742,1000
7656,7656,0.736361,0.736586,0.736197,0.736391,1000
7657,7657,0.737502,0.737819,0.737160,0.737490,1000
7658,7658,0.738752,0.739153,0.738385,0.738769,1000
7659,7659,0.739594,0.739758,0.739301,0.739530,1000
7660,7660,0.741314,0.741840,0.740773,0.741306,1000
7661,7661,0.742368,0.742596,0.742000,0.742298,1000
7662,7662,0.743181,0.743404,0.742893,0.743149,1000
7663,7663,0.743575,0.743756,0.743475,0.743616,1000
7664,7664,0.743662,0.743664,0.743642,0.743653,1000
7665,7665,0.743541,0.743588,0.743532,0.743560,1000
7666,7666,0.743618,0.743626,0.743595,0.743611,1000
7667,7667,0.743656,0.743686,0.743651,0.743669,1000
7668,7668,0.743777,0.743878,0.743782,0.743830,1000
7669,7669,0.743916,0.743850,0.743841,0.743846,1000
7670,7670,0.744019,0.744049,0.743955,0.744002,1000
7671,7671,0.743858,0.743873,0.743762,0.743818,1000
7672,7672,0.743677,0.743755,0.743702,0.743728,1000
7673,7673,0.743592,0.743606,0.743502,0.743554,1000
7674,7674,0.743024,0.743198,0.742893,0.743046,1000
7675,7675,0.742812,0.742879,0.742736,0.742808,1000
7676,7676,0.742309,0.742469,0.742179,0.742324,1000
7677,7677,0.742421,0.742447,0.742390,0.742419,1000
7678,7678,0.742353,0.742382,0.742350,0.742366,1000
7679,7679,0.741814,0.741981,0.741651,0.741816,1000
7680,7680,0.741612,0.741693,0.741588,0.741641,1000
7681,7681,0.741930,0.741982,0.741824,0.741903,1000
7682,7682,0.742069,0.742166,0.742045,0.742105,1000
7683,7683,0.741667,0.741810,0.741556,0.741683,1000
7684,7684,0.741312,0.741441,0.741233,0.741337,1000
7685,7685,0.741183,0.741231,0.741140,0.741185,1000
7686,7686,0.740841,0.740967,0.740781,0.740874,1000
7687,7687,0.740460,0.740611,0.740385,0.740498,1000
7688,7688,0.740602,0.740720,0.740617,0.740669,1000
7689,7689,0.741178,0.741306,0.741012,0.741159,1000
7690,7690,0.742278,0.742647,0.741960,0.742304,1000
7691,7691,0.743356,0.743630,0.743017,0.743324,1000
7692,7692,0.744332,0.744663,0.744044,0.744354,1000
7693,7693,0.745219,0.745518,0.744981,0.745250,1000
7694,7694,0.746601,0.746983,0.746182,0.746583,1000
7695,7695,0.747832,0.748175,0.747440,0.747807,1000
7696,7696,0.749083,0.749463,0.748698,0.749080,1000
7697,7697,0.749937,0.750213,0.749690,0.749952,1000
7698,7698,0.750360,0.750557,0.750277,0.750417,1000
7699,7699,0.750661,0.750713,0.750576,0.750644,1000
7700,7700,0.751085,0.751201,0.750944,0.751072,1000
7701,7701,0.751242,0.751290,0.751190,0.751240,1000
7702,7702,0.751991,0.752206,0.751760,0.751983,1000
7703,7703,0.752727,0.752960,0.752509,0.752735,1000
7704,7704,0.753263,0.753483,0.753137,0.753310,1000
7705,7705,0.754039,0.754279,0.753832,0.754055,1000
7706,7706,0.755140,0.755498,0.754832,0.755165,1000
7707,7707,0.756200,0.756570,0.755921,0.756246,1000
7708,7708,0.757174,0.757465,0.756902,0.757184,1000
7709,7709,0.757594,0.757750,0.757489,0.757619,1000
7710,7710,0.757732,0.757814,0.757724,0.757769,1000
7711,7711,0.757965,0.757969,0.757876,0.757923,1000
7712,7712,0.757901,0.757946,0.757935,0.757941,1000
7713,7713,0.758202,0.758197,0.758079,0.758138,1000
7714,7714,0.758333,0.758362,0.758259,0.758310,1000
7715,7715,0.758794,0.758901,0.758628,0.758765,1000
7716,7716,0.759156,0.759278,0.759041,0.759160,1000
7717,7717,0.759181,0.759253,0.759210,0.759231,1000
7718,7718,0.759259,0.759225,0.759219,0.759222,1000
7719,7719,0.759002,0.759100,0.758995,0.759048,1000
7720,7720,0.758666,0.758815,0.758615,0.758715,1000
7721,7721,0.758366,0.758455,0.758233,0.758344,1000
7722,7722,0.758329,0.758310,0.758280,0.758295,1000
7723,7723,0.758488,0.758573,0.758445,0.758509,1000
7724,7724,0.759270,0.759608,0.759100,0.759354,1000
7725,7725,0.760484,0.760830,0.760148,0.760489,1000
7726,7726,0.761110,0.761343,0.760949,0.761146,1000
7727,7727,0.761583,0.761768,0.761481,0.761624,1000
7728,7728,0.762143,0.762226,0.761948,0.762087,1000
7729,7729,0.762967,0.763208,0.762690,0.762949,1000
7730,7730,0.763822,0.764175,0.763609,0.763892,1000
7731,7731,0.764850,0.765144,0.764566,0.764855,1000
7732,7732,0.766060,0.766380,0.765676,0.766028,1000
7733,7733,0.766924,0.767123,0.766617,0.766870,1000
7734,7734,0.767512,0.767750,0.767343,0.767547,1000
7735,7735,0.768276,0.768434,0.768024,0.768229,1000
7736,7736,0.768935,0.769145,0.768722,0.768934,1000
7737,7737,0.769806,0.770135,0.769580,0.769858,1000
7738,7738,0.770580,0.770715,0.770319,0.770517,1000
7739,7739,0.770470,0.770564,0.770542,0.770553,1000
7740,7740,0.770878,0.771021,0.770805,0.770913,1000
7741,7741,0.770921,0.770893,0.770876,0.770884,1000
7742,7742,0.770432,0.770536,0.770238,0.770387,1000
7743,7743,0.770222,0.770264,0.770158,0.770211,1000
7744,7744,0.770414,0.770520,0.770377,0.770448,1000
7745,7745,0.770943,0.771191,0.770848,0.771020,1000
7746,7746,0.771041,0.771019,0.771018,0.771018,1000
7747,7747,0.771071,0.771004,0.770991,0.770998,1000
7748,7748,0.770497,0.770669,0.770387,0.770528,1000
7749,7749,0.770582,0.770645,0.770591,0.770618,1000
7750,7750,0.770672,0.770711,0.770668,0.770689,1000
7751,7751,0.771027,0.771117,0.770920,0.771019,1000
7752,7752,0.771501,0.771596,0.771330,0.771463,1000
7753,7753,0.771664,0.771771,0.771629,0.771700,1000
7754,7754,0.771766,0.771822,0.771766,0.771794,1000
7755,7755,0.771701,0.771741,0.771695,0.771718,1000
7756,7756,0.771393,0.771500,0.771314,0.771407,1000
7757,7757,0.770390,0.770706,0.770105,0.770406,1000
7758,7758,0.769725,0.769894,0.769456,0.769675,1000
7759,7759,0.768894,0.769114,0.768633,0.768873,1000
7760,7760,0.768468,0.768585,0.768337,0.768461,1000
7761,7761,0.767445,0.767768,0.767174,0.767471,1000
7762,7762,0.766843,0.766995,0.766588,0.766792,1000
7763,7763,0.766261,0.766437,0.766134,0.766286,1000
7764,7764,0.765355,0.765600,0.765013,0.765306,1000
7765,7765,0.764032,0.764436,0.763691,0.764063,1000
7766,7766,0.762872,0.763234,0.762525,0.762880,1000
7767,7767,0.761901,0.762170,0.761562,0.761866,1000
7768,7768,0.761408,0.761543,0.761266,0.761404,1000
7769,7769,0.761118,0.761192,0.761009,0.761101,1000
7770,7770,0.760718,0.760812,0.760564,0.760688,1000
7771,7771,0.759776,0.760043,0.759490,0.759766,1000
7772,7772,0.759326,0.759503,0.759278,0.759390,1000
7773,7773,0.759411,0.759402,0.759397,0.759400,1000
7774,7774,0.759223,0.759280,0.759178,0.759229,1000
7775,7775,0.758796,0.758943,0.758697,0.758820,1000
7776,7776,0.758396,0.758530,0.758281,0.758405,1000
7777,7777,0.758224,0.758254,0.758125,0.758189,1000
7778,7778,0.757995,0.758072,0.757972,0.758022,1000
7779,7779,0.758343,0.758423,0.758238,0.758331,1000
7780,7780,0.758916,0.759090,0.758739,0.758915,1000
7781,7781,0.758946,0.759051,0.758988,0.759019,1000
7782,7782,0.759089,0.759002,0.758988,0.758995,1000
7783,7783,0.759090,0.759120,0.759062,0.759091,1000
7784,7784,0.759074,0.759080,0.759071,0.759076,1000
7785,7785,0.759961,0.760169,0.759664,0.759916,1000
7786,7786,0.759646,0.759744,0.759595,0.759669,1000
7787,7787,0.759552,0.759598,0.759537,0.759568,1000
7788,7788,0.759410,0.759465,0.759376,0.759421,1000
7789,7789,0.758949,0.759078,0.758784,0.758931,1000
7790,7790,0.758492,0.758645,0.758401,0.758523,1000
7791,7791,0.758447,0.758463,0.758412,0.758437,1000
7792,7792,0.757865,0.758091,0.757794,0.757942,1000
7793,7793,0.757457,0.757636,0.757373,0.757504,1000
7794,7794,0.756684,0.756896,0.756374,0.756635,1000
7795,7795,0.756679,0.756690,0.756665,0.756678,1000
7796,7796,0.756880,0.756905,0.756800,0.756852,1000
7797,7797,0.757190,0.757253,0.757068,0.757161,1000
7798,7798,0.757454,0.757525,0.757357,0.757441,1000
7799,7799,0.757275,0.757282,0.757147,0.757214,1000
7800,7800,0.756721,0.756885,0.756603,0.756744,1000
7801,7801,0.755846,0.756119,0.755584,0.755851,1000
7802,7802,0.754851,0.755136,0.754524,0.754830,1000
7803,7803,0.754209,0.754404,0.754038,0.754221,1000
7804,7804,0.753639,0.753816,0.753469,0.753642,1000
7805,7805,0.753308,0.753397,0.753187,0.753292,1000
7806,7806,0.752856,0.752983,0.752719,0.752851,1000
7807,7807,0.752492,0.752584,0.752355,0.752470,1000
7808,7808,0.751845,0.752028,0.751650,0.751839,1000
7809,7809,0.751445,0.751594,0.751385,0.751490,1000
7810,7810,0.751295,0.751336,0.751204,0.751270,1000
7811,7811,0.751221,0.751217,0.751172,0.751195,1000
7812,7812,0.751282,0.751266,0.751233,0.751249,1000
7813,7813,0.750955,0.751035,0.750852,0.750944,1000
7814,7814,0.750769,0.750860,0.750789,0.750825,1000
7815,7815,0.750732,0.750785,0.750750,0.750767,1000
7816,7816,0.750380,0.750493,0.750257,0.750375,1000
7817,7817,0.749382,0.749651,0.749032,0.749341,1000
7818,7818,0.747969,0.748398,0.747590,0.747994,1000
7819,7819,0.746844,0.747216,0.746550,0.746883,1000
7820,7820,0.745853,0.746175,0.745569,0.745872,1000
7821,7821,0.744880,0.745186,0.744599,0.744892,1000
7822,7822,0.743978,0.744232,0.743666,0.743949,1000
7823,7823,0.743098,0.743325,0.742791,0.743058,1000
7824,7824,0.741713,0.742119,0.741315,0.741717,1000
7825,7825,0.740511,0.740858,0.740122,0.740490,1000
7826,7826,0.739764,0.739971,0.739527,0.739749,1000
7827,7827,0.739526,0.739582,0.739440,0.739511,1000
7828,7828,0.738959,0.739126,0.738796,0.738961,1000
7829,7829,0.738430,0.738576,0.738247,0.738411,1000
7830,7830,0.737932,0.738069,0.737776,0.737923,1000
7831,7831,0.736945,0.737228,0.736633,0.736930,1000
7832,7832,0.737159,0.737257,0.737106,0.737181,1000
7833,7833,0.736390,0.736653,0.736200,0.736427,1000
7834,7834,0.735548,0.735811,0.735284,0.735547,1000
7835,7835,0.734536,0.734803,0.734166,0.734485,1000
7836,7836,0.732685,0.733250,0.732193,0.732722,1000
7837,7837,0.731086,0.731542,0.730533,0.731038,1000
7838,7838,0.729561,0.730021,0.729151,0.729586,1000
7839,7839,0.728178,0.728607,0.727770,0.728189,1000
7840,7840,0.726094,0.726741,0.725502,0.726121,1000
7841,7841,0.724603,0.725050,0.724134,0.724592,1000
7842,7842,0.723692,0.723963,0.723424,0.723694,1000
7843,7843,0.723053,0.723203,0.722783,0.722993,1000
7844,7844,0.722679,0.722811,0.722655,0.722733,1000
7845,7845,0.722391,0.722492,0.722284,0.722388,1000
7846,7846,0.721979,0.722082,0.721820,0.721951,1000
7847,7847,0.721478,0.721600,0.721298,0.721449,1000
7848,7848,0.721184,0.721249,0.721078,0.721164,1000
7849,7849,0.721044,0.721058,0.720968,0.721013,1000
7850,7850,0.720560,0.720669,0.720375,0.720522,1000
7851,7851,0.720425,0.720503,0.720487,0.720495,1000
7852,7852,0.721334,0.721535,0.721055,0.721295,1000
7853,7853,0.722031,0.722187,0.721775,0.721981,1000
7854,7854,0.722124,0.722151,0.722072,0.722112,1000
7855,7855,0.721618,0.721799,0.721532,0.721666,1000
7856,7856,0.721765,0.721883,0.721783,0.721833,1000
7857,7857,0.721742,0.721781,0.721736,0.721758,1000
7858,7858,0.721195,0.721370,0.721037,0.721203,1000
7859,7859,0.720583,0.720767,0.720393,0.720580,1000
7860,7860,0.719703,0.720032,0.719562,0.719797,1000
7861,7861,0.719227,0.719407,0.719074,0.719240,1000
7862,7862,0.718664,0.718801,0.718425,0.718613,1000
7863,7863,0.717797,0.718058,0.717582,0.717820,1000
7864,7864,0.717231,0.717451,0.717135,0.717293,1000
7865,7865,0.717219,0.717235,0.717185,0.717210,1000
7866,7866,0.717396,0.717440,0.717334,0.717387,1000
7867,7867,0.717776,0.717934,0.717682,0.717808,1000
7868,7868,0.717755,0.717756,0.717712,0.717734,1000
7869,7869,0.717623,0.717698,0.717668,0.717683,1000
7870,7870,0.718022,0.718123,0.717920,0.718021,1000
7871,7871,0.718477,0.718630,0.718349,0.718489,1000
7872,7872,0.718284,0.718373,0.718273,0.718323,1000
7873,7873,0.718199,0.718214,0.718120,0.718167,1000
7874,7874,0.717642,0.717836,0.717554,0.717695,1000
7875,7875,0.717255,0.717398,0.717144,0.717271,1000
7876,7876,0.716937,0.717032,0.716826,0.716929,1000
7877,7877,0.716356,0.716556,0.716237,0.716396,1000
7878,7878,0.716246,0.716311,0.716239,0.716275,1000
7879,7879,0.715844,0.715968,0.715705,0.715836,1000
7880,7880,0.715236,0.715442,0.715105,0.715274,1000
7881,7881,0.714796,0.714973,0.714715,0.714844,1000
7882,7882,0.714468,0.714616,0.714420,0.714518,1000
7883,7883,0.714251,0.714322,0.714155,0.714238,1000
7884,7884,0.714209,0.714199,0.714165,0.714182,1000
7885,7885,0.714352,0.714505,0.714356,0.714430,1000
7886,7886,0.714315,0.714348,0.714278,0.714313,1000
7887,7887,0.714154,0.714174,0.714054,0.714114,1000
7888,7888,0.713339,0.713584,0.713131,0.713357,1000
7889,7889,0.713034,0.713186,0.713039,0.713113,1000
7890,7890,0.712217,0.712506,0.711987,0.712246,1000
7891,7891,0.711179,0.711537,0.710930,0.711234,1000
7892,7892,0.710260,0.710546,0.709957,0.710251,1000
7893,7893,0.709354,0.709674,0.709180,0.709427,1000
7894,7894,0.708343,0.708664,0.708011,0.708337,1000
7895,7895,0.707322,0.707601,0.706970,0.707285,1000
7896,7896,0.706108,0.706464,0.705762,0.706113,1000
7897,7897,0.705128,0.705429,0.704843,0.705136,1000
7898,7898,0.704096,0.704425,0.703817,0.704121,1000
7899,7899,0.703276,0.703550,0.703060,0.703305,1000
7900,7900,0.702554,0.702774,0.702319,0.702546,1000
7901,7901,0.701665,0.701978,0.701491,0.701735,1000
7902,7902,0.701194,0.701320,0.700965,0.701142,1000
7903,7903,0.700406,0.700611,0.700156,0.700383,1000
7904,7904,0.699906,0.700064,0.699791,0.699928,1000
7905,7905,0.699653,0.699733,0.699567,0.699650,1000
7906,7906,0.699377,0.699426,0.699234,0.699330,1000
7907,7907,0.698122,0.698462,0.697719,0.698091,1000
7908,7908,0.697181,0.697442,0.696886,0.697164,1000
7909,7909,0.696227,0.696513,0.695955,0.696234,1000
7910,7910,0.695619,0.695812,0.695451,0.695632,1000
7911,7911,0.694498,0.694816,0.694117,0.694466,1000
7912,7912,0.693623,0.693865,0.693350,0.693607,1000
7913,7913,0.692436,0.692810,0.692127,0.692468,1000
7914,7914,0.691562,0.691864,0.691346,0.691605,1000
7915,7915,0.690872,0.691111,0.690688,0.690899,1000
7916,7916,0.689932,0.690165,0.689536,0.689851,1000
7917,7917,0.689027,0.689269,0.688771,0.689020,1000
7918,7918,0.688228,0.688460,0.687980,0.688220,1000
7919,7919,0.687224,0.687502,0.686887,0.687195,1000
7920,7920,0.685635,0.686094,0.685151,0.685622,1000
7921,7921,0.684527,0.684807,0.684108,0.684457,1000
7922,7922,0.683350,0.683686,0.683026,0.683356,1000
7923,7923,0.682145,0.682528,0.681820,0.682174,1000
7924,7924,0.680997,0.681363,0.680668,0.681015,1000
7925,7925,0.679987,0.680306,0.679700,0.680003,1000
7926,7926,0.678751,0.679154,0.678427,0.678790,1000
7927,7927,0.677478,0.677888,0.677116,0.677502,1000
7928,7928,0.676007,0.676413,0.675481,0.675947,1000
7929,7929,0.674868,0.675190,0.674542,0.674866,1000
7930,7930,0.673326,0.673782,0.672855,0.673319,1000
7931,7931,0.671804,0.672215,0.671271,0.671743,1000
7932,7932,0.670491,0.670893,0.670164,0.670528,1000
7933,7933,0.669098,0.669562,0.668735,0.669149,1000
7934,7934,0.667373,0.667868,0.666772,0.667320,1000
7935,7935,0.665387,0.665947,0.664774,0.665361,1000
7936,7936,0.662783,0.663555,0.662013,0.662784,1000
7937,7937,0.661269,0.661723,0.660815,0.661269,1000
7938,7938,0.659560,0.660068,0.659041,0.659555,1000
7939,7939,0.658133,0.658599,0.657781,0.658190,1000
7940,7940,0.657064,0.657420,0.656760,0.657090,1000
7941,7941,0.656412,0.656572,0.656128,0.656350,1000
7942,7942,0.655078,0.655445,0.654670,0.655057,1000
7943,7943,0.653839,0.654174,0.653418,0.653796,1000
7944,7944,0.652558,0.652937,0.652202,0.652570,1000
7945,7945,0.651409,0.651734,0.651019,0.651377,1000
7946,7946,0.650300,0.650672,0.650068,0.650370,1000
7947,7947,0.649218,0.649597,0.648935,0.649266,1000
7948,7948,0.648311,0.648647,0.648118,0.648383,1000
7949,7949,0.646981,0.647392,0.646543,0.646967,1000
7950,7950,0.644730,0.645389,0.644040,0.644714,1000
7951,7951,0.642747,0.643329,0.642144,0.642736,1000
7952,7952,0.640841,0.641428,0.640308,0.640868,1000
7953,7953,0.639326,0.639780,0.638850,0.639315,1000
7954,7954,0.637676,0.638148,0.637150,0.637649,1000
7955,7955,0.635983,0.636451,0.635425,0.635938,1000
7956,7956,0.634746,0.635115,0.634410,0.634762,1000
7957,7957,0.633173,0.633657,0.632712,0.633185,1000
7958,7958,0.631405,0.631958,0.630908,0.631433,1000
7959,7959,0.630042,0.630490,0.629683,0.630086,1000
7960,7960,0.628956,0.629308,0.628641,0.628974,1000
7961,7961,0.627434,0.627860,0.626907,0.627383,1000
7962,7962,0.626653,0.626861,0.626414,0.626637,1000
7963,7963,0.626256,0.626359,0.626121,0.626240,1000
7964,7964,0.626037,0.626077,0.625938,0.626008,1000
7965,7965,0.626394,0.626477,0.626260,0.626369,1000
7966,7966,0.626991,0.627211,0.626822,0.627017,1000
7967,7967,0.627497,0.627708,0.627389,0.627549,1000
7968,7968,0.627495,0.627519,0.627494,0.627507,1000
7969,7969,0.627051,0.627170,0.626881,0.627025,1000
7970,7970,0.626549,0.626697,0.626416,0.626556,1000
7971,7971,0.626331,0.626386,0.626241,0.626313,1000
7972,7972,0.626110,0.626181,0.626068,0.626124,1000
7973,7973,0.625113,0.625390,0.624761,0.625076,1000
7974,7974,0.623662,0.624095,0.623256,0.623675,1000
7975,7975,0.622180,0.622631,0.621738,0.622185,1000
7976,7976,0.620534,0.621067,0.620110,0.620589,1000
7977,7977,0.619155,0.619574,0.618705,0.619139,1000
7978,7978,0.618120,0.618451,0.617862,0.618156,1000
7979,7979,0.616828,0.617211,0.616402,0.616806,1000
7980,7980,0.615567,0.615907,0.615137,0.615522,1000
7981,7981,0.614659,0.614886,0.614342,0.614614,1000
7982,7982,0.614250,0.614322,0.614071,0.614196,1000
7983,7983,0.614266,0.614211,0.614204,0.614208,1000
7984,7984,0.614399,0.614415,0.614319,0.614367,1000
7985,7985,0.614771,0.614891,0.614649,0.614770,1000
7986,7986,0.614810,0.614880,0.614829,0.614854,1000
7987,7987,0.614845,0.614869,0.614862,0.614866,1000
7988,7988,0.614632,0.614692,0.614544,0.614618,1000
7989,7989,0.614720,0.614771,0.614700,0.614736,1000
7990,7990,0.614737,0.614732,0.614729,0.614730,1000
7991,7991,0.614719,0.614691,0.614657,0.614674,1000
7992,7992,0.614362,0.614497,0.614346,0.614422,1000
7993,7993,0.614353,0.614410,0.614401,0.614406,1000
7994,7994,0.614432,0.614435,0.614422,0.614429,1000
7995,7995,0.614193,0.614267,0.614128,0.614197,1000
7996,7996,0.613691,0.613858,0.613568,0.613713,1000
7997,7997,0.612692,0.613006,0.612401,0.612704,1000
7998,7998,0.611899,0.612127,0.611632,0.611880,1000
7999,7999,0.611273,0.611464,0.611109,0.611286,1000
8000,8000,0.611185,0.611199,0.611124,0.611162,1000
8001,8001,0.610911,0.610967,0.610800,0.610884,1000
8002,8002,0.611252,0.611298,0.611107,0.611202,1000
8003,8003,0.611052,0.611091,0.610996,0.611044,1000
8004,8004,0.611250,0.611238,0.611148,0.611193,1000
8005,8005,0.611087,0.611134,0.611084,0.611109,1000
8006,8006,0.610889,0.610959,0.610831,0.610895,1000
8007,8007,0.610545,0.610657,0.610453,0.610555,1000
8008,8008,0.610171,0.610253,0.609994,0.610124,1000
8009,8009,0.609811,0.609961,0.609821,0.609891,1000
8010,8010,0.609710,0.609764,0.609655,0.609709,1000
8011,8011,0.609860,0.609935,0.609831,0.609883,1000
8012,8012,0.610272,0.610428,0.610176,0.610302,1000
8013,8013,0.610488,0.610546,0.610433,0.610489,1000
8014,8014,0.610614,0.610560,0.610527,0.610543,1000
8015,8015,0.610359,0.610391,0.610261,0.610326,1000
8016,8016,0.610272,0.610305,0.610287,0.610296,1000
8017,8017,0.609939,0.610056,0.609850,0.609953,1000
8018,8018,0.609820,0.609855,0.609771,0.609813,1000
8019,8019,0.609479,0.609552,0.609329,0.609441,1000
8020,8020,0.608817,0.608981,0.608588,0.608784,1000
8021,8021,0.608119,0.608333,0.607946,0.608139,1000
8022,8022,0.607910,0.607984,0.607851,0.607918,1000
8023,8023,0.607848,0.607846,0.607785,0.607815,1000
8024,8024,0.607578,0.607648,0.607504,0.607576,1000
8025,8025,0.607846,0.607939,0.607772,0.607855,1000
8026,8026,0.608130,0.608285,0.608087,0.608186,1000
8027,8027,0.608447,0.608528,0.608370,0.608449,1000
8028,8028,0.608459,0.608483,0.608467,0.608475,1000
8029,8029,0.608419,0.608429,0.608390,0.608410,1000
8030,8030,0.608609,0.608678,0.608554,0.608616,1000
8031,8031,0.608232,0.608314,0.608055,0.608184,1000
8032,8032,0.608286,0.608344,0.608270,0.608307,1000
8033,8033,0.608477,0.608518,0.608421,0.608469,1000
8034,8034,0.608158,0.608235,0.608034,0.608134,1000
8035,8035,0.608133,0.608126,0.608118,0.608122,1000
8036,8036,0.607935,0.607992,0.607880,0.607936,1000
8037,8037,0.607993,0.607949,0.607943,0.607946,1000
8038,8038,0.608118,0.608238,0.608103,0.608171,1000
8039,8039,0.608447,0.608538,0.608368,0.608453,1000
8040,8040,0.608698,0.608771,0.608624,0.608698,1000
8041,8041,0.609137,0.609287,0.609015,0.609151,1000
8042,8042,0.609899,0.610089,0.609656,0.609873,1000
8043,8043,0.610241,0.610348,0.610129,0.610239,1000
8044,8044,0.610233,0.610236,0.610234,0.610235,1000
8045,8045,0.610390,0.610413,0.610331,0.610372,1000
8046,8046,0.610487,0.610468,0.610424,0.610446,1000
8047,8047,0.610591,0.610631,0.610546,0.610588,1000
8048,8048,0.610608,0.610659,0.610627,0.610643,1000
8049,8049,0.610662,0.610648,0.610646,0.610647,1000
8050,8050,0.610288,0.610424,0.610233,0.610328,1000
8051,8051,0.610289,0.610289,0.610255,0.610272,1000
8052,8052,0.610140,0.610163,0.610069,0.610116,1000
8053,8053,0.609756,0.609839,0.609601,0.609720,1000
8054,8054,0.608770,0.609065,0.608504,0.608784,1000
8055,8055,0.608066,0.608261,0.607814,0.608038,1000
8056,8056,0.607311,0.607518,0.607074,0.607296,1000
8057,8057,0.606252,0.606592,0.605990,0.606291,1000
8058,8058,0.605583,0.605806,0.605391,0.605599,1000
8059,8059,0.605696,0.605723,0.605666,0.605694,1000
8060,8060,0.605906,0.605951,0.605832,0.605892,1000
8061,8061,0.605632,0.605738,0.605606,0.605672,1000
8062,8062,0.605419,0.605472,0.605300,0.605386,1000
8063,8063,0.605504,0.605495,0.605445,0.605470,1000
8064,8064,0.606026,0.606210,0.605868,0.606039,1000
8065,8065,0.606440,0.606565,0.606322,0.606444,1000
8066,8066,0.606822,0.606960,0.606722,0.606841,1000
8067,8067,0.607356,0.607553,0.607224,0.607388,1000
8068,8068,0.607965,0.608201,0.607826,0.608013,1000
8069,8069,0.608315,0.608440,0.608243,0.608342,1000
8070,8070,0.608791,0.608904,0.608644,0.608774,1000
8071,8071,0.608577,0.608640,0.608526,0.608583,1000
8072,8072,0.608391,0.608439,0.608315,0.608377,1000
8073,8073,0.608281,0.608338,0.608305,0.608321,1000
8074,8074,0.607933,0.608045,0.607808,0.607926,1000
8075,8075,0.607624,0.607752,0.607602,0.607677,1000
8076,8076,0.607042,0.607287,0.606953,0.607120,1000
8077,8077,0.606755,0.606857,0.606631,0.606744,1000
8078,8078,0.606377,0.606460,0.606217,0.606339,1000
8079,8079,0.606266,0.606269,0.606210,0.606240,1000
8080,8080,0.606217,0.606215,0.606195,0.606205,1000
8081,8081,0.605735,0.605897,0.605633,0.605765,1000
8082,8082,0.605288,0.605440,0.605162,0.605301,1000
8083,8083,0.604877,0.605040,0.604816,0.604928,1000
8084,8084,0.605017,0.604988,0.604960,0.604974,1000
8085,8085,0.604891,0.604892,0.604821,0.604857,1000
8086,8086,0.605275,0.605434,0.605167,0.605301,1000
8087,8087,0.605414,0.605431,0.605371,0.605401,1000
8088,8088,0.605670,0.605717,0.605571,0.605644,1000
8089,8089,0.605555,0.605532,0.605436,0.605484,1000
8090,8090,0.605259,0.605306,0.605153,0.605229,1000
8091,8091,0.604942,0.605011,0.604824,0.604918,1000
8092,8092,0.605213,0.605231,0.605087,0.605159,1000
8093,8093,0.605408,0.605432,0.605306,0.605369,1000
8094,8094,0.605285,0.605309,0.605258,0.605284,1000
8095,8095,0.605230,0.605234,0.605191,0.605212,1000
8096,8096,0.604865,0.604952,0.604728,0.604840,1000
8097,8097,0.604736,0.604749,0.604672,0.604710,1000
8098,8098,0.604045,0.604257,0.603868,0.604062,1000
8099,8099,0.603301,0.603491,0.603001,0.603246,1000
8100,8100,0.602361,0.602632,0.602106,0.602369,1000
8101,8101,0.601610,0.601842,0.601390,0.601616,1000
8102,8102,0.600771,0.601073,0.600608,0.600840,1000
8103,8103,0.600429,0.600563,0.600325,0.600444,1000
8104,8104,0.600113,0.600214,0.600018,0.600116,1000
8105,8105,0.599811,0.599890,0.599696,0.599793,1000
8106,8106,0.599683,0.599677,0.599578,0.599628,1000
8107,8107,0.599640,0.599660,0.599645,0.599653,1000
8108,8108,0.599526,0.599558,0.599476,0.599517,1000
8109,8109,0.599519,0.599503,0.599491,0.599497,1000
8110,8110,0.599517,0.599545,0.599523,0.599534,1000
8111,8111,0.599524,0.599526,0.599520,0.599523,1000
8112,8112,0.599674,0.599745,0.599642,0.599694,1000
8113,8113,0.600318,0.600524,0.600141,0.600332,1000
8114,8114,0.600998,0.601143,0.600769,0.600956,1000
8115,8115,0.601153,0.601245,0.601111,0.601178,1000
8116,8116,0.600985,0.601022,0.600889,0.600956,1000
8117,8117,0.600517,0.600668,0.600422,0.600545,1000
8118,8118,0.599632,0.599920,0.599385,0.599653,1000
8119,8119,0.598860,0.599111,0.598647,0.598879,1000
8120,8120,0.597795,0.598110,0.597451,0.597781,1000
8121,8121,0.596634,0.596988,0.596310,0.596649,1000
8122,8122,0.595721,0.596028,0.595496,0.595762,1000
8123,8123,0.594879,0.595112,0.594556,0.594834,1000
8124,8124,0.593754,0.594087,0.593446,0.593766,1000
8125,8125,0.592840,0.593188,0.592692,0.592940,1000
8126,8126,0.591902,0.592207,0.591579,0.591893,1000
8127,8127,0.590659,0.591032,0.590296,0.590664,1000
8128,8128,0.589057,0.589584,0.588660,0.589122,1000
8129,8129,0.588341,0.588551,0.588061,0.588306,1000
8130,8130,0.587953,0.588061,0.587851,0.587956,1000
8131,8131,0.587701,0.587808,0.587682,0.587745,1000
8132,8132,0.587608,0.587608,0.587492,0.587550,1000
8133,8133,0.587198,0.587303,0.587091,0.587197,1000
8134,8134,0.586448,0.586697,0.586268,0.586482,1000
8135,8135,0.585909,0.586118,0.585805,0.585962,1000
8136,8136,0.585467,0.585584,0.585261,0.585423,1000
8137,8137,0.585083,0.585141,0.584900,0.585020,1000
8138,8138,0.584844,0.584899,0.584796,0.584848,1000
8139,8139,0.584421,0.584548,0.584292,0.584420,1000
8140,8140,0.583458,0.583756,0.583187,0.583471,1000
8141,8141,0.582637,0.582909,0.582428,0.582669,1000
8142,8142,0.582088,0.582262,0.581913,0.582087,1000
8143,8143,0.581242,0.581512,0.581019,0.581266,1000
8144,8144,0.579968,0.580339,0.579545,0.579942,1000
8145,8145,0.578432,0.578888,0.577987,0.578438,1000
8146,8146,0.577194,0.577584,0.576853,0.577219,1000
8147,8147,0.575923,0.576299,0.575513,0.575906,1000
8148,8148,0.574937,0.575257,0.574700,0.574979,1000
8149,8149,0.574510,0.574645,0.574360,0.574503,1000
8150,8150,0.574135,0.574222,0.573982,0.574102,1000
8151,8151,0.573808,0.573895,0.573717,0.573806,1000
8152,8152,0.573433,0.573526,0.573286,0.573406,1000
8153,8153,0.572988,0.573141,0.572914,0.573028,1000
8154,8154,0.572762,0.572860,0.572716,0.572788,1000
8155,8155,0.572364,0.572500,0.572253,0.572376,1000
8156,8156,0.572129,0.572213,0.572073,0.572143,1000
8157,8157,0.572000,0.572057,0.571983,0.572020,1000
8158,8158,0.571758,0.571862,0.571728,0.571795,1000
8159,8159,0.571388,0.571537,0.571316,0.571427,1000
8160,8160,0.571312,0.571318,0.571225,0.571271,1000
8161,8161,0.570638,0.570849,0.570488,0.570669,1000
8162,8162,0.570096,0.570264,0.569917,0.570091,1000
8163,8163,0.570074,0.570086,0.570081,0.570083,1000
8164,8164,0.569704,0.569822,0.569599,0.569711,1000
8165,8165,0.569643,0.569649,0.569596,0.569622,1000
8166,8166,0.569698,0.569710,0.569670,0.569690,1000
8167,8167,0.570112,0.570255,0.569994,0.570124,1000
8168,8168,0.571074,0.571368,0.570794,0.571081,1000
8169,8169,0.572397,0.572792,0.572002,0.572397,1000
8170,8170,0.574149,0.574632,0.573599,0.574116,1000
8171,8171,0.575338,0.575751,0.574996,0.575374,1000
8172,8172,0.576394,0.576785,0.576133,0.576459,1000
8173,8173,0.577239,0.577443,0.576988,0.577215,1000
8174,8174,0.577923,0.578110,0.577697,0.577903,1000
8175,8175,0.578515,0.578637,0.578298,0.578468,1000
8176,8176,0.578715,0.578773,0.578632,0.578703,1000
8177,8177,0.579274,0.579457,0.579109,0.579283,1000
8178,8178,0.580074,0.580265,0.579812,0.580039,1000
8179,8179,0.580884,0.581108,0.580614,0.580861,1000
8180,8180,0.581632,0.581813,0.581374,0.581594,1000
8181,8181,0.582379,0.582628,0.582150,0.582389,1000
8182,8182,0.582715,0.582828,0.582626,0.582727,1000
8183,8183,0.583343,0.583494,0.583140,0.583317,1000
8184,8184,0.583786,0.583922,0.583643,0.583782,1000
8185,8185,0.583817,0.583811,0.583798,0.583805,1000
8186,8186,0.583881,0.583905,0.583858,0.583882,1000
8187,8187,0.584181,0.584255,0.584083,0.584169,1000
8188,8188,0.584111,0.584111,0.584062,0.584087,1000
8189,8189,0.584262,0.584337,0.584221,0.584279,1000
8190,8190,0.584672,0.584793,0.584556,0.584675,1000
8191,8191,0.584987,0.585081,0.584893,0.584987,1000
8192,8192,0.584522,0.584665,0.584389,0.584527,1000
8193,8193,0.584132,0.584246,0.584006,0.584126,1000
8194,8194,0.583528,0.583702,0.583338,0.583520,1000
8195,8195,0.582986,0.583163,0.582858,0.583011,1000
8196,8196,0.582535,0.582694,0.582423,0.582558,1000
8197,8197,0.582447,0.582477,0.582407,0.582442,1000
8198,8198,0.581869,0.582065,0.581743,0.581904,1000
8199,8199,0.581156,0.581384,0.580938,0.581161,1000
8200,8200,0.580668,0.580814,0.580516,0.580665,1000
8201,8201,0.579983,0.580189,0.579781,0.579985,1000
8202,8202,0.579197,0.579463,0.579016,0.579239,1000
8203,8203,0.578957,0.579051,0.578890,0.578970,1000
8204,8204,0.578167,0.578404,0.577920,0.578162,1000
8205,8205,0.577297,0.577576,0.577074,0.577325,1000
8206,8206,0.576692,0.576899,0.576534,0.576716,1000
8207,8207,0.575908,0.576155,0.575674,0.575914,1000
8208,8208,0.575039,0.575321,0.574812,0.575067,1000
8209,8209,0.574006,0.574345,0.573727,0.574036,1000
8210,8210,0.573028,0.573322,0.572712,0.573017,1000
8211,8211,0.571957,0.572285,0.571659,0.571972,1000
8212,8212,0.571225,0.571424,0.570954,0.571189,1000
8213,8213,0.570765,0.570878,0.570612,0.570745,1000
8214,8214,0.570606,0.570622,0.570517,0.570570,1000
8215,8215,0.570442,0.570441,0.570332,0.570386,1000
8216,8216,0.569991,0.570088,0.569833,0.569961,1000
8217,8217,0.569784,0.569851,0.569757,0.569804,1000
8218,8218,0.569611,0.569685,0.569583,0.569634,1000
8219,8219,0.569653,0.569664,0.569650,0.569657,1000
8220,8220,0.569367,0.569462,0.569295,0.569379,1000
8221,8221,0.569168,0.569234,0.569110,0.569172,1000
8222,8222,0.568863,0.568944,0.568750,0.568847,1000
8223,8223,0.568283,0.568440,0.568092,0.568266,1000
8224,8224,0.567393,0.567665,0.567150,0.567407,1000
8225,8225,0.566977,0.567101,0.566839,0.566970,1000
8226,8226,0.566934,0.566924,0.566885,0.566904,1000
8227,8227,0.566536,0.566648,0.566429,0.566539,1000
8228,8228,0.566060,0.566205,0.565920,0.566063,1000
8229,8229,0.565618,0.565730,0.565445,0.565587,1000
8230,8230,0.564948,0.565130,0.564738,0.564934,1000
8231,8231,0.564638,0.564755,0.564601,0.564678,1000
8232,8232,0.564563,0.564592,0.564519,0.564556,1000
8233,8233,0.565083,0.565255,0.564932,0.565093,1000
8234,8234,0.565864,0.566123,0.565647,0.565885,1000
8235,8235,0.566465,0.566581,0.566259,0.566420,1000
8236,8236,0.566442,0.566426,0.566423,0.566424,1000
8237,8237,0.566410,0.566408,0.566394,0.566401,1000
8238,8238,0.566687,0.566755,0.566592,0.566674,1000
8239,8239,0.567333,0.567566,0.567154,0.567360,1000
8240,8240,0.568283,0.568562,0.568007,0.568284,1000
8241,8241,0.568969,0.569198,0.568776,0.568987,1000
8242,8242,0.569839,0.570098,0.569585,0.569841,1000
8243,8243,0.570690,0.571036,0.570484,0.570760,1000
8244,8244,0.571337,0.571526,0.571172,0.571349,1000
8245,8245,0.572044,0.572264,0.571842,0.572053,1000
8246,8246,0.572714,0.572970,0.572546,0.572758,1000
8247,8247,0.573200,0.573325,0.573063,0.573194,1000
8248,8248,0.573529,0.573628,0.573428,0.573528,1000
8249,8249,0.573393,0.573393,0.573278,0.573335,1000
8250,8250,0.573047,0.573107,0.572912,0.573009,1000
8251,8251,0.572460,0.572627,0.572299,0.572463,1000
8252,8252,0.571746,0.571950,0.571511,0.571730,1000
8253,8253,0.570944,0.571164,0.570679,0.570921,1000
8254,8254,0.570298,0.570516,0.570169,0.570342,1000
8255,8255,0.569462,0.569762,0.569265,0.569514,1000
8256,8256,0.568648,0.568891,0.568358,0.568625,1000
8257,8257,0.567813,0.568032,0.567525,0.567778,1000
8258,8258,0.566908,0.567148,0.566609,0.566879,1000
8259,8259,0.566014,0.566241,0.565696,0.565969,1000
8260,8260,0.564937,0.565234,0.564606,0.564920,1000
8261,8261,0.564297,0.564478,0.564100,0.564289,1000
8262,8262,0.563598,0.563832,0.563441,0.563637,1000
8263,8263,0.562875,0.563108,0.562655,0.562882,1000
8264,8264,0.562306,0.562470,0.562117,0.562293,1000
8265,8265,0.561854,0.561988,0.561726,0.561857,1000
8266,8266,0.560758,0.561053,0.560365,0.560709,1000
8267,8267,0.559956,0.560180,0.559726,0.559953,1000
8268,8268,0.558990,0.559300,0.558741,0.559021,1000
8269,8269,0.558198,0.558425,0.557915,0.558170,1000
8270,8270,0.557272,0.557537,0.556995,0.557266,1000
8271,8271,0.556558,0.556750,0.556307,0.556528,1000
8272,8272,0.555951,0.556142,0.555812,0.555977,1000
8273,8273,0.555766,0.555858,0.555755,0.555806,1000
8274,8274,0.556315,0.556463,0.556160,0.556312,1000
8275,8275,0.557018,0.557230,0.556806,0.557018,1000
8276,8276,0.557803,0.558055,0.557576,0.557815,1000
8277,8277,0.558476,0.558660,0.558270,0.558465,1000
8278,8278,0.558967,0.559123,0.558819,0.558971,1000
8279,8279,0.559569,0.559750,0.559390,0.559570,1000
8280,8280,0.560092,0.560216,0.559918,0.560067,1000
8281,8281,0.560502,0.560668,0.560390,0.560529,1000
8282,8282,0.560372,0.560427,0.560339,0.560383,1000
8283,8283,0.560343,0.560370,0.560359,0.560365,1000
8284,8284,0.560592,0.560631,0.560508,0.560570,1000
8285,8285,0.560502,0.560520,0.560477,0.560498,1000
8286,8286,0.560446,0.560459,0.560425,0.560442,1000
8287,8287,0.560466,0.560497,0.560472,0.560485,1000
8288,8288,0.560718,0.560777,0.560642,0.560709,1000
8289,8289,0.561197,0.561338,0.561048,0.561193,1000
8290,8290,0.561567,0.561684,0.561457,0.561571,1000
8291,8291,0.562085,0.562209,0.561914,0.562062,1000
8292,8292,0.562657,0.562815,0.562467,0.562641,1000
8293,8293,0.562978,0.563087,0.562881,0.562984,1000
8294,8294,0.563653,0.563874,0.563463,0.563669,1000
8295,8295,0.564171,0.564346,0.564033,0.564190,1000
8296,8296,0.564681,0.564851,0.564546,0.564699,1000
8297,8297,0.565410,0.565645,0.565208,0.565426,1000
8298,8298,0.565752,0.565876,0.565669,0.565772,1000
8299,8299,0.566293,0.566408,0.566115,0.566262,1000
8300,8300,0.566932,0.567145,0.566737,0.566941,1000
8301,8301,0.567664,0.567913,0.567464,0.567688,1000
8302,8302,0.568118,0.568266,0.568000,0.568133,1000
8303,8303,0.568443,0.568496,0.568329,0.568413,1000
8304,8304,0.568510,0.568476,0.568447,0.568461,1000
8305,8305,0.568856,0.568940,0.568719,0.568830,1000
8306,8306,0.569373,0.569544,0.569214,0.569379,1000
8307,8307,0.569484,0.569580,0.569488,0.569534,1000
8308,8308,0.569664,0.569702,0.569624,0.569663,1000
8309,8309,0.570205,0.570414,0.570068,0.570241,1000
8310,8310,0.570869,0.571108,0.570707,0.570908,1000
8311,8311,0.571601,0.571830,0.571404,0.571617,1000
8312,8312,0.572394,0.572615,0.572154,0.572385,1000
8313,8313,0.572931,0.573132,0.572787,0.572960,1000
8314,8314,0.573424,0.573599,0.573304,0.573452,1000
8315,8315,0.573542,0.573607,0.573535,0.573571,1000
8316,8316,0.573904,0.573979,0.573791,0.573885,1000
8317,8317,0.574566,0.574836,0.574397,0.574616,1000
8318,8318,0.574485,0.574493,0.574387,0.574440,1000
8319,8319,0.574287,0.574341,0.574256,0.574298,1000
8320,8320,0.574146,0.574205,0.574125,0.574165,1000
8321,8321,0.573819,0.573926,0.573720,0.573823,1000
8322,8322,0.572999,0.573231,0.572723,0.572977,1000
8323,8323,0.572475,0.572628,0.572329,0.572478,1000
8324,8324,0.572313,0.572370,0.572278,0.572324,1000
8325,8325,0.572208,0.572237,0.572162,0.572200,1000
8326,8326,0.572461,0.572566,0.572397,0.572481,1000
8327,8327,0.572777,0.572864,0.572687,0.572775,1000
8328,8328,0.573261,0.573435,0.573130,0.573283,1000
8329,8329,0.574310,0.574586,0.573984,0.574285,1000
8330,8330,0.574977,0.575130,0.574740,0.574935,1000
8331,8331,0.575536,0.575714,0.575354,0.575534,1000
8332,8332,0.576158,0.576330,0.575962,0.576146,1000
8333,8333,0.576649,0.576757,0.576475,0.576616,1000
8334,8334,0.576409,0.576446,0.576300,0.576373,1000
8335,8335,0.576404,0.576431,0.576404,0.576418,1000
8336,8336,0.576698,0.576801,0.576624,0.576713,1000
8337,8337,0.577105,0.577216,0.576983,0.577100,1000
8338,8338,0.577395,0.577503,0.577317,0.577410,1000
8339,8339,0.577880,0.578058,0.577759,0.577908,1000
8340,8340,0.577964,0.578018,0.577967,0.577992,1000
8341,8341,0.578241,0.578317,0.578167,0.578242,1000
8342,8342,0.578328,0.578277,0.578261,0.578269,1000
8343,8343,0.578380,0.578444,0.578363,0.578403,1000
8344,8344,0.578720,0.578782,0.578607,0.578694,1000
8345,8345,0.579477,0.579741,0.579258,0.579499,1000
8346,8346,0.579981,0.580140,0.579844,0.579992,1000
8347,8347,0.580951,0.581255,0.580672,0.580963,1000
8348,8348,0.581466,0.581553,0.581280,0.581416,1000
8349,8349,0.582089,0.582324,0.581905,0.582115,1000
8350,8350,0.582571,0.582679,0.582419,0.582549,1000
8351,8351,0.582765,0.582810,0.582689,0.582750,1000
8352,8352,0.582874,0.582979,0.582873,0.582926,1000
8353,8353,0.583560,0.583703,0.583344,0.583524,1000
8354,8354,0.583792,0.583903,0.583728,0.583816,1000
8355,8355,0.584438,0.584635,0.584257,0.584446,1000
8356,8356,0.585279,0.585526,0.585028,0.585277,1000
8357,8357,0.586115,0.586408,0.585886,0.586147,1000
8358,8358,0.587091,0.587345,0.586792,0.587068,1000
8359,8359,0.588091,0.588392,0.587780,0.588086,1000
8360,8360,0.588923,0.589197,0.588684,0.588941,1000
8361,8361,0.590174,0.590584,0.589825,0.590205,1000
8362,8362,0.591340,0.591702,0.591010,0.591356,1000
8363,8363,0.592519,0.592862,0.592166,0.592514,1000
8364,8364,0.593710,0.594064,0.593348,0.593706,1000
8365,8365,0.594552,0.594746,0.594266,0.594506,1000
8366,8366,0.595189,0.595458,0.595018,0.595238,1000
8367,8367,0.595650,0.595704,0.595489,0.595596,1000
8368,8368,0.596047,0.596168,0.595904,0.596036,1000
8369,8369,0.596660,0.596747,0.596419,0.596583,1000
8370,8370,0.596901,0.596998,0.596806,0.596902,1000
8371,8371,0.597359,0.597460,0.597203,0.597331,1000
8372,8372,0.598233,0.598464,0.597941,0.598203,1000
8373,8373,0.598843,0.599012,0.598638,0.598825,1000
8374,8374,0.598885,0.598876,0.598853,0.598865,1000
8375,8375,0.599338,0.599497,0.599205,0.599351,1000
8376,8376,0.600014,0.600209,0.599813,0.600011,1000
8377,8377,0.601250,0.601609,0.600871,0.601240,1000
8378,8378,0.602727,0.603201,0.602295,0.602748,1000
8379,8379,0.603853,0.604207,0.603533,0.603870,1000
8380,8380,0.605022,0.605359,0.604671,0.605015,1000
8381,8381,0.605756,0.605908,0.605496,0.605702,1000
8382,8382,0.606529,0.606799,0.606293,0.606546,1000
8383,8383,0.607521,0.607806,0.607224,0.607515,1000
8384,8384,0.608414,0.608581,0.608089,0.608335,1000
8385,8385,0.609004,0.609229,0.608816,0.609023,1000
8386,8386,0.609496,0.609719,0.609398,0.609558,1000
8387,8387,0.609821,0.609903,0.609744,0.609824,1000
8388,8388,0.610145,0.610304,0.610082,0.610193,1000
8389,8389,0.610779,0.610968,0.610610,0.610789,1000
8390,8390,0.611687,0.611912,0.611394,0.611653,1000
8391,8391,0.612261,0.612409,0.612060,0.612235,1000
8392,8392,0.612609,0.612655,0.612461,0.612558,1000
8393,8393,0.613091,0.613267,0.612940,0.613103,1000
8394,8394,0.613393,0.613492,0.613312,0.613402,1000
8395,8395,0.613605,0.613615,0.613517,0.613566,1000
8396,8396,0.614157,0.614342,0.613983,0.614163,1000
8397,8397,0.614341,0.614371,0.614275,0.614323,1000
8398,8398,0.614353,0.614393,0.614361,0.614377,1000
8399,8399,0.614328,0.614324,0.614279,0.614302,1000
8400,8400,0.613810,0.613971,0.613687,0.613829,1000
8401,8401,0.613290,0.613460,0.613144,0.613302,1000
8402,8402,0.613049,0.613114,0.612952,0.613033,1000
8403,8403,0.612645,0.612775,0.612554,0.612665,1000
8404,8404,0.612759,0.612793,0.612734,0.612764,1000
8405,8405,0.612807,0.612832,0.612801,0.612817,1000
8406,8406,0.612719,0.612766,0.612722,0.612744,1000
8407,8407,0.612646,0.612676,0.612618,0.612647,1000
8408,8408,0.612460,0.612566,0.612497,0.612532,1000
8409,8409,0.612433,0.612412,0.612310,0.612361,1000
8410,8410,0.612341,0.612377,0.612370,0.612374,1000
8411,8411,0.612257,0.612330,0.612292,0.612311,1000
8412,8412,0.612264,0.612263,0.612222,0.612243,1000
8413,8413,0.612296,0.612340,0.612295,0.612317,1000
8414,8414,0.612489,0.612482,0.612406,0.612444,1000
8415,8415,0.612907,0.613052,0.612771,0.612912,1000
8416,8416,0.613094,0.613138,0.613034,0.613086,1000
8417,8417,0.612907,0.612975,0.612879,0.612927,1000
8418,8418,0.612846,0.612900,0.612876,0.612888,1000
8419,8419,0.612993,0.612992,0.612944,0.612968,1000
8420,8420,0.613234,0.613307,0.613151,0.613229,1000
8421,8421,0.613085,0.613126,0.613038,0.613082,1000
8422,8422,0.613348,0.613407,0.613257,0.613332,1000
8423,8423,0.613560,0.613679,0.613519,0.613599,1000
8424,8424,0.613911,0.614001,0.613816,0.613909,1000
8425,8425,0.613933,0.613937,0.613924,0.613931,1000
8426,8426,0.613762,0.613806,0.613700,0.613753,1000
8427,8427,0.613663,0.613687,0.613630,0.613658,1000
8428,8428,0.613914,0.614029,0.613858,0.613943,1000
8429,8429,0.614281,0.614411,0.614195,0.614303,1000
8430,8430,0.614690,0.614773,0.614556,0.614665,1000
8431,8431,0.615129,0.615280,0.614996,0.615138,1000
8432,8432,0.616347,0.616645,0.615949,0.616297,1000
8433,8433,0.616898,0.617084,0.616721,0.616902,1000
8434,8434,0.617377,0.617544,0.617248,0.617396,1000
8435,8435,0.618093,0.618256,0.617859,0.618057,1000
8436,8436,0.618442,0.618545,0.618320,0.618433,1000
8437,8437,0.618176,0.618250,0.618093,0.618171,1000
8438,8438,0.618545,0.618701,0.618456,0.618578,1000
8439,8439,0.618924,0.619082,0.618849,0.618966,1000
8440,8440,0.619224,0.619320,0.619156,0.619238,1000
8441,8441,0.619337,0.619386,0.619318,0.619352,1000
8442,8442,0.619440,0.619472,0.619416,0.619444,1000
8443,8443,0.619729,0.619839,0.619657,0.619748,1000
8444,8444,0.619747,0.619720,0.619696,0.619708,1000
8445,8445,0.619229,0.619359,0.619060,0.619210,1000
8446,8446,0.618828,0.618929,0.618689,0.618809,1000
8447,8447,0.619167,0.619247,0.619045,0.619146,1000
8448,8448,0.619211,0.619147,0.619147,0.619147,1000
8449,8449,0.619177,0.619202,0.619177,0.619189,1000
8450,8450,0.618498,0.618765,0.618402,0.618584,1000
8451,8451,0.618295,0.618390,0.618224,0.618307,1000
8452,8452,0.617813,0.617943,0.617632,0.617788,1000
8453,8453,0.617211,0.617407,0.617081,0.617244,1000
8454,8454,0.616310,0.616564,0.615982,0.616273,1000
8455,8455,0.615714,0.615930,0.615636,0.615783,1000
8456,8456,0.615694,0.615689,0.615609,0.615649,1000
8457,8457,0.615473,0.615537,0.615441,0.615489,1000
8458,8458,0.614889,0.615065,0.614703,0.614884,1000
8459,8459,0.613874,0.614177,0.613572,0.613874,1000
8460,8460,0.613230,0.613418,0.613027,0.613222,1000
8461,8461,0.611741,0.612178,0.611284,0.611731,1000
8462,8462,0.609956,0.610558,0.609555,0.610056,1000
8463,8463,0.607844,0.608541,0.607245,0.607893,1000
8464,8464,0.606322,0.606762,0.605795,0.606279,1000
8465,8465,0.605030,0.605393,0.604635,0.605014,1000
8466,8466,0.604492,0.604614,0.604272,0.604443,1000
8467,8467,0.603472,0.603741,0.603141,0.603441,1000
8468,8468,0.602225,0.602582,0.601847,0.602215,1000
8469,8469,0.600963,0.601316,0.600547,0.600931,1000
8470,8470,0.599994,0.600266,0.599697,0.599982,1000
8471,8471,0.599137,0.599385,0.598873,0.599129,1000
8472,8472,0.598356,0.598581,0.598112,0.598346,1000
8473,8473,0.597691,0.597919,0.597553,0.597736,1000
8474,8474,0.597227,0.597360,0.597038,0.597199,1000
8475,8475,0.596652,0.596806,0.596470,0.596638,1000
8476,8476,0.596434,0.596506,0.596392,0.596449,1000
8477,8477,0.596181,0.596282,0.596138,0.596210,1000
8478,8478,0.595913,0.596022,0.595861,0.595941,1000
8479,8479,0.595440,0.595593,0.595295,0.595444,1000
8480,8480,0.594953,0.595080,0.594768,0.594924,1000
8481,8481,0.594646,0.594711,0.594529,0.594620,1000
8482,8482,0.594523,0.594535,0.594462,0.594499,1000
8483,8483,0.594183,0.594257,0.594049,0.594153,1000
8484,8484,0.593623,0.593797,0.593492,0.593645,1000
8485,8485,0.593101,0.593244,0.592900,0.593072,1000
8486,8486,0.592262,0.592515,0.592038,0.592277,1000
8487,8487,0.591295,0.591588,0.590999,0.591294,1000
8488,8488,0.590327,0.590604,0.590014,0.590309,1000
8489,8489,0.589481,0.589717,0.589210,0.589464,1000
8490,8490,0.588564,0.588812,0.588254,0.588533,1000
8491,8491,0.587335,0.587698,0.586983,0.587341,1000
8492,8492,0.585725,0.586209,0.585241,0.585725,1000
8493,8493,0.584304,0.584761,0.583937,0.584349,1000
8494,8494,0.582799,0.583304,0.582410,0.582857,1000
8495,8495,0.581053,0.581597,0.580518,0.581058,1000
8496,8496,0.579166,0.579733,0.578600,0.579167,1000
8497,8497,0.577878,0.578271,0.577504,0.577887,1000
8498,8498,0.576646,0.577001,0.576243,0.576622,1000
8499,8499,0.575340,0.575744,0.574992,0.575368,1000
8500,8500,0.574413,0.574691,0.574111,0.574401,1000
8501,8501,0.573642,0.573866,0.573408,0.573637,1000
8502,8502,0.572994,0.573138,0.572710,0.572924,1000
8503,8503,0.572386,0.572546,0.572222,0.572384,1000
8504,8504,0.571606,0.571856,0.571404,0.571630,1000
8505,8505,0.571180,0.571309,0.571035,0.571172,1000
8506,8506,0.570536,0.570719,0.570330,0.570524,1000
8507,8507,0.570231,0.570282,0.570075,0.570179,1000
8508,8508,0.570287,0.570354,0.570273,0.570314,1000
8509,8509,0.569962,0.570064,0.569849,0.569957,1000
8510,8510,0.569703,0.569789,0.569645,0.569717,1000
8511,8511,0.569229,0.569361,0.569056,0.569208,1000
8512,8512,0.569303,0.569312,0.569264,0.569288,1000
8513,8513,0.569587,0.569631,0.569473,0.569552,1000
8514,8514,0.569776,0.569858,0.569717,0.569787,1000
8515,8515,0.570453,0.570606,0.570228,0.570417,1000
8516,8516,0.571174,0.571379,0.570935,0.571157,1000
8517,8517,0.571797,0.571994,0.571607,0.571801,1000
8518,8518,0.571843,0.571830,0.571817,0.571824,1000
8519,8519,0.571647,0.571713,0.571619,0.571666,1000
8520,8520,0.571631,0.571659,0.571653,0.571656,1000
8521,8521,0.571625,0.571638,0.571623,0.571631,1000
8522,8522,0.572060,0.572170,0.571921,0.572046,1000
8523,8523,0.572439,0.572584,0.572336,0.572460,1000
8524,8524,0.573069,0.573276,0.572899,0.573088,1000
8525,8525,0.574420,0.574769,0.573993,0.574381,1000
8526,8526,0.575368,0.575647,0.575062,0.575355,1000
8527,8527,0.575870,0.576011,0.575708,0.575860,1000
8528,8528,0.576371,0.576420,0.576161,0.576290,1000
8529,8529,0.576448,0.576488,0.576397,0.576443,1000
8530,8530,0.576441,0.576429,0.576418,0.576424,1000
8531,8531,0.576640,0.576693,0.576569,0.576631,1000
8532,8532,0.576812,0.576916,0.576784,0.576850,1000
8533,8533,0.576806,0.576844,0.576840,0.576842,1000
8534,8534,0.577243,0.577390,0.577137,0.577264,1000
8535,8535,0.577584,0.577690,0.577493,0.577592,1000
8536,8536,0.577790,0.577860,0.577736,0.577798,1000
8537,8537,0.578503,0.578739,0.578305,0.578522,1000
8538,8538,0.579427,0.579650,0.579129,0.579390,1000
8539,8539,0.580253,0.580513,0.579994,0.580254,1000
8540,8540,0.580654,0.580798,0.580547,0.580672,1000
8541,8541,0.581019,0.581145,0.580927,0.581036,1000
8542,8542,0.581055,0.581135,0.581089,0.581112,1000
8543,8543,0.581374,0.581410,0.581272,0.581341,1000
8544,8544,0.581152,0.581233,0.581141,0.581187,1000
8545,8545,0.581271,0.581287,0.581241,0.581264,1000
8546,8546,0.581308,0.581396,0.581335,0.581365,1000
8547,8547,0.581709,0.581809,0.581604,0.581707,1000
8548,8548,0.582076,0.582204,0.581974,0.582089,1000
8549,8549,0.581882,0.581921,0.581776,0.581849,1000
8550,8550,0.581350,0.581503,0.581207,0.581355,1000
8551,8551,0.581151,0.581185,0.581039,0.581112,1000
8552,8552,0.581057,0.581100,0.581090,0.581095,1000
8553,8553,0.581247,0.581286,0.581198,0.581242,1000
8554,8554,0.581521,0.581654,0.581464,0.581559,1000
8555,8555,0.581912,0.581980,0.581786,0.581883,1000
8556,8556,0.581646,0.581732,0.581603,0.581668,1000
8557,8557,0.581428,0.581491,0.581339,0.581415,1000
8558,8558,0.581310,0.581331,0.581259,0.581295,1000
8559,8559,0.581400,0.581429,0.581367,0.581398,1000
8560,8560,0.581389,0.581430,0.581415,0.581423,1000
8561,8561,0.581609,0.581742,0.581594,0.581668,1000
8562,8562,0.581623,0.581657,0.581648,0.581653,1000
8563,8563,0.581687,0.581692,0.581674,0.581683,1000
8564,8564,0.582281,0.582443,0.582092,0.582268,1000
8565,8565,0.582830,0.583055,0.582692,0.582873,1000
8566,8566,0.583236,0.583308,0.583108,0.583208,1000
8567,8567,0.583357,0.583428,0.583327,0.583378,1000
8568,8568,0.583381,0.583455,0.583419,0.583437,1000
8569,8569,0.583986,0.584152,0.583822,0.583987,1000
8570,8570,0.584855,0.585100,0.584586,0.584843,1000
8571,8571,0.585490,0.585619,0.585261,0.585440,1000
8572,8572,0.585909,0.585988,0.585735,0.585861,1000
8573,8573,0.586027,0.586110,0.585995,0.586053,1000
8574,8574,0.586066,0.586021,0.585994,0.586008,1000
8575,8575,0.586059,0.586109,0.586062,0.586085,1000
8576,8576,0.586361,0.586433,0.586273,0.586353,1000
8577,8577,0.586609,0.586696,0.586538,0.586617,1000
8578,8578,0.586435,0.586496,0.586392,0.586444,1000
8579,8579,0.586168,0.586240,0.586065,0.586153,1000
8580,8580,0.586015,0.586072,0.586002,0.586037,1000
8581,8581,0.586696,0.586896,0.586499,0.586697,1000
8582,8582,0.587541,0.587777,0.587278,0.587528,1000
8583,8583,0.587628,0.587664,0.587601,0.587632,1000
8584,8584,0.588084,0.588223,0.587950,0.588087,1000
8585,8585,0.589225,0.589550,0.588874,0.589212,1000
8586,8586,0.590223,0.590511,0.589911,0.590211,1000
8587,8587,0.591076,0.591353,0.590826,0.591089,1000
8588,8588,0.592119,0.592454,0.591823,0.592139,1000
8589,8589,0.592531,0.592629,0.592402,0.592515,1000
8590,8590,0.593235,0.593443,0.593015,0.593229,1000
8591,8591,0.593819,0.593950,0.593617,0.593784,1000
8592,8592,0.594871,0.595168,0.594528,0.594848,1000
8593,8593,0.595890,0.596230,0.595592,0.595911,1000
8594,8594,0.597032,0.597335,0.596677,0.597006,1000
8595,8595,0.597832,0.598130,0.597611,0.597870,1000
8596,8596,0.599084,0.599391,0.598688,0.599039,1000
8597,8597,0.599891,0.600172,0.599649,0.599911,1000
8598,8598,0.600322,0.600507,0.600232,0.600369,1000
8599,8599,0.600547,0.600577,0.600481,0.600529,1000
8600,8600,0.600686,0.600699,0.600621,0.600660,1000
8601,8601,0.600937,0.601069,0.600880,0.600975,1000
8602,8602,0.601456,0.601592,0.601307,0.601449,1000
8603,8603,0.601853,0.601980,0.601735,0.601858,1000
8604,8604,0.602480,0.602729,0.602326,0.602528,1000
8605,8605,0.603044,0.603241,0.602912,0.603076,1000
8606,8606,0.603385,0.603488,0.603298,0.603393,1000
8607,8607,0.603917,0.604084,0.603765,0.603924,1000
8608,8608,0.604795,0.605034,0.604522,0.604778,1000
8609,8609,0.605704,0.605932,0.605399,0.605666,1000
8610,8610,0.607076,0.607458,0.606630,0.607044,1000
8611,8611,0.607986,0.608257,0.607697,0.607977,1000
8612,8612,0.608962,0.609230,0.608651,0.608941,1000
8613,8613,0.610063,0.610343,0.609695,0.610019,1000
8614,8614,0.610807,0.611073,0.610586,0.610829,1000
8615,8615,0.611519,0.611721,0.611309,0.611515,1000
8616,8616,0.612172,0.612376,0.611978,0.612177,1000
8617,8617,0.612542,0.612516,0.612360,0.612438,1000
8618,8618,0.612195,0.612290,0.612163,0.612227,1000
8619,8619,0.612103,0.612153,0.612089,0.612121,1000
8620,8620,0.612869,0.613123,0.612661,0.612892,1000
8621,8621,0.613301,0.613468,0.613202,0.613335,1000
8622,8622,0.613694,0.613760,0.613564,0.613662,1000
8623,8623,0.614248,0.614403,0.614061,0.614232,1000
8624,8624,0.614888,0.615181,0.614743,0.614962,1000
8625,8625,0.615427,0.615562,0.615285,0.615423,1000
8626,8626,0.615969,0.616015,0.615742,0.615879,1000
8627,8627,0.616011,0.616097,0.615996,0.616046,1000
8628,8628,0.616125,0.616097,0.616073,0.616085,1000
8629,8629,0.616456,0.616623,0.616374,0.616499,1000
8630,8630,0.617420,0.617714,0.617153,0.617433,1000
8631,8631,0.617825,0.617910,0.617690,0.617800,1000
8632,8632,0.618720,0.618943,0.618415,0.618679,1000
8633,8633,0.619314,0.619480,0.619110,0.619295,1000
8634,8634,0.620229,0.620549,0.619970,0.620259,1000
8635,8635,0.621093,0.621258,0.620797,0.621027,1000
8636,8636,0.621834,0.622067,0.621587,0.621827,1000
8637,8637,0.622318,0.622422,0.622147,0.622285,1000
8638,8638,0.622767,0.622968,0.622652,0.622810,1000
8639,8639,0.623855,0.624123,0.623517,0.623820,1000
8640,8640,0.624329,0.624447,0.624157,0.624302,1000
8641,8641,0.624800,0.624934,0.624642,0.624788,1000
8642,8642,0.625213,0.625383,0.625108,0.625246,1000
8643,8643,0.625645,0.625756,0.625521,0.625639,1000
8644,8644,0.625952,0.625982,0.625823,0.625903,1000
8645,8645,0.626281,0.626411,0.626176,0.626294,1000
8646,8646,0.626132,0.626168,0.626061,0.626114,1000
8647,8647,0.625794,0.625924,0.625761,0.625842,1000
8648,8648,0.625434,0.625537,0.625275,0.625406,1000
8649,8649,0.625581,0.625635,0.625529,0.625582,1000
8650,8650,0.625422,0.625449,0.625335,0.625392,1000
8651,8651,0.625978,0.626099,0.625772,0.625936,1000
8652,8652,0.626507,0.626731,0.626364,0.626547,1000
8653,8653,0.627191,0.627404,0.627008,0.627206,1000
8654,8654,0.627873,0.627979,0.627622,0.627800,1000
8655,8655,0.628904,0.629264,0.628588,0.628926,1000
8656,8656,0.630049,0.630406,0.629722,0.630064,1000
8657,8657,0.631351,0.631759,0.630976,0.631368,1000
8658,8658,0.632224,0.632534,0.631996,0.632265,1000
8659,8659,0.633222,0.633519,0.632940,0.633229,1000
8660,8660,0.634328,0.634692,0.634016,0.634354,1000
8661,8661,0.635441,0.635800,0.635133,0.635466,1000
8662,8662,0.636120,0.636341,0.635937,0.636139,1000
8663,8663,0.637065,0.637394,0.636815,0.637105,1000
8664,8664,0.638221,0.638534,0.637874,0.638204,1000
8665,8665,0.639607,0.640028,0.639185,0.639607,1000
8666,8666,0.640765,0.641201,0.640465,0.640833,1000
8667,8667,0.642397,0.642873,0.641930,0.642402,1000
8668,8668,0.643701,0.644099,0.643315,0.643707,1000
8669,8669,0.645039,0.645445,0.644642,0.645043,1000
8670,8670,0.645525,0.645633,0.645361,0.645497,1000
8671,8671,0.645821,0.645897,0.645712,0.645804,1000
8672,8672,0.645739,0.645764,0.645729,0.645746,1000
8673,8673,0.645478,0.645552,0.645386,0.645469,1000
8674,8674,0.645050,0.645155,0.644886,0.645021,1000
8675,8675,0.644598,0.644719,0.644460,0.644589,1000
8676,8676,0.644193,0.644324,0.644097,0.644211,1000
8677,8677,0.643982,0.644080,0.643968,0.644024,1000
8678,8678,0.643573,0.643733,0.643484,0.643609,1000
8679,8679,0.643402,0.643439,0.643293,0.643366,1000
8680,8680,0.643038,0.643157,0.642978,0.643067,1000
8681,8681,0.642495,0.642681,0.642350,0.642516,1000
8682,8682,0.641860,0.642039,0.641631,0.641835,1000
8683,8683,0.641295,0.641395,0.641019,0.641207,1000
8684,8684,0.640262,0.640572,0.640028,0.640300,1000
8685,8685,0.639585,0.639819,0.639408,0.639613,1000
8686,8686,0.639373,0.639402,0.639220,0.639311,1000
8687,8687,0.639266,0.639289,0.639270,0.639279,1000
8688,8688,0.638859,0.638973,0.638710,0.638841,1000
8689,8689,0.638352,0.638477,0.638166,0.638321,1000
8690,8690,0.637715,0.637940,0.637613,0.637776,1000
8691,8691,0.637006,0.637230,0.636762,0.636996,1000
8692,8692,0.636127,0.636397,0.635883,0.636140,1000
8693,8693,0.634918,0.635312,0.634604,0.634958,1000
8694,8694,0.634257,0.634507,0.634120,0.634313,1000
8695,8695,0.634419,0.634422,0.634372,0.634397,1000
8696,8696,0.634920,0.635060,0.634754,0.634907,1000
8697,8697,0.635885,0.636134,0.635567,0.635851,1000
8698,8698,0.636716,0.636971,0.636453,0.636712,1000
8699,8699,0.637204,0.637420,0.637093,0.637256,1000
8700,8700,0.637319,0.637338,0.637300,0.637319,1000
8701,8701,0.637623,0.637782,0.637568,0.637675,1000
8702,8702,0.638769,0.639125,0.638455,0.638790,1000
8703,8703,0.639609,0.639796,0.639331,0.639563,1000
8704,8704,0.640155,0.640336,0.639980,0.640158,1000
8705,8705,0.640461,0.640542,0.640365,0.640453,1000
8706,8706,0.640855,0.640947,0.640719,0.640833,1000
8707,8707,0.640873,0.640863,0.640849,0.640856,1000
8708,8708,0.640711,0.640759,0.640675,0.640717,1000
8709,8709,0.640607,0.640660,0.640612,0.640636,1000
8710,8710,0.640186,0.640350,0.640105,0.640228,1000
8711,8711,0.639778,0.639949,0.639710,0.639829,1000
8712,8712,0.639092,0.639274,0.638799,0.639037,1000
8713,8713,0.638087,0.638406,0.637865,0.638135,1000
8714,8714,0.637312,0.637580,0.637104,0.637342,1000
8715,8715,0.637252,0.637251,0.637174,0.637213,1000
8716,8716,0.636893,0.636956,0.636736,0.636846,1000
8717,8717,0.636791,0.636836,0.636827,0.636832,1000
8718,8718,0.636934,0.636930,0.636884,0.636907,1000
8719,8719,0.637121,0.637203,0.637067,0.637135,1000
8720,8720,0.637132,0.637235,0.637189,0.637212,1000
8721,8721,0.637761,0.637920,0.637593,0.637757,1000
8722,8722,0.638165,0.638256,0.638026,0.638141,1000
8723,8723,0.638551,0.638688,0.638436,0.638562,1000
8724,8724,0.638974,0.639108,0.638856,0.638982,1000
8725,8725,0.639263,0.639347,0.639178,0.639262,1000
8726,8726,0.639423,0.639501,0.639391,0.639446,1000
8727,8727,0.639920,0.640071,0.639782,0.639927,1000
8728,8728,0.640609,0.640778,0.640385,0.640581,1000
8729,8729,0.641104,0.641255,0.640944,0.641099,1000
8730,8730,0.641347,0.641471,0.641299,0.641385,1000
8731,8731,0.641858,0.641999,0.641715,0.641857,1000
8732,8732,0.641946,0.642009,0.641939,0.641974,1000
8733,8733,0.642037,0.642131,0.642059,0.642095,1000
8734,8734,0.641917,0.641970,0.641863,0.641917,1000
8735,8735,0.642225,0.642288,0.642117,0.642202,1000
8736,8736,0.642558,0.642661,0.642449,0.642555,1000
8737,8737,0.642784,0.642829,0.642703,0.642766,1000
8738,8738,0.642739,0.642714,0.642670,0.642692,1000
8739,8739,0.642247,0.642381,0.642115,0.642248,1000
8740,8740,0.641983,0.642053,0.641886,0.641969,1000
8741,8741,0.641417,0.641561,0.641212,0.641386,1000
8742,8742,0.641039,0.641142,0.640933,0.641038,1000
8743,8743,0.640460,0.640626,0.640274,0.640450,1000
8744,8744,0.639951,0.640090,0.639781,0.639936,1000
8745,8745,0.639912,0.639923,0.639912,0.639917,1000
8746,8746,0.639654,0.639784,0.639670,0.639727,1000
8747,8747,0.639317,0.639446,0.639205,0.639326,1000
8748,8748,0.638745,0.638935,0.638601,0.638768,1000
8749,8749,0.638311,0.638425,0.638131,0.638278,1000
8750,8750,0.637453,0.637705,0.637214,0.637459,1000
8751,8751,0.636454,0.636738,0.636121,0.636430,1000
8752,8752,0.635706,0.635917,0.635478,0.635697,1000
8753,8753,0.634995,0.635196,0.634767,0.634981,1000
8754,8754,0.634452,0.634640,0.634347,0.634493,1000
8755,8755,0.633799,0.633982,0.633544,0.633763,1000
8756,8756,0.633248,0.633387,0.633065,0.633226,1000
8757,8757,0.633025,0.633060,0.632918,0.632989,1000
8758,8758,0.632737,0.632825,0.632684,0.632755,1000
8759,8759,0.632714,0.632742,0.632731,0.632736,1000
8760,8760,0.632849,0.632895,0.632822,0.632858,1000
8761,8761,0.633231,0.633352,0.633124,0.633238,1000
8762,8762,0.633451,0.633557,0.633410,0.633484,1000
8763,8763,0.633388,0.633457,0.633433,0.633445,1000
8764,8764,0.633193,0.633267,0.633114,0.633191,1000
8765,8765,0.633366,0.633434,0.633322,0.633378,1000
8766,8766,0.633764,0.633886,0.633652,0.633769,1000
8767,8767,0.634624,0.634818,0.634334,0.634576,1000
8768,8768,0.635658,0.636026,0.635356,0.635691,1000
8769,8769,0.636263,0.636408,0.636077,0.636242,1000
8770,8770,0.636344,0.636368,0.636310,0.636339,1000
8771,8771,0.636646,0.636712,0.636540,0.636626,1000
8772,8772,0.636307,0.636427,0.636258,0.636342,1000
8773,8773,0.635854,0.635987,0.635682,0.635834,1000
8774,8774,0.635637,0.635699,0.635583,0.635641,1000
8775,8775,0.635842,0.635946,0.635806,0.635876,1000
8776,8776,0.636443,0.636523,0.636224,0.636373,1000
8777,8777,0.637555,0.637905,0.637198,0.637552,1000
8778,8778,0.638430,0.638636,0.638135,0.638385,1000
8779,8779,0.639422,0.639700,0.639093,0.639396,1000
8780,8780,0.640300,0.640597,0.640043,0.640320,1000
8781,8781,0.641204,0.641436,0.640921,0.641178,1000
8782,8782,0.642202,0.642469,0.641873,0.642171,1000
8783,8783,0.642882,0.643117,0.642680,0.642898,1000
8784,8784,0.643380,0.643483,0.643213,0.643348,1000
8785,8785,0.643245,0.643335,0.643324,0.643330,1000
8786,8786,0.643359,0.643414,0.643375,0.643395,1000
8787,8787,0.643306,0.643365,0.643340,0.643352,1000
8788,8788,0.643057,0.643142,0.642962,0.643052,1000
8789,8789,0.642763,0.642860,0.642696,0.642778,1000
8790,8790,0.642913,0.642949,0.642870,0.642910,1000
8791,8791,0.643020,0.643032,0.642976,0.643004,1000
8792,8792,0.643536,0.643699,0.643378,0.643538,1000
8793,8793,0.643952,0.644171,0.643879,0.644025,1000
8794,8794,0.644456,0.644521,0.644292,0.644406,1000
8795,8795,0.644526,0.644517,0.644466,0.644492,1000
8796,8796,0.644279,0.644340,0.644210,0.644275,1000
8797,8797,0.644078,0.644164,0.644068,0.644116,1000
8798,8798,0.643833,0.643959,0.643824,0.643891,1000
8799,8799,0.643708,0.643732,0.643595,0.643663,1000
8800,8800,0.643807,0.643895,0.643788,0.643842,1000
8801,8801,0.643762,0.643800,0.643764,0.643782,1000
8802,8802,0.643687,0.643719,0.643665,0.643692,1000
8803,8803,0.643984,0.644097,0.643910,0.644003,1000
8804,8804,0.643908,0.643978,0.643956,0.643967,1000
8805,8805,0.643380,0.643538,0.643171,0.643355,1000
8806,8806,0.643371,0.643438,0.643399,0.643419,1000
8807,8807,0.643406,0.643443,0.643432,0.643438,1000
8808,8808,0.642868,0.643091,0.642794,0.642942,1000
8809,8809,0.642608,0.642703,0.642498,0.642600,1000
8810,8810,0.642281,0.642370,0.642172,0.642271,1000
8811,8811,0.641585,0.641785,0.641369,0.641577,1000
8812,8812,0.641176,0.641275,0.641015,0.641145,1000
8813,8813,0.640753,0.640833,0.640565,0.640699,1000
8814,8814,0.640347,0.640456,0.640248,0.640352,1000
8815,8815,0.640394,0.640459,0.640409,0.640434,1000
8816,8816,0.640356,0.640350,0.640277,0.640314,1000
8817,8817,0.639513,0.639753,0.639273,0.639513,1000
8818,8818,0.638954,0.639125,0.638793,0.638959,1000
8819,8819,0.638709,0.638792,0.638649,0.638720,1000
8820,8820,0.638816,0.638869,0.638801,0.638835,1000
8821,8821,0.639177,0.639305,0.639088,0.639197,1000
8822,8822,0.639437,0.639582,0.639404,0.639493,1000
8823,8823,0.640078,0.640287,0.639920,0.640103,1000
8824,8824,0.640521,0.640600,0.640371,0.640485,1000
8825,8825,0.640689,0.640765,0.640636,0.640701,1000
8826,8826,0.640662,0.640653,0.640612,0.640633,1000
8827,8827,0.640588,0.640612,0.640594,0.640603,1000
8828,8828,0.641313,0.641487,0.641079,0.641283,1000
8829,8829,0.642015,0.642271,0.641815,0.642043,1000
8830,8830,0.642863,0.643151,0.642640,0.642896,1000
8831,8831,0.643655,0.643911,0.643442,0.643676,1000
8832,8832,0.644068,0.644157,0.643935,0.644046,1000
8833,8833,0.644653,0.644863,0.644486,0.644674,1000
8834,8834,0.644609,0.644699,0.644688,0.644694,1000
8835,8835,0.645065,0.645148,0.644938,0.645043,1000
8836,8836,0.645195,0.645217,0.645137,0.645177,1000
8837,8837,0.645903,0.646121,0.645685,0.645903,1000
8838,8838,0.646654,0.646880,0.646429,0.646654,1000
8839,8839,0.647989,0.648390,0.647588,0.647989,1000
8840,8840,0.649005,0.649315,0.648703,0.649009,1000
8841,8841,0.650209,0.650518,0.649821,0.650170,1000
8842,8842,0.651680,0.652105,0.651211,0.651658,1000
8843,8843,0.652739,0.653072,0.652419,0.652746,1000
8844,8844,0.653811,0.654139,0.653495,0.653817,1000
8845,8845,0.654956,0.655318,0.654625,0.654972,1000
8846,8846,0.656189,0.656550,0.655821,0.656185,1000
8847,8847,0.657452,0.657902,0.657109,0.657506,1000
8848,8848,0.658879,0.659289,0.658465,0.658877,1000
8849,8849,0.659327,0.659442,0.659181,0.659312,1000
8850,8850,0.659606,0.659747,0.659546,0.659646,1000
8851,8851,0.659932,0.660032,0.659854,0.659943,1000
8852,8852,0.660489,0.660647,0.660322,0.660484,1000
8853,8853,0.660914,0.660998,0.660761,0.660880,1000
8854,8854,0.661007,0.661031,0.660961,0.660996,1000
8855,8855,0.661334,0.661454,0.661243,0.661348,1000
8856,8856,0.661103,0.661186,0.661047,0.661117,1000
8857,8857,0.660399,0.660614,0.660183,0.660398,1000
8858,8858,0.659774,0.659997,0.659653,0.659825,1000
8859,8859,0.659016,0.659229,0.658718,0.658973,1000
8860,8860,0.658430,0.658596,0.658272,0.658434,1000
8861,8861,0.657980,0.658095,0.657805,0.657950,1000
8862,8862,0.657734,0.657826,0.657719,0.657773,1000
8863,8863,0.657605,0.657677,0.657594,0.657635,1000
8864,8864,0.657533,0.657580,0.657532,0.657556,1000
8865,8865,0.657683,0.657777,0.657675,0.657726,1000
8866,8866,0.658268,0.658333,0.658053,0.658193,1000
8867,8867,0.658310,0.658371,0.658289,0.658330,1000
8868,8868,0.658414,0.658460,0.658400,0.658430,1000
8869,8869,0.658268,0.658320,0.658226,0.658273,1000
8870,8870,0.657821,0.657948,0.657669,0.657808,1000
8871,8871,0.657988,0.658018,0.657921,0.657970,1000
8872,8872,0.658019,0.658092,0.658035,0.658063,1000
8873,8873,0.658064,0.658047,0.658032,0.658039,1000
8874,8874,0.657693,0.657769,0.657537,0.657653,1000
8875,8875,0.657756,0.657772,0.657717,0.657745,1000
8876,8876,0.657598,0.657643,0.657555,0.657599,1000
8877,8877,0.657484,0.657537,0.657485,0.657511,1000
8878,8878,0.657543,0.657532,0.657522,0.657527,1000
8879,8879,0.657702,0.657698,0.657619,0.657658,1000
8880,8880,0.657282,0.657393,0.657166,0.657280,1000
8881,8881,0.656584,0.656783,0.656357,0.656570,1000
8882,8882,0.655764,0.656032,0.655572,0.655802,1000
8883,8883,0.655178,0.655357,0.654975,0.655166,1000
8884,8884,0.654649,0.654844,0.654567,0.654705,1000
8885,8885,0.654257,0.654388,0.654117,0.654252,1000
8886,8886,0.653635,0.653818,0.653445,0.653631,1000
8887,8887,0.653307,0.653386,0.653177,0.653281,1000
8888,8888,0.652680,0.652855,0.652490,0.652672,1000
8889,8889,0.652401,0.652485,0.652324,0.652405,1000
8890,8890,0.652288,0.652302,0.652214,0.652258,1000
8891,8891,0.652875,0.653073,0.652697,0.652885,1000
8892,8892,0.652692,0.652731,0.652600,0.652665,1000
8893,8893,0.652230,0.652359,0.652097,0.652228,1000
8894,8894,0.651663,0.651871,0.651565,0.651718,1000
8895,8895,0.651103,0.651275,0.650895,0.651085,1000
8896,8896,0.650505,0.650653,0.650284,0.650469,1000
8897,8897,0.650176,0.650228,0.650022,0.650125,1000
8898,8898,0.649682,0.649824,0.649567,0.649695,1000
8899,8899,0.649612,0.649648,0.649608,0.649628,1000
8900,8900,0.650002,0.650151,0.649910,0.650031,1000
8901,8901,0.650980,0.651307,0.650718,0.651012,1000
8902,8902,0.652221,0.652595,0.651864,0.652230,1000
8903,8903,0.653371,0.653683,0.653012,0.653347,1000
8904,8904,0.654117,0.654394,0.653911,0.654152,1000
8905,8905,0.654805,0.654979,0.654598,0.654788,1000
8906,8906,0.655688,0.655965,0.655422,0.655693,1000
8907,8907,0.656818,0.657239,0.656525,0.656882,1000
8908,8908,0.657489,0.657760,0.657355,0.657557,1000
8909,8909,0.657711,0.657766,0.657670,0.657718,1000
8910,8910,0.657738,0.657820,0.657773,0.657796,1000
8911,8911,0.657786,0.657779,0.657764,0.657772,1000
8912,8912,0.657583,0.657664,0.657572,0.657618,1000
8913,8913,0.657617,0.657573,0.657535,0.657554,1000
8914,8914,0.657721,0.657714,0.657640,0.657677,1000
8915,8915,0.657699,0.657679,0.657678,0.657679,1000
8916,8916,0.657924,0.658111,0.657912,0.658011,1000
8917,8917,0.658287,0.658352,0.658195,0.658273,1000
8918,8918,0.658176,0.658239,0.658210,0.658224,1000
8919,8919,0.658736,0.658802,0.658535,0.658669,1000
8920,8920,0.658867,0.658973,0.658833,0.658903,1000
8921,8921,0.658673,0.658731,0.658584,0.658658,1000
8922,8922,0.658593,0.658582,0.658518,0.658550,1000
8923,8923,0.658195,0.658295,0.658077,0.658186,1000
8924,8924,0.657166,0.657503,0.656918,0.657211,1000
8925,8925,0.656282,0.656593,0.656065,0.656329,1000
8926,8926,0.655716,0.655912,0.655555,0.655733,1000
8927,8927,0.654627,0.654948,0.654276,0.654612,1000
8928,8928,0.653335,0.653723,0.652961,0.653342,1000
8929,8929,0.652392,0.652651,0.652060,0.652355,1000
8930,8930,0.652223,0.652240,0.652141,0.652190,1000
8931,8931,0.652160,0.652173,0.652159,0.652166,1000
8932,8932,0.651777,0.651871,0.651618,0.651745,1000
8933,8933,0.650913,0.651167,0.650672,0.650919,1000
8934,8934,0.650067,0.650331,0.649827,0.650079,1000
8935,8935,0.648879,0.649253,0.648547,0.648900,1000
8936,8936,0.647925,0.648217,0.647633,0.647925,1000
8937,8937,0.647233,0.647448,0.647040,0.647244,1000
8938,8938,0.646246,0.646555,0.645964,0.646259,1000
8939,8939,0.645152,0.645469,0.644793,0.645131,1000
8940,8940,0.644009,0.644388,0.643753,0.644071,1000
8941,8941,0.643395,0.643612,0.643220,0.643416,1000
8942,8942,0.642833,0.643026,0.642691,0.642858,1000
8943,8943,0.641539,0.641930,0.641135,0.641533,1000
8944,8944,0.640135,0.640573,0.639752,0.640162,1000
8945,8945,0.639026,0.639368,0.638687,0.639028,1000
8946,8946,0.638454,0.638595,0.638224,0.638410,1000
8947,8947,0.637637,0.637888,0.637441,0.637665,1000
8948,8948,0.637265,0.637313,0.637012,0.637162,1000
8949,8949,0.636870,0.636970,0.636805,0.636888,1000
8950,8950,0.636950,0.637043,0.636972,0.637008,1000
8951,8951,0.636778,0.636830,0.636679,0.636755,1000
8952,8952,0.636110,0.636286,0.635884,0.636085,1000
8953,8953,0.635063,0.635399,0.634812,0.635105,1000
8954,8954,0.634126,0.634386,0.633771,0.634079,1000
8955,8955,0.633137,0.633436,0.632886,0.633161,1000
8956,8956,0.632827,0.632902,0.632680,0.632791,1000
8957,8957,0.632282,0.632459,0.632174,0.632317,1000
8958,8958,0.631785,0.631946,0.631628,0.631787,1000
8959,8959,0.631431,0.631553,0.631352,0.631452,1000
8960,8960,0.631240,0.631285,0.631142,0.631214,1000
8961,8961,0.630924,0.630979,0.630777,0.630878,1000
8962,8962,0.630914,0.630923,0.630902,0.630913,1000
8963,8963,0.630857,0.630848,0.630793,0.630821,1000
8964,8964,0.630613,0.630708,0.630611,0.630659,1000
8965,8965,0.630780,0.630852,0.630763,0.630808,1000
8966,8966,0.631080,0.631007,0.630915,0.630961,1000
8967,8967,0.631700,0.631928,0.631481,0.631704,1000
8968,8968,0.632358,0.632588,0.632180,0.632384,1000
8969,8969,0.633020,0.633150,0.632796,0.632973,1000
8970,8970,0.633798,0.634015,0.633534,0.633775,1000
8971,8971,0.634340,0.634608,0.634223,0.634416,1000
8972,8972,0.634789,0.634861,0.634655,0.634758,1000
8973,8973,0.635042,0.635089,0.634936,0.635013,1000
8974,8974,0.635148,0.635204,0.635116,0.635160,1000
8975,8975,0.635314,0.635357,0.635266,0.635311,1000
8976,8976,0.635287,0.635342,0.635328,0.635335,1000
8977,8977,0.636035,0.636236,0.635820,0.636028,1000
8978,8978,0.636971,0.637287,0.636706,0.636997,1000
8979,8979,0.637566,0.637796,0.637427,0.637612,1000
8980,8980,0.638007,0.638097,0.637873,0.637985,1000
8981,8981,0.638414,0.638541,0.638284,0.638413,1000
8982,8982,0.639070,0.639311,0.638896,0.639103,1000
8983,8983,0.639664,0.639844,0.639502,0.639673,1000
8984,8984,0.640108,0.640253,0.639985,0.640119,1000
8985,8985,0.639835,0.639938,0.639784,0.639861,1000
8986,8986,0.639679,0.639735,0.639626,0.639680,1000
8987,8987,0.639678,0.639664,0.639650,0.639657,1000
8988,8988,0.639666,0.639760,0.639713,0.639736,1000
8989,8989,0.640349,0.640499,0.640147,0.640323,1000
8990,8990,0.640554,0.640622,0.640484,0.640553,1000
8991,8991,0.640775,0.640842,0.640709,0.640775,1000
8992,8992,0.641125,0.641233,0.641022,0.641128,1000
8993,8993,0.641351,0.641451,0.641302,0.641377,1000
8994,8994,0.641293,0.641331,0.641292,0.641312,1000
8995,8995,0.641085,0.641160,0.641030,0.641095,1000
8996,8996,0.640831,0.640922,0.640773,0.640847,1000
8997,8997,0.640245,0.640423,0.640059,0.640241,1000
8998,8998,0.639907,0.639990,0.639774,0.639882,1000
8999,8999,0.639442,0.639594,0.639346,0.639470,1000
9000,9000,0.638856,0.639051,0.638692,0.638872,1000
9001,9001,0.638279,0.638449,0.638087,0.638268,1000
9002,9002,0.637573,0.637745,0.637297,0.637521,1000
9003,9003,0.637256,0.637337,0.637178,0.637257,1000
9004,9004,0.637204,0.637214,0.637177,0.637195,1000
9005,9005,0.636798,0.636939,0.636720,0.636830,1000
9006,9006,0.636137,0.636317,0.635878,0.636097,1000
9007,9007,0.635619,0.635722,0.635400,0.635561,1000
9008,9008,0.635533,0.635496,0.635440,0.635468,1000
9009,9009,0.635344,0.635385,0.635314,0.635349,1000
9010,9010,0.635289,0.635319,0.635294,0.635307,1000
9011,9011,0.635362,0.635391,0.635352,0.635371,1000
9012,9012,0.635333,0.635367,0.635363,0.635365,1000
9013,9013,0.635990,0.636194,0.635811,0.636003,1000
9014,9014,0.636767,0.637063,0.636573,0.636818,1000
9015,9015,0.637388,0.637548,0.637211,0.637379,1000
9016,9016,0.637692,0.637785,0.637598,0.637692,1000
9017,9017,0.637810,0.637860,0.637782,0.637821,1000
9018,9018,0.637410,0.637589,0.637390,0.637490,1000
9019,9019,0.637079,0.637200,0.636952,0.637076,1000
9020,9020,0.636631,0.636765,0.636499,0.636632,1000
9021,9021,0.635707,0.635997,0.635454,0.635725,1000
9022,9022,0.635120,0.635275,0.634889,0.635082,1000
9023,9023,0.634949,0.635016,0.634960,0.634988,1000
9024,9024,0.634653,0.634743,0.634534,0.634639,1000
9025,9025,0.634186,0.634312,0.634033,0.634173,1000
9026,9026,0.633610,0.633788,0.633459,0.633624,1000
9027,9027,0.633504,0.633530,0.633449,0.633490,1000
9028,9028,0.633613,0.633651,0.633576,0.633614,1000
9029,9029,0.633536,0.633577,0.633546,0.633561,1000
9030,9030,0.633652,0.633659,0.633614,0.633636,1000
9031,9031,0.633622,0.633650,0.633644,0.633647,1000
9032,9032,0.633546,0.633601,0.633562,0.633582,1000
9033,9033,0.633305,0.633375,0.633197,0.633286,1000
9034,9034,0.632735,0.632922,0.632609,0.632766,1000
9035,9035,0.632324,0.632500,0.632273,0.632386,1000
9036,9036,0.631832,0.631996,0.631661,0.631828,1000
9037,9037,0.630544,0.630920,0.630143,0.630532,1000
9038,9038,0.629721,0.629917,0.629390,0.629653,1000
9039,9039,0.628466,0.628812,0.628092,0.628452,1000
9040,9040,0.627505,0.627759,0.627166,0.627463,1000
9041,9041,0.626442,0.626713,0.626071,0.626392,1000
9042,9042,0.625497,0.625741,0.625184,0.625463,1000
9043,9043,0.624420,0.624794,0.624222,0.624508,1000
9044,9044,0.623498,0.623793,0.623180,0.623487,1000
9045,9045,0.622893,0.623086,0.622743,0.622915,1000
9046,9046,0.622308,0.622489,0.622124,0.622307,1000
9047,9047,0.621898,0.622019,0.621773,0.621896,1000
9048,9048,0.621692,0.621701,0.621534,0.621618,1000
9049,9049,0.621422,0.621518,0.621432,0.621475,1000
9050,9050,0.620903,0.621070,0.620723,0.620896,1000
9051,9051,0.620286,0.620459,0.620085,0.620272,1000
9052,9052,0.619902,0.620003,0.619773,0.619888,1000
9053,9053,0.619559,0.619652,0.619450,0.619551,1000
9054,9054,0.619439,0.619455,0.619374,0.619415,1000
9055,9055,0.619328,0.619351,0.619296,0.619324,1000
9056,9056,0.619485,0.619569,0.619456,0.619512,1000
9057,9057,0.619222,0.619254,0.619032,0.619143,1000
9058,9058,0.618872,0.618959,0.618801,0.618880,1000
9059,9059,0.618590,0.618714,0.618573,0.618643,1000
9060,9060,0.618392,0.618487,0.618353,0.618420,1000
9061,9061,0.618364,0.618368,0.618323,0.618345,1000
9062,9062,0.617979,0.618121,0.617928,0.618024,1000
9063,9063,0.617838,0.617874,0.617744,0.617809,1000
9064,9064,0.617512,0.617623,0.617463,0.617543,1000
9065,9065,0.617558,0.617557,0.617550,0.617553,1000
9066,9066,0.617726,0.617744,0.617656,0.617700,1000
9067,9067,0.617237,0.617385,0.617115,0.617250,1000
9068,9068,0.617069,0.617112,0.616993,0.617052,1000
9069,9069,0.616543,0.616705,0.616407,0.616556,1000
9070,9070,0.616408,0.616431,0.616324,0.616378,1000
9071,9071,0.616193,0.616249,0.616139,0.616194,1000
9072,9072,0.615887,0.615956,0.615751,0.615853,1000
9073,9073,0.615458,0.615613,0.615407,0.615510,1000
9074,9074,0.615040,0.615135,0.614813,0.614974,1000
9075,9075,0.614660,0.614728,0.614518,0.614623,1000
9076,9076,0.614448,0.614480,0.614357,0.614419,1000
9077,9077,0.614240,0.614317,0.614230,0.614274,1000
9078,9078,0.614421,0.614445,0.614366,0.614405,1000
9079,9079,0.614664,0.614747,0.614590,0.614668,1000
9080,9080,0.614878,0.614908,0.614797,0.614853,1000
9081,9081,0.615025,0.615043,0.614955,0.614999,1000
9082,9082,0.614910,0.614962,0.614930,0.614946,1000
9083,9083,0.615197,0.615210,0.615088,0.615149,1000
9084,9084,0.615337,0.615358,0.615261,0.615310,1000
9085,9085,0.615908,0.616115,0.615743,0.615929,1000
9086,9086,0.616908,0.617227,0.616627,0.616927,1000
9087,9087,0.617767,0.618065,0.617540,0.617803,1000
9088,9088,0.618562,0.618757,0.618316,0.618537,1000
9089,9089,0.619059,0.619129,0.618855,0.618992,1000
9090,9090,0.619473,0.619669,0.619356,0.619512,1000
9091,9091,0.619923,0.620059,0.619807,0.619933,1000
9092,9092,0.620596,0.620806,0.620403,0.620604,1000
9093,9093,0.621696,0.622028,0.621370,0.621699,1000
9094,9094,0.623002,0.623380,0.622603,0.622991,1000
9095,9095,0.624564,0.624981,0.624062,0.624521,1000
9096,9096,0.625781,0.626173,0.625410,0.625792,1000
9097,9097,0.626927,0.627257,0.626580,0.626919,1000
9098,9098,0.628028,0.628343,0.627685,0.628014,1000
9099,9099,0.629315,0.629715,0.628929,0.629322,1000
9100,9100,0.630244,0.630560,0.629988,0.630274,1000
9101,9101,0.630802,0.630985,0.630657,0.630821,1000
9102,9102,0.631135,0.631257,0.631056,0.631156,1000
9103,9103,0.632032,0.632363,0.631806,0.632084,1000
9104,9104,0.632898,0.633149,0.632657,0.632903,1000
9105,9105,0.633779,0.633973,0.633479,0.633726,1000
9106,9106,0.634956,0.635304,0.634575,0.634939,1000
9107,9107,0.635770,0.635993,0.635506,0.635750,1000
9108,9108,0.636116,0.636209,0.635997,0.636103,1000
9109,9109,0.636625,0.636906,0.636535,0.636721,1000
9110,9110,0.637279,0.637446,0.637111,0.637279,1000
9111,9111,0.637316,0.637325,0.637303,0.637314,1000
9112,9112,0.637551,0.637691,0.637517,0.637604,1000
9113,9113,0.638081,0.638322,0.637991,0.638156,1000
9114,9114,0.638740,0.638889,0.638551,0.638720,1000
9115,9115,0.639070,0.639187,0.638972,0.639079,1000
9116,9116,0.639337,0.639383,0.639243,0.639313,1000
9117,9117,0.639998,0.640219,0.639801,0.640010,1000
9118,9118,0.640072,0.640107,0.640062,0.640085,1000
9119,9119,0.639716,0.639826,0.639605,0.639715,1000
9120,9120,0.639312,0.639403,0.639136,0.639270,1000
9121,9121,0.638466,0.638706,0.638224,0.638465,1000
9122,9122,0.637909,0.638105,0.637796,0.637950,1000
9123,9123,0.637769,0.637819,0.637707,0.637763,1000
9124,9124,0.638110,0.638169,0.637982,0.638075,1000
9125,9125,0.638540,0.638726,0.638425,0.638576,1000
9126,9126,0.639247,0.639408,0.639024,0.639216,1000
9127,9127,0.639577,0.639716,0.639485,0.639600,1000
9128,9128,0.639713,0.639832,0.639725,0.639779,1000
9129,9129,0.639938,0.640011,0.639904,0.639957,1000
9130,9130,0.640100,0.640114,0.640042,0.640078,1000
9131,9131,0.640767,0.640966,0.640556,0.640761,1000
9132,9132,0.640718,0.640734,0.640711,0.640723,1000
9133,9133,0.640888,0.640899,0.640818,0.640858,1000
9134,9134,0.640966,0.640996,0.640933,0.640965,1000
9135,9135,0.640993,0.641070,0.641021,0.641045,1000
9136,9136,0.641295,0.641426,0.641250,0.641338,1000
9137,9137,0.641979,0.642105,0.641751,0.641928,1000
9138,9138,0.643071,0.643424,0.642733,0.643079,1000
9139,9139,0.643680,0.643931,0.643537,0.643734,1000
9140,9140,0.644335,0.644524,0.644159,0.644341,1000
9141,9141,0.645232,0.645510,0.644971,0.645241,1000
9142,9142,0.646383,0.646642,0.645995,0.646319,1000
9143,9143,0.646682,0.646850,0.646605,0.646727,1000
9144,9144,0.647493,0.647715,0.647259,0.647487,1000
9145,9145,0.647725,0.647721,0.647613,0.647667,1000
9146,9146,0.648132,0.648309,0.648012,0.648161,1000
9147,9147,0.649165,0.649546,0.648906,0.649226,1000
9148,9148,0.649550,0.649635,0.649446,0.649541,1000
9149,9149,0.649966,0.650035,0.649807,0.649921,1000
9150,9150,0.650374,0.650418,0.650189,0.650303,1000
9151,9151,0.650930,0.651120,0.650743,0.650932,1000
9152,9152,0.650884,0.650855,0.650789,0.650822,1000
9153,9153,0.650981,0.651060,0.650950,0.651005,1000
9154,9154,0.650872,0.650911,0.650829,0.650870,1000
9155,9155,0.650668,0.650748,0.650644,0.650696,1000
9156,9156,0.650145,0.650358,0.650069,0.650214,1000
9157,9157,0.649999,0.650072,0.649951,0.650011,1000
9158,9158,0.649630,0.649768,0.649559,0.649664,1000
9159,9159,0.649028,0.649179,0.648765,0.648972,1000
9160,9160,0.648330,0.648503,0.648101,0.648302,1000
9161,9161,0.648035,0.648109,0.647943,0.648026,1000
9162,9162,0.647593,0.647738,0.647491,0.647615,1000
9163,9163,0.647262,0.647403,0.647222,0.647312,1000
9164,9164,0.646720,0.646870,0.646491,0.646680,1000
9165,9165,0.646133,0.646278,0.645934,0.646106,1000
9166,9166,0.645739,0.645851,0.645632,0.645742,1000
9167,9167,0.645372,0.645462,0.645222,0.645342,1000
9168,9168,0.645489,0.645489,0.645421,0.645455,1000
9169,9169,0.645705,0.645778,0.645629,0.645704,1000
9170,9170,0.646156,0.646317,0.646034,0.646175,1000
9171,9171,0.646575,0.646733,0.646476,0.646604,1000
9172,9172,0.646851,0.646934,0.646782,0.646858,1000
9173,9173,0.646859,0.646819,0.646786,0.646802,1000
9174,9174,0.647116,0.647226,0.647030,0.647128,1000
9175,9175,0.647210,0.647235,0.647186,0.647210,1000
9176,9176,0.647336,0.647368,0.647295,0.647331,1000
9177,9177,0.647624,0.647706,0.647533,0.647619,1000
9178,9178,0.648125,0.648290,0.647980,0.648135,1000
9179,9179,0.648408,0.648485,0.648324,0.648404,1000
9180,9180,0.648984,0.649150,0.648806,0.648978,1000
9181,9181,0.649792,0.650067,0.649564,0.649816,1000
9182,9182,0.650525,0.650768,0.650328,0.650548,1000
9183,9183,0.651181,0.651414,0.651014,0.651214,1000
9184,9184,0.652516,0.652893,0.652117,0.652505,1000
9185,9185,0.653506,0.653820,0.653213,0.653516,1000
9186,9186,0.654575,0.654924,0.654274,0.654599,1000
9187,9187,0.655479,0.655665,0.655173,0.655419,1000
9188,9188,0.655893,0.656018,0.655742,0.655880,1000
9189,9189,0.656019,0.656080,0.655988,0.656034,1000
9190,9190,0.656425,0.656555,0.656314,0.656435,1000
9191,9191,0.656959,0.657094,0.656789,0.656941,1000
9192,9192,0.657006,0.657059,0.657005,0.657032,1000
9193,9193,0.657109,0.657109,0.657073,0.657091,1000
9194,9194,0.657161,0.657184,0.657141,0.657163,1000
9195,9195,0.657178,0.657174,0.657169,0.657172,1000
9196,9196,0.657232,0.657236,0.657206,0.657221,1000
9197,9197,0.657433,0.657461,0.657350,0.657406,1000
9198,9198,0.658014,0.658211,0.657839,0.658025,1000
9199,9199,0.658479,0.658631,0.658351,0.658491,1000
9200,9200,0.659002,0.659110,0.658824,0.658967,1000
9201,9201,0.659406,0.659545,0.659279,0.659412,1000
9202,9202,0.659301,0.659369,0.659333,0.659351,1000
9203,9203,0.659152,0.659203,0.659076,0.659139,1000
9204,9204,0.658933,0.659008,0.658895,0.658952,1000
9205,9205,0.659127,0.659205,0.659088,0.659147,1000
9206,9206,0.658510,0.658707,0.658330,0.658518,1000
9207,9207,0.658444,0.658465,0.658419,0.658442,1000
9208,9208,0.658613,0.658631,0.658543,0.658587,1000
9209,9209,0.658951,0.659070,0.658847,0.658959,1000
9210,9210,0.659210,0.659317,0.659152,0.659234,1000
9211,9211,0.659602,0.659671,0.659469,0.659570,1000
9212,9212,0.659342,0.659373,0.659205,0.659289,1000
9213,9213,0.659202,0.659279,0.659271,0.659275,1000
9214,9214,0.659636,0.659675,0.659490,0.659583,1000
9215,9215,0.660139,0.660317,0.659978,0.660147,1000
9216,9216,0.660623,0.660781,0.660488,0.660634,1000
9217,9217,0.661017,0.661087,0.660878,0.660982,1000
9218,9218,0.660980,0.660957,0.660935,0.660946,1000
9219,9219,0.660930,0.660913,0.660884,0.660898,1000
9220,9220,0.660717,0.660742,0.660607,0.660675,1000
9221,9221,0.660131,0.660301,0.659981,0.660141,1000
9222,9222,0.659971,0.660030,0.659935,0.659982,1000
9223,9223,0.660332,0.660375,0.660194,0.660284,1000
9224,9224,0.660560,0.660652,0.660482,0.660567,1000
9225,9225,0.660563,0.660558,0.660550,0.660554,1000
9226,9226,0.660148,0.660334,0.660147,0.660240,1000
9227,9227,0.659822,0.659917,0.659640,0.659778,1000
9228,9228,0.659152,0.659361,0.659004,0.659183,1000
9229,9229,0.658797,0.658909,0.658675,0.658792,1000
9230,9230,0.659049,0.659126,0.658972,0.659049,1000
9231,9231,0.659331,0.659486,0.659284,0.659385,1000
9232,9232,0.659889,0.660042,0.659738,0.659890,1000
9233,9233,0.660352,0.660429,0.660180,0.660305,1000
9234,9234,0.660991,0.661210,0.660792,0.661001,1000
9235,9235,0.662042,0.662343,0.661723,0.662033,1000
9236,9236,0.662507,0.662635,0.662357,0.662496,1000
9237,9237,0.662731,0.662797,0.662658,0.662727,1000
9238,9238,0.663122,0.663285,0.663028,0.663156,1000
9239,9239,0.663341,0.663344,0.663258,0.663301,1000
9240,9240,0.663135,0.663193,0.663101,0.663147,1000
9241,9241,0.662952,0.663023,0.662916,0.662969,1000
9242,9242,0.663259,0.663367,0.663184,0.663276,1000
9243,9243,0.663734,0.663824,0.663571,0.663697,1000
9244,9244,0.664322,0.664583,0.664174,0.664378,1000
9245,9245,0.664753,0.664814,0.664613,0.664713,1000
9246,9246,0.665178,0.665393,0.665079,0.665236,1000
9247,9247,0.665640,0.665771,0.665524,0.665647,1000
9248,9248,0.666292,0.666468,0.666089,0.666279,1000
9249,9249,0.666836,0.666988,0.666661,0.666824,1000
9250,9250,0.667547,0.667760,0.667328,0.667544,1000
9251,9251,0.668236,0.668479,0.668047,0.668263,1000
9252,9252,0.668931,0.669200,0.668768,0.668984,1000
9253,9253,0.669697,0.669937,0.669497,0.669717,1000
9254,9254,0.670152,0.670283,0.670022,0.670152,1000
9255,9255,0.669771,0.669903,0.669690,0.669796,1000
9256,9256,0.669378,0.669497,0.669241,0.669369,1000
9257,9257,0.668796,0.668971,0.668630,0.668801,1000
9258,9258,0.668429,0.668523,0.668285,0.668404,1000
9259,9259,0.668142,0.668200,0.668025,0.668112,1000
9260,9260,0.668375,0.668381,0.668257,0.668319,1000
9261,9261,0.668632,0.668629,0.668486,0.668558,1000
9262,9262,0.668460,0.668508,0.668465,0.668487,1000
9263,9263,0.669122,0.669345,0.668949,0.669147,1000
9264,9264,0.669449,0.669539,0.669358,0.669448,1000
9265,9265,0.669366,0.669425,0.669404,0.669414,1000
9266,9266,0.669461,0.669466,0.669442,0.669454,1000
9267,9267,0.669256,0.669310,0.669187,0.669248,1000
9268,9268,0.669429,0.669445,0.669354,0.669400,1000
9269,9269,0.669970,0.670057,0.669753,0.669905,1000
9270,9270,0.670804,0.671017,0.670504,0.670760,1000
9271,9271,0.671986,0.672324,0.671602,0.671963,1000
9272,9272,0.673309,0.673754,0.672927,0.673341,1000
9273,9273,0.674806,0.675211,0.674347,0.674779,1000
9274,9274,0.676460,0.676929,0.675936,0.676433,1000
9275,9275,0.677201,0.677443,0.676976,0.677209,1000
9276,9276,0.677831,0.677985,0.677627,0.677806,1000
9277,9277,0.678361,0.678480,0.678169,0.678325,1000
9278,9278,0.678695,0.678834,0.678599,0.678717,1000
9279,9279,0.678945,0.679037,0.678889,0.678963,1000
9280,9280,0.679106,0.679093,0.679033,0.679063,1000
9281,9281,0.678889,0.678959,0.678871,0.678915,1000
9282,9282,0.678248,0.678432,0.678018,0.678225,1000
9283,9283,0.677600,0.677768,0.677377,0.677573,1000
9284,9284,0.676474,0.676800,0.676138,0.676469,1000
9285,9285,0.675330,0.675655,0.674959,0.675307,1000
9286,9286,0.674437,0.674681,0.674144,0.674412,1000
9287,9287,0.673212,0.673599,0.672903,0.673251,1000
9288,9288,0.672204,0.672543,0.671937,0.672240,1000
9289,9289,0.671369,0.671580,0.671015,0.671298,1000
9290,9290,0.669580,0.670140,0.669150,0.669645,1000
9291,9291,0.668132,0.668596,0.667698,0.668147,1000
9292,9292,0.666858,0.667226,0.666438,0.666832,1000
9293,9293,0.665457,0.665877,0.665059,0.665468,1000
9294,9294,0.664289,0.664616,0.663887,0.664251,1000
9295,9295,0.663424,0.663681,0.663193,0.663437,1000
9296,9296,0.662884,0.663056,0.662729,0.662893,1000
9297,9297,0.662122,0.662367,0.661917,0.662142,1000
9298,9298,0.661616,0.661780,0.661470,0.661625,1000
9299,9299,0.661436,0.661469,0.661335,0.661402,1000
9300,9300,0.660699,0.660897,0.660464,0.660680,1000
9301,9301,0.660449,0.660501,0.660348,0.660425,1000
9302,9302,0.659974,0.660122,0.659864,0.659993,1000
9303,9303,0.659628,0.659716,0.659478,0.659597,1000
9304,9304,0.659266,0.659348,0.659134,0.659241,1000
9305,9305,0.658681,0.658859,0.658533,0.658696,1000
9306,9306,0.657831,0.658110,0.657607,0.657858,1000
9307,9307,0.657028,0.657276,0.656777,0.657026,1000
9308,9308,0.656756,0.656800,0.656606,0.656703,1000
9309,9309,0.656606,0.656660,0.656623,0.656641,1000
9310,9310,0.656575,0.656610,0.656583,0.656596,1000
9311,9311,0.656829,0.656787,0.656699,0.656743,1000
9312,9312,0.656388,0.656517,0.656324,0.656421,1000
9313,9313,0.655907,0.655996,0.655632,0.655814,1000
9314,9314,0.655725,0.655786,0.655763,0.655775,1000
9315,9315,0.655179,0.655383,0.655047,0.655215,1000
9316,9316,0.654624,0.654799,0.654443,0.654621,1000
9317,9317,0.654494,0.654536,0.654464,0.654500,1000
9318,9318,0.654007,0.654143,0.653837,0.653990,1000
9319,9319,0.653545,0.653680,0.653414,0.653547,1000
9320,9320,0.653185,0.653311,0.653109,0.653210,1000
9321,9321,0.653276,0.653221,0.653216,0.653218,1000
9322,9322,0.653034,0.653074,0.652951,0.653013,1000
9323,9323,0.652920,0.652940,0.652878,0.652909,1000
9324,9324,0.652501,0.652615,0.652363,0.652489,1000
9325,9325,0.651736,0.651978,0.651540,0.651759,1000
9326,9326,0.650809,0.651110,0.650554,0.650832,1000
9327,9327,0.650454,0.650558,0.650323,0.650440,1000
9328,9328,0.649662,0.649879,0.649398,0.649638,1000
9329,9329,0.648738,0.648962,0.648383,0.648673,1000
9330,9330,0.648420,0.648486,0.648327,0.648407,1000
9331,9331,0.648260,0.648271,0.648155,0.648213,1000
9332,9332,0.648003,0.648062,0.647932,0.647997,1000
9333,9333,0.647869,0.647900,0.647817,0.647858,1000
9334,9334,0.647953,0.647956,0.647911,0.647934,1000
9335,9335,0.648323,0.648355,0.648161,0.648258,1000
9336,9336,0.649156,0.649427,0.648887,0.649157,1000
9337,9337,0.649571,0.649621,0.649407,0.649514,1000
9338,9338,0.649480,0.649457,0.649408,0.649432,1000
9339,9339,0.649958,0.650133,0.649810,0.649971,1000
9340,9340,0.650338,0.650376,0.650189,0.650283,1000
9341,9341,0.650419,0.650547,0.650425,0.650486,1000
9342,9342,0.650129,0.650290,0.650122,0.650206,1000
9343,9343,0.650583,0.650636,0.650437,0.650536,1000
9344,9344,0.651136,0.651289,0.650942,0.651115,1000
9345,9345,0.652049,0.652368,0.651789,0.652078,1000
9346,9346,0.652848,0.653077,0.652616,0.652846,1000
9347,9347,0.652982,0.652960,0.652908,0.652934,1000
9348,9348,0.653118,0.653236,0.653097,0.653166,1000
9349,9349,0.653736,0.653903,0.653563,0.653733,1000
9350,9350,0.654292,0.654482,0.654136,0.654309,1000
9351,9351,0.654611,0.654765,0.654554,0.654660,1000
9352,9352,0.655559,0.655918,0.655337,0.655627,1000
9353,9353,0.656059,0.656170,0.655919,0.656045,1000
9354,9354,0.656986,0.657302,0.656721,0.657012,1000
9355,9355,0.658035,0.658339,0.657726,0.658033,1000
9356,9356,0.659285,0.659669,0.658913,0.659291,1000
9357,9357,0.660256,0.660546,0.659966,0.660256,1000
9358,9358,0.661062,0.661288,0.660811,0.661050,1000
9359,9359,0.661718,0.661921,0.661519,0.661720,1000
9360,9360,0.662471,0.662694,0.662244,0.662469,1000
9361,9361,0.663236,0.663471,0.663009,0.663240,1000
9362,9362,0.663450,0.663427,0.663341,0.663384,1000
9363,9363,0.663552,0.663629,0.663516,0.663572,1000
9364,9364,0.663373,0.663427,0.663303,0.663365,1000
9365,9365,0.662887,0.663063,0.662805,0.662934,1000
9366,9366,0.661874,0.662211,0.661592,0.661901,1000
9367,9367,0.660924,0.661206,0.660610,0.660908,1000
9368,9368,0.660137,0.660315,0.659808,0.660061,1000
9369,9369,0.659375,0.659535,0.659084,0.659309,1000
9370,9370,0.658531,0.658793,0.658352,0.658573,1000
9371,9371,0.657779,0.658013,0.657533,0.657773,1000
9372,9372,0.657155,0.657313,0.656920,0.657117,1000
9373,9373,0.656696,0.656807,0.656543,0.656675,1000
9374,9374,0.656030,0.656257,0.655900,0.656079,1000
9375,9375,0.655247,0.655527,0.655055,0.655291,1000
9376,9376,0.654641,0.654835,0.654444,0.654640,1000
9377,9377,0.654408,0.654459,0.654305,0.654382,1000
9378,9378,0.654272,0.654296,0.654223,0.654260,1000
9379,9379,0.654053,0.654100,0.653964,0.654032,1000
9380,9380,0.653597,0.653762,0.653531,0.653647,1000
9381,9381,0.652962,0.653155,0.652735,0.652945,1000
9382,9382,0.652288,0.652489,0.652099,0.652294,1000
9383,9383,0.651075,0.651471,0.650766,0.651118,1000
9384,9384,0.649828,0.650231,0.649472,0.649852,1000
9385,9385,0.648623,0.649012,0.648293,0.648653,1000
9386,9386,0.647530,0.647881,0.647220,0.647551,1000
9387,9387,0.646545,0.646877,0.646300,0.646589,1000
9388,9388,0.645864,0.646097,0.645676,0.645887,1000
9389,9389,0.645209,0.645416,0.645012,0.645214,1000
9390,9390,0.645100,0.645161,0.645115,0.645138,1000
9391,9391,0.645341,0.645416,0.645288,0.645352,1000
9392,9392,0.645213,0.645292,0.645240,0.645266,1000
9393,9393,0.645115,0.645155,0.645061,0.645108,1000
9394,9394,0.645070,0.645088,0.645071,0.645080,1000
9395,9395,0.644413,0.644627,0.644239,0.644433,1000
9396,9396,0.643870,0.644015,0.643656,0.643835,1000
9397,9397,0.643401,0.643520,0.643250,0.643385,1000
9398,9398,0.642590,0.642812,0.642321,0.642566,1000
9399,9399,0.642043,0.642186,0.641860,0.642023,1000
9400,9400,0.641524,0.641677,0.641381,0.641529,1000
9401,9401,0.641468,0.641421,0.641328,0.641374,1000
9402,9402,0.641055,0.641123,0.640908,0.641015,1000
9403,9403,0.640889,0.640923,0.640844,0.640884,1000
9404,9404,0.640970,0.640987,0.640939,0.640963,1000
9405,9405,0.640840,0.640894,0.640836,0.640865,1000
9406,9406,0.641207,0.641272,0.641084,0.641178,1000
9407,9407,0.641495,0.641595,0.641402,0.641499,1000
9408,9408,0.641811,0.641899,0.641714,0.641807,1000
9409,9409,0.641890,0.641989,0.641905,0.641947,1000
9410,9410,0.641935,0.642070,0.642013,0.642041,1000
9411,9411,0.642170,0.642201,0.642127,0.642164,1000
9412,9412,0.642508,0.642511,0.642351,0.642431,1000
9413,9413,0.642359,0.642393,0.642360,0.642376,1000
9414,9414,0.641767,0.641937,0.641561,0.641749,1000
9415,9415,0.641620,0.641633,0.641534,0.641584,1000
9416,9416,0.640761,0.641000,0.640500,0.640750,1000
9417,9417,0.639632,0.639960,0.639284,0.639622,1000
9418,9418,0.638631,0.638909,0.638299,0.638604,1000
9419,9419,0.637679,0.637978,0.637441,0.637710,1000
9420,9420,0.636585,0.636867,0.636146,0.636506,1000
9421,9421,0.635530,0.635839,0.635267,0.635553,1000
9422,9422,0.635059,0.635227,0.634948,0.635087,1000
9423,9423,0.634552,0.634720,0.634405,0.634563,1000
9424,9424,0.633949,0.634136,0.633770,0.633953,1000
9425,9425,0.633666,0.633740,0.633557,0.633648,1000
9426,9426,0.633401,0.633461,0.633300,0.633380,1000
9427,9427,0.633307,0.633355,0.633334,0.633345,1000
9428,9428,0.633366,0.633358,0.633352,0.633355,1000
9429,9429,0.633737,0.633852,0.633623,0.633738,1000
9430,9430,0.634507,0.634646,0.634226,0.634436,1000
9431,9431,0.634793,0.634889,0.634680,0.634784,1000
9432,9432,0.635308,0.635384,0.635107,0.635246,1000
9433,9433,0.635670,0.635809,0.635549,0.635679,1000
9434,9434,0.636136,0.636283,0.636004,0.636143,1000
9435,9435,0.637101,0.637360,0.636798,0.637079,1000
9436,9436,0.637769,0.638020,0.637586,0.637803,1000
9437,9437,0.638349,0.638476,0.638165,0.638321,1000
9438,9438,0.639100,0.639361,0.638881,0.639121,1000
9439,9439,0.639799,0.640073,0.639634,0.639853,1000
9440,9440,0.640868,0.641152,0.640552,0.640852,1000
9441,9441,0.641739,0.642033,0.641487,0.641760,1000
9442,9442,0.642115,0.642201,0.641998,0.642099,1000
9443,9443,0.641824,0.641920,0.641767,0.641843,1000
9444,9444,0.641068,0.641336,0.640902,0.641119,1000
9445,9445,0.641157,0.641137,0.641129,0.641133,1000
9446,9446,0.640527,0.640671,0.640276,0.640474,1000
9447,9447,0.639506,0.639823,0.639265,0.639544,1000
9448,9448,0.639220,0.639311,0.639111,0.639211,1000
9449,9449,0.638711,0.638853,0.638547,0.638700,1000
9450,9450,0.638586,0.638632,0.638574,0.638603,1000
9451,9451,0.638532,0.638538,0.638483,0.638511,1000
9452,9452,0.638668,0.638651,0.638586,0.638618,1000
9453,9453,0.639261,0.639391,0.639034,0.639213,1000
9454,9454,0.639822,0.640038,0.639657,0.639847,1000
9455,9455,0.640486,0.640671,0.640291,0.640481,1000
9456,9456,0.640804,0.640928,0.640721,0.640825,1000
9457,9457,0.641060,0.641113,0.640980,0.641047,1000
9458,9458,0.641418,0.641603,0.641346,0.641475,1000
9459,9459,0.641512,0.641520,0.641499,0.641510,1000
9460,9460,0.641226,0.641332,0.641180,0.641256,1000
9461,9461,0.641079,0.641099,0.640964,0.641031,1000
9462,9462,0.640937,0.640982,0.640939,0.640960,1000
9463,9463,0.640999,0.641063,0.641015,0.641039,1000
9464,9464,0.640713,0.640808,0.640610,0.640709,1000
9465,9465,0.640149,0.640253,0.639862,0.640057,1000
9466,9466,0.639632,0.639755,0.639496,0.639625,1000
9467,9467,0.639738,0.639814,0.639727,0.639771,1000
9468,9468,0.639976,0.640014,0.639902,0.639958,1000
9469,9469,0.640123,0.640163,0.640069,0.640116,1000
9470,9470,0.640730,0.640942,0.640561,0.640751,1000
9471,9471,0.641213,0.641327,0.641061,0.641194,1000
9472,9472,0.641804,0.641967,0.641610,0.641789,1000
9473,9473,0.641845,0.641877,0.641836,0.641856,1000
9474,9474,0.641550,0.641638,0.641450,0.641544,1000
9475,9475,0.641597,0.641599,0.641574,0.641586,1000
9476,9476,0.641420,0.641471,0.641372,0.641421,1000
9477,9477,0.641612,0.641723,0.641584,0.641653,1000
9478,9478,0.641718,0.641752,0.641706,0.641729,1000
9479,9479,0.642045,0.642202,0.641984,0.642093,1000
9480,9480,0.642092,0.642109,0.642102,0.642106,1000
9481,9481,0.642182,0.642242,0.642179,0.642210,1000
9482,9482,0.642168,0.642217,0.642214,0.642215,1000
9483,9483,0.643096,0.643349,0.642825,0.643087,1000
9484,9484,0.643476,0.643579,0.643352,0.643465,1000
9485,9485,0.643972,0.644061,0.643786,0.643923,1000
9486,9486,0.644430,0.644564,0.644268,0.644416,1000
9487,9487,0.644507,0.644534,0.644480,0.644507,1000
9488,9488,0.644671,0.644662,0.644590,0.644626,1000
9489,9489,0.645180,0.645406,0.645046,0.645226,1000
9490,9490,0.645687,0.645756,0.645512,0.645634,1000
9491,9491,0.646093,0.646205,0.645942,0.646073,1000
9492,9492,0.646520,0.646652,0.646385,0.646519,1000
9493,9493,0.646843,0.646981,0.646768,0.646874,1000
9494,9494,0.647479,0.647649,0.647291,0.647470,1000
9495,9495,0.648084,0.648232,0.647880,0.648056,1000
9496,9496,0.648598,0.648724,0.648415,0.648570,1000
9497,9497,0.649405,0.649657,0.649155,0.649406,1000
9498,9498,0.650442,0.650668,0.650085,0.650377,1000
9499,9499,0.651353,0.651688,0.651083,0.651385,1000
9500,9500,0.652846,0.653330,0.652432,0.652881,1000
9501,9501,0.654228,0.654659,0.653838,0.654248,1000
9502,9502,0.654733,0.654823,0.654558,0.654690,1000
9503,9503,0.655424,0.655664,0.655214,0.655439,1000
9504,9504,0.655824,0.655915,0.655695,0.655805,1000
9505,9505,0.656212,0.656280,0.656061,0.656171,1000
9506,9506,0.657092,0.657365,0.656814,0.657089,1000
9507,9507,0.657854,0.658097,0.657632,0.657864,1000
9508,9508,0.658099,0.658218,0.658055,0.658137,1000
9509,9509,0.658019,0.658100,0.658069,0.658085,1000
9510,9510,0.657655,0.657798,0.657553,0.657676,1000
9511,9511,0.657252,0.657393,0.657151,0.657272,1000
9512,9512,0.657129,0.657212,0.657160,0.657186,1000
9513,9513,0.656889,0.657008,0.656856,0.656932,1000
9514,9514,0.657001,0.656992,0.656964,0.656978,1000
9515,9515,0.656623,0.656739,0.656534,0.656637,1000
9516,9516,0.656868,0.656911,0.656784,0.656847,1000
9517,9517,0.657058,0.657139,0.657004,0.657072,1000
9518,9518,0.657200,0.657245,0.657165,0.657205,1000
9519,9519,0.656831,0.656938,0.656710,0.656824,1000
9520,9520,0.656441,0.656573,0.656357,0.656465,1000
9521,9521,0.655336,0.655715,0.655073,0.655394,1000
9522,9522,0.654372,0.654729,0.654159,0.654444,1000
9523,9523,0.653439,0.653729,0.653117,0.653423,1000
9524,9524,0.652086,0.652480,0.651674,0.652077,1000
9525,9525,0.650692,0.651123,0.650307,0.650715,1000
9526,9526,0.649313,0.649736,0.648898,0.649317,1000
9527,9527,0.648753,0.648896,0.648536,0.648716,1000
9528,9528,0.648297,0.648405,0.648139,0.648272,1000
9529,9529,0.647679,0.647862,0.647511,0.647686,1000
9530,9530,0.647247,0.647392,0.647141,0.647267,1000
9531,9531,0.646708,0.646891,0.646569,0.646730,1000
9532,9532,0.646035,0.646259,0.645856,0.646058,1000
9533,9533,0.645623,0.645751,0.645489,0.645620,1000
9534,9534,0.645364,0.645432,0.645271,0.645352,1000
9535,9535,0.645163,0.645225,0.645116,0.645171,1000
9536,9536,0.645144,0.645136,0.645106,0.645121,1000
9537,9537,0.645318,0.645418,0.645281,0.645350,1000
9538,9538,0.646169,0.646385,0.645907,0.646146,1000
9539,9539,0.647098,0.647530,0.646891,0.647211,1000
9540,9540,0.648524,0.648893,0.648116,0.648504,1000
9541,9541,0.649060,0.649307,0.648936,0.649121,1000
9542,9542,0.649995,0.650253,0.649730,0.649991,1000
9543,9543,0.650710,0.650941,0.650503,0.650722,1000
9544,9544,0.650995,0.651037,0.650891,0.650964,1000
9545,9545,0.650949,0.650965,0.650965,0.650965,1000
9546,9546,0.650614,0.650716,0.650502,0.650609,1000
9547,9547,0.650531,0.650493,0.650395,0.650444,1000
9548,9548,0.650242,0.650322,0.650217,0.650270,1000
9549,9549,0.650117,0.650182,0.650107,0.650145,1000
9550,9550,0.649869,0.649977,0.649834,0.649906,1000
9551,9551,0.649513,0.649645,0.649422,0.649534,1000
9552,9552,0.649470,0.649498,0.649468,0.649483,1000
9553,9553,0.649510,0.649557,0.649523,0.649540,1000
9554,9554,0.649583,0.649615,0.649580,0.649597,1000
9555,9555,0.649644,0.649573,0.649552,0.649563,1000
9556,9556,0.649750,0.649819,0.649701,0.649760,1000
9557,9557,0.649215,0.649401,0.649094,0.649247,1000
9558,9558,0.648814,0.648924,0.648647,0.648786,1000
9559,9559,0.648365,0.648492,0.648240,0.648366,1000
9560,9560,0.647454,0.647749,0.647221,0.647485,1000
9561,9561,0.646958,0.647119,0.646806,0.646962,1000
9562,9562,0.646636,0.646769,0.646603,0.646686,1000
9563,9563,0.646065,0.646272,0.645917,0.646094,1000
9564,9564,0.646006,0.646038,0.645990,0.646014,1000
9565,9565,0.645914,0.645944,0.645883,0.645913,1000
9566,9566,0.646538,0.646699,0.646336,0.646518,1000
9567,9567,0.647531,0.647848,0.647234,0.647541,1000
9568,9568,0.648748,0.649121,0.648391,0.648756,1000
9569,9569,0.649990,0.650347,0.649612,0.649980,1000
9570,9570,0.650668,0.650836,0.650440,0.650638,1000
9571,9571,0.651577,0.651851,0.651291,0.651571,1000
9572,9572,0.652420,0.652635,0.652144,0.652390,1000
9573,9573,0.653065,0.653302,0.652881,0.653091,1000
9574,9574,0.653854,0.654051,0.653608,0.653829,1000
9575,9575,0.654351,0.654527,0.654205,0.654366,1000
9576,9576,0.655105,0.655292,0.654864,0.655078,1000
9577,9577,0.655480,0.655612,0.655366,0.655489,1000
9578,9578,0.655451,0.655448,0.655413,0.655430,1000
9579,9579,0.655554,0.655632,0.655539,0.655585,1000
9580,9580,0.655714,0.655729,0.655663,0.655696,1000
9581,9581,0.655487,0.655547,0.655419,0.655483,1000
9582,9582,0.654709,0.654980,0.654550,0.654765,1000
9583,9583,0.654014,0.654229,0.653769,0.653999,1000
9584,9584,0.653608,0.653722,0.653484,0.653603,1000
9585,9585,0.653365,0.653400,0.653227,0.653313,1000
9586,9586,0.653134,0.653233,0.653164,0.653199,1000
9587,9587,0.653287,0.653257,0.653230,0.653244,1000
9588,9588,0.653321,0.653261,0.653253,0.653257,1000
9589,9589,0.653263,0.653282,0.653270,0.653276,1000
9590,9590,0.653481,0.653603,0.653452,0.653528,1000
9591,9591,0.653900,0.653975,0.653768,0.653872,1000
9592,9592,0.654036,0.654003,0.653942,0.653972,1000
9593,9593,0.654252,0.654365,0.654184,0.654275,1000
9594,9594,0.654367,0.654417,0.654352,0.654384,1000
9595,9595,0.654795,0.654995,0.654713,0.654854,1000
9596,9596,0.655097,0.655208,0.655045,0.655127,1000
9597,9597,0.655208,0.655153,0.655141,0.655147,1000
9598,9598,0.655161,0.655182,0.655166,0.655174,1000
9599,9599,0.655463,0.655514,0.655357,0.655435,1000
9600,9600,0.655738,0.655847,0.655657,0.655752,1000
9601,9601,0.655730,0.655752,0.655752,0.655752,1000
9602,9602,0.655627,0.655664,0.655590,0.655627,1000
9603,9603,0.655923,0.656003,0.655829,0.655916,1000
9604,9604,0.656060,0.656182,0.656059,0.656121,1000
9605,9605,0.656463,0.656574,0.656364,0.656469,1000
9606,9606,0.656744,0.656814,0.656655,0.656735,1000
9607,9607,0.656649,0.656654,0.656586,0.656620,1000
9608,9608,0.656607,0.656645,0.656634,0.656640,1000
9609,9609,0.656709,0.656709,0.656677,0.656693,1000
9610,9610,0.657273,0.657463,0.657108,0.657285,1000
9611,9611,0.657607,0.657732,0.657526,0.657629,1000
9612,9612,0.658253,0.658478,0.658086,0.658282,1000
9613,9613,0.658620,0.658765,0.658542,0.658653,1000
9614,9614,0.658793,0.658794,0.658729,0.658762,1000
9615,9615,0.658888,0.659000,0.658890,0.658945,1000
9616,9616,0.658722,0.658810,0.658695,0.658752,1000
9617,9617,0.658490,0.658544,0.658365,0.658455,1000
9618,9618,0.658428,0.658436,0.658421,0.658429,1000
9619,9619,0.658616,0.658757,0.658605,0.658681,1000
9620,9620,0.659115,0.659247,0.658986,0.659116,1000
9621,9621,0.659233,0.659276,0.659202,0.659239,1000
9622,9622,0.659056,0.659145,0.659065,0.659105,1000
9623,9623,0.658958,0.659014,0.658935,0.658975,1000
9624,9624,0.658556,0.658678,0.658424,0.658551,1000
9625,9625,0.657875,0.658057,0.657634,0.657845,1000
9626,9626,0.657014,0.657254,0.656748,0.657001,1000
9627,9627,0.656507,0.656614,0.656282,0.656448,1000
9628,9628,0.655671,0.655903,0.655436,0.655669,1000
9629,9629,0.655364,0.655489,0.655335,0.655412,1000
9630,9630,0.654631,0.654821,0.654314,0.654568,1000
9631,9631,0.654104,0.654281,0.654035,0.654158,1000
9632,9632,0.653833,0.653972,0.653813,0.653893,1000
9633,9633,0.653649,0.653746,0.653620,0.653683,1000
9634,9634,0.653203,0.653380,0.653121,0.653250,1000
9635,9635,0.653227,0.653182,0.653124,0.653153,1000
9636,9636,0.653375,0.653468,0.653323,0.653396,1000
9637,9637,0.653851,0.653939,0.653688,0.653813,1000
9638,9638,0.654495,0.654718,0.654300,0.654509,1000
9639,9639,0.654617,0.654619,0.654568,0.654594,1000
9640,9640,0.654910,0.654981,0.654802,0.654892,1000
9641,9641,0.655254,0.655351,0.655139,0.655245,1000
9642,9642,0.655395,0.655423,0.655341,0.655382,1000
9643,9643,0.655334,0.655313,0.655254,0.655284,1000
9644,9644,0.655144,0.655214,0.655154,0.655184,1000
9645,9645,0.655043,0.655080,0.654991,0.655036,1000
9646,9646,0.654434,0.654603,0.654233,0.654418,1000
9647,9647,0.654004,0.654122,0.653868,0.653995,1000
9648,9648,0.653442,0.653602,0.653264,0.653433,1000
9649,9649,0.652582,0.652842,0.652335,0.652588,1000
9650,9650,0.652056,0.652202,0.651871,0.652036,1000
9651,9651,0.651274,0.651540,0.651116,0.651328,1000
9652,9652,0.650714,0.650901,0.650536,0.650718,1000
9653,9653,0.650159,0.650302,0.649945,0.650124,1000
9654,9654,0.649858,0.649899,0.649706,0.649802,1000
9655,9655,0.649397,0.649449,0.649146,0.649298,1000
9656,9656,0.649211,0.649239,0.649189,0.649214,1000
9657,9657,0.649601,0.649727,0.649491,0.649609,1000
9658,9658,0.650244,0.650508,0.650093,0.650301,1000
9659,9659,0.650841,0.651019,0.650687,0.650853,1000
9660,9660,0.651495,0.651669,0.651292,0.651481,1000
9661,9661,0.652075,0.652297,0.651920,0.652109,1000
9662,9662,0.652679,0.652803,0.652482,0.652643,1000
9663,9663,0.653021,0.653157,0.652920,0.653039,1000
9664,9664,0.653626,0.653771,0.653433,0.653602,1000
9665,9665,0.653998,0.654140,0.653892,0.654016,1000
9666,9666,0.654868,0.655187,0.654646,0.654916,1000
9667,9667,0.655612,0.655764,0.655372,0.655568,1000
9668,9668,0.657005,0.657476,0.656595,0.657036,1000
9669,9669,0.658287,0.658638,0.657898,0.658268,1000
9670,9670,0.659216,0.659433,0.658895,0.659164,1000
9671,9671,0.660215,0.660581,0.659927,0.660254,1000
9672,9672,0.660833,0.661026,0.660670,0.660848,1000
9673,9673,0.661106,0.661230,0.661054,0.661142,1000
9674,9674,0.661268,0.661380,0.661270,0.661325,1000
9675,9675,0.661597,0.661686,0.661519,0.661602,1000
9676,9676,0.661496,0.661487,0.661389,0.661438,1000
9677,9677,0.661298,0.661339,0.661254,0.661296,1000
9678,9678,0.661214,0.661269,0.661246,0.661257,1000
9679,9679,0.661327,0.661329,0.661296,0.661312,1000
9680,9680,0.661808,0.661929,0.661644,0.661787,1000
9681,9681,0.661664,0.661701,0.661627,0.661664,1000
9682,9682,0.661802,0.661838,0.661758,0.661798,1000
9683,9683,0.662098,0.662219,0.662025,0.662122,1000
9684,9684,0.662020,0.662051,0.661991,0.662021,1000
9685,9685,0.662249,0.662283,0.662162,0.662222,1000
9686,9686,0.662750,0.662898,0.662586,0.662742,1000
9687,9687,0.662871,0.662919,0.662837,0.662878,1000
9688,9688,0.663186,0.663237,0.663071,0.663154,1000
9689,9689,0.662874,0.662949,0.662774,0.662862,1000
9690,9690,0.662925,0.662959,0.662914,0.662936,1000
9691,9691,0.662925,0.662932,0.662929,0.662931,1000
9692,9692,0.663145,0.663233,0.663094,0.663163,1000
9693,9693,0.663420,0.663520,0.663355,0.663438,1000
9694,9694,0.663062,0.663177,0.662953,0.663065,1000
9695,9695,0.662766,0.662852,0.662669,0.662760,1000
9696,9696,0.662330,0.662466,0.662214,0.662340,1000
9697,9697,0.662119,0.662174,0.662031,0.662102,1000
9698,9698,0.662493,0.662628,0.662385,0.662506,1000
9699,9699,0.662368,0.662426,0.662357,0.662392,1000
9700,9700,0.662405,0.662379,0.662368,0.662374,1000
9701,9701,0.662055,0.662140,0.661939,0.662040,1000
9702,9702,0.661920,0.662006,0.661977,0.661991,1000
9703,9703,0.661797,0.661898,0.661818,0.661858,1000
9704,9704,0.661591,0.661703,0.661570,0.661637,1000
9705,9705,0.661765,0.661814,0.661732,0.661773,1000
9706,9706,0.661998,0.662049,0.661922,0.661986,1000
9707,9707,0.662356,0.662528,0.662277,0.662403,1000
9708,9708,0.662907,0.663013,0.662731,0.662872,1000
9709,9709,0.663463,0.663716,0.663327,0.663521,1000
9710,9710,0.663677,0.663756,0.663648,0.663702,1000
9711,9711,0.664080,0.664152,0.663944,0.664048,1000
9712,9712,0.664589,0.664777,0.664441,0.664609,1000
9713,9713,0.664577,0.664599,0.664590,0.664595,1000
9714,9714,0.664529,0.664572,0.664552,0.664562,1000
9715,9715,0.664330,0.664422,0.664302,0.664362,1000
9716,9716,0.664340,0.664344,0.664330,0.664337,1000
9717,9717,0.664040,0.664095,0.663888,0.663991,1000
9718,9718,0.663785,0.663864,0.663754,0.663809,1000
9719,9719,0.663867,0.663887,0.663851,0.663869,1000
9720,9720,0.664305,0.664474,0.664195,0.664334,1000
9721,9721,0.664989,0.665142,0.664769,0.664955,1000
9722,9722,0.665909,0.666184,0.665616,0.665900,1000
9723,9723,0.667056,0.667458,0.666738,0.667098,1000
9724,9724,0.668141,0.668460,0.667831,0.668146,1000
9725,9725,0.669354,0.669725,0.668996,0.669360,1000
9726,9726,0.670402,0.670728,0.670096,0.670412,1000
9727,9727,0.671036,0.671279,0.670878,0.671079,1000
9728,9728,0.672389,0.672764,0.671986,0.672375,1000
9729,9729,0.673271,0.673534,0.672999,0.673266,1000
9730,9730,0.674075,0.674337,0.673842,0.674090,1000
9731,9731,0.675393,0.675780,0.674999,0.675390,1000
9732,9732,0.676835,0.677280,0.676407,0.676843,1000
9733,9733,0.678364,0.678780,0.677885,0.678332,1000
9734,9734,0.680079,0.680531,0.679515,0.680023,1000
9735,9735,0.681276,0.681719,0.680936,0.681327,1000
9736,9736,0.682785,0.683218,0.682345,0.682782,1000
9737,9737,0.684141,0.684542,0.683729,0.684136,1000
9738,9738,0.685245,0.685600,0.684924,0.685262,1000
9739,9739,0.685942,0.686144,0.685737,0.685940,1000
9740,9740,0.686137,0.686201,0.686080,0.686141,1000
9741,9741,0.686047,0.686080,0.686027,0.686054,1000
9742,9742,0.686022,0.686020,0.685992,0.686006,1000
9743,9743,0.686417,0.686470,0.686256,0.686363,1000
9744,9744,0.686729,0.686851,0.686626,0.686738,1000
9745,9745,0.687391,0.687601,0.687203,0.687402,1000
9746,9746,0.688049,0.688205,0.687834,0.688019,1000
9747,9747,0.688519,0.688630,0.688348,0.688489,1000
9748,9748,0.688620,0.688747,0.688628,0.688688,1000
9749,9749,0.689063,0.689189,0.688957,0.689073,1000
9750,9750,0.689797,0.690078,0.689614,0.689846,1000
9751,9751,0.690154,0.690294,0.690087,0.690190,1000
9752,9752,0.690754,0.690887,0.690566,0.690727,1000
9753,9753,0.691540,0.691799,0.691304,0.691552,1000
9754,9754,0.692076,0.692228,0.691916,0.692072,1000
9755,9755,0.692144,0.692176,0.692128,0.692152,1000
9756,9756,0.692380,0.692506,0.692343,0.692425,1000
9757,9757,0.692752,0.692835,0.692645,0.692740,1000
9758,9758,0.692573,0.692658,0.692587,0.692622,1000
9759,9759,0.691856,0.692053,0.691566,0.691810,1000
9760,9760,0.690953,0.691174,0.690631,0.690903,1000
9761,9761,0.690422,0.690527,0.690206,0.690366,1000
9762,9762,0.689928,0.690012,0.689709,0.689861,1000
9763,9763,0.688955,0.689229,0.688689,0.688959,1000
9764,9764,0.688253,0.688496,0.688100,0.688298,1000
9765,9765,0.687522,0.687721,0.687226,0.687474,1000
9766,9766,0.686925,0.687077,0.686738,0.686908,1000
9767,9767,0.686417,0.686583,0.686304,0.686443,1000
9768,9768,0.685584,0.685864,0.685367,0.685615,1000
9769,9769,0.685037,0.685228,0.684896,0.685062,1000
9770,9770,0.684979,0.685001,0.684949,0.684975,1000
9771,9771,0.684750,0.684825,0.684696,0.684760,1000
9772,9772,0.684870,0.684833,0.684800,0.684816,1000
9773,9773,0.684807,0.684825,0.684821,0.684823,1000
9774,9774,0.684061,0.684309,0.683869,0.684089,1000
9775,9775,0.683021,0.683373,0.682759,0.683066,1000
9776,9776,0.681806,0.682199,0.681456,0.681827,1000
9777,9777,0.680959,0.681196,0.680655,0.680926,1000
9778,9778,0.680235,0.680435,0.680016,0.680226,1000
9779,9779,0.679787,0.679891,0.679604,0.679747,1000
9780,9780,0.679018,0.679234,0.678794,0.679014,1000
9781,9781,0.678236,0.678489,0.678040,0.678265,1000
9782,9782,0.677641,0.677826,0.677451,0.677638,1000
9783,9783,0.677351,0.677485,0.677354,0.677420,1000
9784,9784,0.677432,0.677453,0.677438,0.677445,1000
9785,9785,0.677344,0.677346,0.677260,0.677303,1000
9786,9786,0.676495,0.676719,0.676219,0.676469,1000
9787,9787,0.676211,0.676289,0.676134,0.676212,1000
9788,9788,0.675672,0.675830,0.675503,0.675666,1000
9789,9789,0.674680,0.674960,0.674354,0.674657,1000
9790,9790,0.673828,0.674064,0.673556,0.673810,1000
9791,9791,0.673353,0.673479,0.673196,0.673338,1000
9792,9792,0.672591,0.672784,0.672309,0.672547,1000
9793,9793,0.672102,0.672261,0.672016,0.672138,1000
9794,9794,0.671396,0.671616,0.671168,0.671392,1000
9795,9795,0.670615,0.670845,0.670377,0.670611,1000
9796,9796,0.669998,0.670181,0.669812,0.669996,1000
9797,9797,0.669865,0.669905,0.669827,0.669866,1000
9798,9798,0.669832,0.669856,0.669847,0.669851,1000
9799,9799,0.669540,0.669646,0.669469,0.669558,1000
9800,9800,0.669195,0.669323,0.669122,0.669222,1000
9801,9801,0.669407,0.669487,0.669365,0.669426,1000
9802,9802,0.669429,0.669395,0.669368,0.669381,1000
9803,9803,0.669389,0.669379,0.669377,0.669378,1000
9804,9804,0.669604,0.669654,0.669527,0.669591,1000
9805,9805,0.669235,0.669337,0.669120,0.669228,1000
9806,9806,0.668764,0.668926,0.668667,0.668797,1000
9807,9807,0.668248,0.668427,0.668110,0.668268,1000
9808,9808,0.667918,0.667965,0.667705,0.667835,1000
9809,9809,0.667340,0.667478,0.667173,0.667326,1000
9810,9810,0.666446,0.666722,0.666205,0.666463,1000
9811,9811,0.665335,0.665677,0.665004,0.665340,1000
9812,9812,0.663695,0.664178,0.663184,0.663681,1000
9813,9813,0.662303,0.662767,0.661985,0.662376,1000
9814,9814,0.661315,0.661641,0.661012,0.661327,1000
9815,9815,0.659890,0.660326,0.659470,0.659898,1000
9816,9816,0.658688,0.659015,0.658259,0.658637,1000
9817,9817,0.657427,0.657794,0.657072,0.657433,1000
9818,9818,0.656616,0.656835,0.656324,0.656580,1000
9819,9819,0.655490,0.655829,0.655187,0.655508,1000
9820,9820,0.654516,0.654830,0.654250,0.654540,1000
9821,9821,0.654298,0.654381,0.654245,0.654313,1000
9822,9822,0.654449,0.654489,0.654408,0.654449,1000
9823,9823,0.654506,0.654460,0.654455,0.654457,1000
9824,9824,0.654037,0.654137,0.653863,0.654000,1000
9825,9825,0.654512,0.654661,0.654356,0.654508,1000
9826,9826,0.654564,0.654584,0.654549,0.654567,1000
9827,9827,0.654794,0.654866,0.654728,0.654797,1000
9828,9828,0.654395,0.654520,0.654283,0.654402,1000
9829,9829,0.653330,0.653649,0.653005,0.653327,1000
9830,9830,0.652722,0.652885,0.652507,0.652696,1000
9831,9831,0.652160,0.652362,0.652075,0.652218,1000
9832,9832,0.651962,0.652050,0.651907,0.651978,1000
9833,9833,0.652184,0.652227,0.652112,0.652170,1000
9834,9834,0.652246,0.652262,0.652220,0.652241,1000
9835,9835,0.652672,0.652804,0.652544,0.652674,1000
9836,9836,0.653135,0.653272,0.652996,0.653134,1000
9837,9837,0.653397,0.653421,0.653288,0.653354,1000
9838,9838,0.653523,0.653566,0.653468,0.653517,1000
9839,9839,0.653145,0.653232,0.652989,0.653110,1000
9840,9840,0.652681,0.652880,0.652683,0.652782,1000
9841,9841,0.652248,0.652406,0.652084,0.652245,1000
9842,9842,0.651329,0.651603,0.651054,0.651328,1000
9843,9843,0.650849,0.650943,0.650613,0.650778,1000
9844,9844,0.650400,0.650501,0.650265,0.650383,1000
9845,9845,0.650046,0.650150,0.649950,0.650050,1000
9846,9846,0.649761,0.649860,0.649697,0.649778,1000
9847,9847,0.649474,0.649560,0.649372,0.649466,1000
9848,9848,0.648811,0.649009,0.648617,0.648813,1000
9849,9849,0.648015,0.648273,0.647810,0.648042,1000
9850,9850,0.647660,0.647792,0.647578,0.647685,1000
9851,9851,0.647598,0.647620,0.647565,0.647592,1000
9852,9852,0.647701,0.647684,0.647642,0.647663,1000
9853,9853,0.647527,0.647524,0.647404,0.647464,1000
9854,9854,0.647235,0.647281,0.647124,0.647202,1000
9855,9855,0.646966,0.646990,0.646809,0.646900,1000
9856,9856,0.646766,0.646801,0.646717,0.646759,1000
9857,9857,0.646662,0.646678,0.646608,0.646643,1000
9858,9858,0.646369,0.646459,0.646302,0.646381,1000
9859,9859,0.645948,0.646058,0.645782,0.645920,1000
9860,9860,0.645662,0.645724,0.645556,0.645640,1000
9861,9861,0.645630,0.645620,0.645602,0.645611,1000
9862,9862,0.645343,0.645442,0.645298,0.645370,1000
9863,9863,0.644699,0.644897,0.644491,0.644694,1000
9864,9864,0.644370,0.644489,0.644314,0.644401,1000
9865,9865,0.643866,0.644005,0.643665,0.643835,1000
9866,9866,0.643610,0.643657,0.643504,0.643580,1000
9867,9867,0.643149,0.643295,0.643052,0.643174,1000
9868,9868,0.643012,0.643077,0.642994,0.643035,1000
9869,9869,0.643054,0.643038,0.643037,0.643037,1000
9870,9870,0.642758,0.642834,0.642659,0.642746,1000
9871,9871,0.642711,0.642719,0.642695,0.642707,1000
9872,9872,0.642894,0.642884,0.642802,0.642843,1000
9873,9873,0.642764,0.642768,0.642704,0.642736,1000
9874,9874,0.642705,0.642718,0.642703,0.642711,1000
9875,9875,0.642635,0.642631,0.642562,0.642596,1000
9876,9876,0.642034,0.642186,0.641835,0.642011,1000
9877,9877,0.641295,0.641510,0.641081,0.641295,1000
9878,9878,0.640609,0.640815,0.640404,0.640610,1000
9879,9879,0.640011,0.640162,0.639779,0.639971,1000
9880,9880,0.639289,0.639491,0.639080,0.639285,1000
9881,9881,0.638877,0.639011,0.638775,0.638893,1000
9882,9882,0.638348,0.638511,0.638184,0.638347,1000
9883,9883,0.637752,0.637952,0.637613,0.637782,1000
9884,9884,0.637625,0.637698,0.637626,0.637662,1000
9885,9885,0.637582,0.637634,0.637610,0.637622,1000
9886,9886,0.637380,0.637466,0.637333,0.637400,1000
9887,9887,0.636954,0.637102,0.636846,0.636974,1000
9888,9888,0.636587,0.636695,0.636457,0.636576,1000
9889,9889,0.636074,0.636202,0.635882,0.636042,1000
9890,9890,0.635453,0.635674,0.635358,0.635516,1000
9891,9891,0.635187,0.635330,0.635170,0.635250,1000
9892,9892,0.634834,0.634935,0.634665,0.634800,1000
9893,9893,0.633920,0.634205,0.633696,0.633950,1000
9894,9894,0.633354,0.633548,0.633203,0.633375,1000
9895,9895,0.633087,0.633146,0.632949,0.633048,1000
9896,9896,0.632457,0.632627,0.632267,0.632447,1000
9897,9897,0.631895,0.632033,0.631679,0.631856,1000
9898,9898,0.631589,0.631651,0.631476,0.631563,1000
9899,9899,0.631634,0.631576,0.631570,0.631573,1000
9900,9900,0.631580,0.631599,0.631587,0.631593,1000
9901,9901,0.631600,0.631571,0.631552,0.631562,1000
9902,9902,0.631497,0.631474,0.631399,0.631437,1000
9903,9903,0.631438,0.631430,0.631425,0.631427,1000
9904,9904,0.631821,0.631935,0.631701,0.631818,1000
9905,9905,0.632388,0.632554,0.632214,0.632384,1000
9906,9906,0.632905,0.632987,0.632709,0.632848,1000
9907,9907,0.633728,0.634030,0.633484,0.633757,1000
9908,9908,0.634586,0.634833,0.634336,0.634585,1000
9909,9909,0.635466,0.635715,0.635193,0.635454,1000
9910,9910,0.636386,0.636690,0.636119,0.636405,1000
9911,9911,0.636859,0.636969,0.636709,0.636839,1000
9912,9912,0.637437,0.637632,0.637266,0.637449,1000
9913,9913,0.638006,0.638065,0.637781,0.637923,1000
9914,9914,0.638491,0.638653,0.638316,0.638484,1000
9915,9915,0.639043,0.639145,0.638840,0.638993,1000
9916,9916,0.639186,0.639206,0.639108,0.639157,1000
9917,9917,0.639390,0.639459,0.639320,0.639389,1000
9918,9918,0.639710,0.639727,0.639571,0.639649,1000
9919,9919,0.640158,0.640252,0.639974,0.640113,1000
9920,9920,0.640394,0.640495,0.640319,0.640407,1000
9921,9921,0.640735,0.640837,0.640638,0.640738,1000
9922,9922,0.641616,0.641877,0.641351,0.641614,1000
9923,9923,0.641958,0.642057,0.641852,0.641955,1000
9924,9924,0.641971,0.641952,0.641950,0.641951,1000
9925,9925,0.641969,0.641942,0.641934,0.641938,1000
9926,9926,0.642055,0.642091,0.642020,0.642056,1000
9927,9927,0.642071,0.642062,0.642059,0.642060,1000
9928,9928,0.642139,0.642117,0.642091,0.642104,1000
9929,9929,0.642222,0.642216,0.642165,0.642190,1000
9930,9930,0.641781,0.641926,0.641700,0.641813,1000
9931,9931,0.641762,0.641781,0.641753,0.641767,1000
9932,9932,0.642456,0.642605,0.642218,0.642412,1000
9933,9933,0.642998,0.643109,0.642787,0.642948,1000
9934,9934,0.643226,0.643352,0.643165,0.643259,1000
9935,9935,0.643223,0.643268,0.643263,0.643265,1000
9936,9936,0.643418,0.643422,0.643350,0.643386,1000
9937,9937,0.643165,0.643211,0.643061,0.643136,1000
9938,9938,0.643242,0.643275,0.643211,0.643243,1000
9939,9939,0.644057,0.644293,0.643808,0.644051,1000
9940,9940,0.644596,0.644774,0.644440,0.644607,1000
9941,9941,0.644923,0.644946,0.644790,0.644868,1000
9942,9942,0.644976,0.644963,0.644919,0.644941,1000
9943,9943,0.645493,0.645629,0.645311,0.645470,1000
9944,9944,0.645599,0.645660,0.645572,0.645616,1000
9945,9945,0.645806,0.645843,0.645738,0.645791,1000
9946,9946,0.646109,0.646143,0.645980,0.646061,1000
9947,9947,0.645889,0.645926,0.645810,0.645868,1000
9948,9948,0.645569,0.645658,0.645478,0.645568,1000
9949,9949,0.644680,0.644942,0.644406,0.644674,1000
9950,9950,0.643939,0.644129,0.643662,0.643895,1000
9951,9951,0.643490,0.643581,0.643311,0.643446,1000
9952,9952,0.643164,0.643278,0.643135,0.643206,1000
9953,9953,0.643213,0.643194,0.643183,0.643188,1000
9954,9954,0.643566,0.643736,0.643483,0.643610,1000
9955,9955,0.643846,0.643919,0.643776,0.643847,1000
9956,9956,0.643766,0.643779,0.643721,0.643750,1000
9957,9957,0.643812,0.643826,0.643791,0.643809,1000
9958,9958,0.643611,0.643688,0.643584,0.643636,1000
9959,9959,0.643644,0.643628,0.643621,0.643625,1000
9960,9960,0.643715,0.643752,0.643693,0.643723,1000
9961,9961,0.643924,0.643989,0.643866,0.643927,1000
9962,9962,0.644112,0.644183,0.644065,0.644124,1000
9963,9963,0.644462,0.644598,0.644379,0.644489,1000
9964,9964,0.644520,0.644590,0.644543,0.644567,1000
9965,9965,0.644512,0.644537,0.644512,0.644525,1000
9966,9966,0.644972,0.645131,0.644851,0.644991,1000
9967,9967,0.645104,0.645172,0.645089,0.645130,1000
9968,9968,0.645661,0.645883,0.645535,0.645709,1000
9969,9969,0.646701,0.646998,0.646403,0.646700,1000
9970,9970,0.647623,0.647904,0.647348,0.647626,1000
9971,9971,0.648264,0.648400,0.648043,0.648222,1000
9972,9972,0.649050,0.649350,0.648829,0.649090,1000
9973,9973,0.650327,0.650651,0.649930,0.650290,1000
9974,9974,0.651844,0.652371,0.651410,0.651891,1000
9975,9975,0.653835,0.654486,0.653287,0.653887,1000
9976,9976,0.655718,0.656302,0.655186,0.655744,1000
9977,9977,0.657378,0.657828,0.656865,0.657347,1000
9978,9978,0.658636,0.659075,0.658277,0.658676,1000
9979,9979,0.659794,0.660114,0.659450,0.659782,1000
9980,9980,0.660967,0.661351,0.660626,0.660989,1000
9981,9981,0.661790,0.662051,0.661560,0.661806,1000
9982,9982,0.662400,0.662466,0.662161,0.662314,1000
9983,9983,0.662386,0.662450,0.662387,0.662418,1000
9984,9984,0.662617,0.662678,0.662558,0.662618,1000
9985,9985,0.662642,0.662714,0.662670,0.662692,1000
9986,9986,0.663008,0.663142,0.662934,0.663038,1000
9987,9987,0.663606,0.663756,0.663425,0.663590,1000
9988,9988,0.664090,0.664321,0.663984,0.664153,1000
9989,9989,0.664104,0.664141,0.664132,0.664136,1000
9990,9990,0.664274,0.664324,0.664237,0.664281,1000
9991,9991,0.664351,0.664388,0.664339,0.664363,1000
9992,9992,0.664576,0.664599,0.664490,0.664545,1000
9993,9993,0.664511,0.664566,0.664556,0.664561,1000
9994,9994,0.664556,0.664569,0.664565,0.664567,1000
9995,9995,0.664806,0.664877,0.664734,0.664805,1000
9996,9996,0.664592,0.664638,0.664494,0.664566,1000
9997,9997,0.664479,0.664488,0.664422,0.664455,1000
9998,9998,0.664024,0.664134,0.663859,0.663997,1000
9999,9999,0.663802,0.663881,0.663783,0.663832,1000
10000,10000,0.664215,0.664291,0.664079,0.664185,1000
10001,10001,0.664517,0.664686,0.664455,0.664571,1000
10002,10002,0.665184,0.665457,0.665048,0.665253,1000
10003,10003,0.665418,0.665423,0.665344,0.665384,1000
10004,10004,0.665248,0.665327,0.665278,0.665302,1000
10005,10005,0.665376,0.665473,0.665394,0.665434,1000
10006,10006,0.665957,0.666111,0.665798,0.665955,1000
10007,10007,0.666167,0.666231,0.666103,0.666167,1000
10008,10008,0.666033,0.666106,0.666054,0.666080,1000
10009,10009,0.666393,0.666518,0.666316,0.666417,1000
10010,10010,0.666465,0.666473,0.666447,0.666460,1000
10011,10011,0.666145,0.666217,0.666010,0.666114,1000
10012,10012,0.666120,0.666113,0.666112,0.666112,1000
10013,10013,0.666010,0.666029,0.665959,0.665994,1000
10014,10014,0.665500,0.665640,0.665336,0.665488,1000
10015,10015,0.665059,0.665191,0.664936,0.665064,1000
10016,10016,0.665040,0.665042,0.665024,0.665033,1000
10017,10017,0.665100,0.665197,0.665121,0.665159,1000
10018,10018,0.664980,0.665034,0.664927,0.664980,1000
10019,10019,0.664009,0.664304,0.663725,0.664015,1000
10020,10020,0.663585,0.663715,0.663459,0.663587,1000
10021,10021,0.663280,0.663353,0.663152,0.663253,1000
10022,10022,0.662654,0.662905,0.662608,0.662757,1000
10023,10023,0.662937,0.662993,0.662884,0.662938,1000
10024,10024,0.663547,0.663749,0.663375,0.663562,1000
10025,10025,0.663542,0.663506,0.663458,0.663482,1000
10026,10026,0.663441,0.663403,0.663336,0.663370,1000
10027,10027,0.663499,0.663491,0.663435,0.663463,1000
10028,10028,0.663440,0.663439,0.663418,0.663428,1000
10029,10029,0.663712,0.663804,0.663631,0.663718,1000
10030,10030,0.663622,0.663633,0.663561,0.663597,1000
10031,10031,0.663697,0.663778,0.663694,0.663736,1000
10032,10032,0.663766,0.663812,0.663777,0.663794,1000
10033,10033,0.664493,0.664729,0.664298,0.664514,1000
10034,10034,0.664859,0.664942,0.664744,0.664843,1000
10035,10035,0.664853,0.664784,0.664733,0.664758,1000
10036,10036,0.664691,0.664741,0.664725,0.664733,1000
10037,10037,0.664087,0.664317,0.663960,0.664138,1000
10038,10038,0.663556,0.663728,0.663376,0.663552,1000
10039,10039,0.662936,0.663113,0.662736,0.662924,1000
10040,10040,0.662415,0.662533,0.662198,0.662366,1000
10041,10041,0.662156,0.662251,0.662153,0.662202,1000
10042,10042,0.661968,0.662042,0.661905,0.661974,1000
10043,10043,0.661886,0.661884,0.661808,0.661846,1000
10044,10044,0.662068,0.662138,0.662003,0.662070,1000
10045,10045,0.662123,0.662110,0.662092,0.662101,1000
10046,10046,0.662412,0.662518,0.662325,0.662422,1000
10047,10047,0.662449,0.662417,0.662412,0.662414,1000
10048,10048,0.662544,0.662556,0.662490,0.662523,1000
10049,10049,0.662485,0.662505,0.662490,0.662497,1000
10050,10050,0.662311,0.662361,0.662245,0.662303,1000
10051,10051,0.662308,0.662349,0.662328,0.662339,1000
10052,10052,0.662834,0.662978,0.662683,0.662831,1000
10053,10053,0.662878,0.662928,0.662883,0.662906,1000
10054,10054,0.662560,0.662664,0.662457,0.662561,1000
10055,10055,0.662327,0.662381,0.662227,0.662304,1000
10056,10056,0.661986,0.662057,0.661845,0.661951,1000
10057,10057,0.661251,0.661491,0.661096,0.661293,1000
10058,10058,0.660832,0.660912,0.660585,0.660749,1000
10059,10059,0.659891,0.660187,0.659705,0.659946,1000
10060,10060,0.659331,0.659491,0.659102,0.659297,1000
10061,10061,0.658414,0.658711,0.658209,0.658460,1000
10062,10062,0.657563,0.657841,0.657311,0.657576,1000
10063,10063,0.656963,0.657143,0.656773,0.656958,1000
10064,10064,0.656640,0.656703,0.656485,0.656594,1000
10065,10065,0.656460,0.656525,0.656466,0.656496,1000
10066,10066,0.656715,0.656811,0.656666,0.656738,1000
10067,10067,0.656866,0.656904,0.656828,0.656866,1000
10068,10068,0.657023,0.657033,0.656956,0.656994,1000
10069,10069,0.656443,0.656618,0.656296,0.656457,1000
10070,10070,0.656157,0.656269,0.656107,0.656188,1000
10071,10071,0.655777,0.655855,0.655570,0.655713,1000
10072,10072,0.655291,0.655449,0.655223,0.655336,1000
10073,10073,0.654997,0.655124,0.654942,0.655033,1000
10074,10074,0.654675,0.654764,0.654534,0.654649,1000
10075,10075,0.654603,0.654647,0.654644,0.654645,1000
10076,10076,0.654966,0.655083,0.654881,0.654982,1000
10077,10077,0.655618,0.655808,0.655427,0.655618,1000
10078,10078,0.656808,0.657150,0.656442,0.656796,1000
10079,10079,0.656835,0.656859,0.656830,0.656845,1000
10080,10080,0.656591,0.656625,0.656436,0.656530,1000
10081,10081,0.656092,0.656230,0.655973,0.656102,1000
10082,10082,0.655580,0.655742,0.655434,0.655588,1000
10083,10083,0.655209,0.655328,0.655105,0.655216,1000
10084,10084,0.655628,0.655782,0.655520,0.655651,1000
10085,10085,0.655948,0.656028,0.655854,0.655941,1000
10086,10086,0.655926,0.655905,0.655874,0.655889,1000
10087,10087,0.655742,0.655800,0.655723,0.655761,1000
10088,10088,0.655798,0.655803,0.655783,0.655793,1000
10089,10089,0.656426,0.656540,0.656195,0.656367,1000
10090,10090,0.657440,0.657727,0.657099,0.657413,1000
10091,10091,0.658954,0.659317,0.658437,0.658877,1000
10092,10092,0.659811,0.660046,0.659506,0.659776,1000
10093,10093,0.661013,0.661336,0.660615,0.660976,1000
10094,10094,0.661810,0.662089,0.661575,0.661832,1000
10095,10095,0.662550,0.662873,0.662392,0.662633,1000
10096,10096,0.663562,0.663856,0.663291,0.663573,1000
10097,10097,0.664895,0.665270,0.664486,0.664878,1000
10098,10098,0.666182,0.666624,0.665818,0.666221,1000
10099,10099,0.667612,0.668068,0.667215,0.667642,1000
10100,10100,0.668500,0.668799,0.668265,0.668532,1000
10101,10101,0.669717,0.670041,0.669344,0.669692,1000
10102,10102,0.670805,0.671094,0.670447,0.670771,1000
10103,10103,0.671995,0.672318,0.671603,0.671961,1000
10104,10104,0.672832,0.673100,0.672574,0.672837,1000
10105,10105,0.673435,0.673600,0.673248,0.673424,1000
10106,10106,0.674233,0.674480,0.673992,0.674236,1000
10107,10107,0.674866,0.675083,0.674692,0.674887,1000
10108,10108,0.675811,0.676079,0.675528,0.675804,1000
10109,10109,0.676657,0.676973,0.676433,0.676703,1000
10110,10110,0.677074,0.677281,0.677014,0.677148,1000
10111,10111,0.677974,0.678173,0.677700,0.677936,1000
10112,10112,0.678100,0.678140,0.678046,0.678093,1000
10113,10113,0.678296,0.678354,0.678233,0.678294,1000
10114,10114,0.678248,0.678331,0.678314,0.678323,1000
10115,10115,0.678387,0.678436,0.678383,0.678410,1000
10116,10116,0.678691,0.678729,0.678581,0.678655,1000
10117,10117,0.679152,0.679361,0.679035,0.679198,1000
10118,10118,0.679496,0.679639,0.679435,0.679537,1000
10119,10119,0.679932,0.680013,0.679793,0.679903,1000
10120,10120,0.680340,0.680487,0.680217,0.680352,1000
10121,10121,0.680376,0.680371,0.680362,0.680366,1000
10122,10122,0.680235,0.680329,0.680296,0.680313,1000
10123,10123,0.680555,0.680663,0.680501,0.680582,1000
10124,10124,0.680278,0.680414,0.680270,0.680342,1000
10125,10125,0.680224,0.680286,0.680238,0.680262,1000
10126,10126,0.679942,0.680069,0.679904,0.679987,1000
10127,10127,0.679840,0.679893,0.679813,0.679853,1000
10128,10128,0.679587,0.679640,0.679457,0.679549,1000
10129,10129,0.679103,0.679304,0.679095,0.679199,1000
10130,10130,0.678769,0.678904,0.678651,0.678778,1000
10131,10131,0.678096,0.678292,0.677876,0.678084,1000
10132,10132,0.677825,0.677945,0.677826,0.677886,1000
10133,10133,0.678438,0.678644,0.678294,0.678469,1000
10134,10134,0.678678,0.678661,0.678572,0.678617,1000
10135,10135,0.678559,0.678573,0.678536,0.678555,1000
10136,10136,0.678326,0.678389,0.678247,0.678318,1000
10137,10137,0.678248,0.678290,0.678265,0.678278,1000
10138,10138,0.678100,0.678153,0.678046,0.678099,1000
10139,10139,0.677875,0.677933,0.677790,0.677861,1000
10140,10140,0.676707,0.677007,0.676276,0.676642,1000
10141,10141,0.675322,0.675728,0.674946,0.675337,1000
10142,10142,0.674198,0.674541,0.673859,0.674200,1000
10143,10143,0.672877,0.673256,0.672449,0.672853,1000
10144,10144,0.671888,0.672190,0.671622,0.671906,1000
10145,10145,0.671455,0.671601,0.671339,0.671470,1000
10146,10146,0.671094,0.671191,0.670952,0.671072,1000
10147,10147,0.670251,0.670525,0.670056,0.670290,1000
10148,10148,0.669246,0.669576,0.668965,0.669271,1000
10149,10149,0.668136,0.668444,0.667737,0.668091,1000
10150,10150,0.666895,0.667259,0.666548,0.666904,1000
10151,10151,0.666934,0.666942,0.666924,0.666933,1000
10152,10152,0.666781,0.666856,0.666789,0.666822,1000
10153,10153,0.666740,0.666778,0.666740,0.666759,1000
10154,10154,0.666710,0.666666,0.666586,0.666626,1000
10155,10155,0.666556,0.666568,0.666519,0.666544,1000
10156,10156,0.666752,0.666796,0.666680,0.666738,1000
10157,10157,0.666999,0.667056,0.666909,0.666982,1000
10158,10158,0.667162,0.667185,0.667091,0.667138,1000
10159,10159,0.667737,0.667926,0.667562,0.667744,1000
10160,10160,0.668358,0.668619,0.668215,0.668417,1000
10161,10161,0.668571,0.668522,0.668473,0.668497,1000
10162,10162,0.668558,0.668610,0.668558,0.668584,1000
10163,10163,0.668708,0.668718,0.668656,0.668687,1000
10164,10164,0.668551,0.668527,0.668389,0.668458,1000
10165,10165,0.668383,0.668390,0.668331,0.668360,1000
10166,10166,0.668584,0.668653,0.668518,0.668586,1000
10167,10167,0.668464,0.668493,0.668413,0.668453,1000
10168,10168,0.668124,0.668212,0.668005,0.668108,1000
10169,10169,0.667883,0.667929,0.667775,0.667852,1000
10170,10170,0.667878,0.667853,0.667853,0.667853,1000
10171,10171,0.668282,0.668441,0.668169,0.668305,1000
10172,10172,0.669107,0.669361,0.668873,0.669117,1000
10173,10173,0.669624,0.669758,0.669462,0.669610,1000
10174,10174,0.669674,0.669689,0.669653,0.669671,1000
10175,10175,0.670256,0.670383,0.670055,0.670219,1000
10176,10176,0.670889,0.671086,0.670686,0.670886,1000
10177,10177,0.671620,0.671852,0.671406,0.671629,1000
10178,10178,0.672513,0.672785,0.672251,0.672518,1000
10179,10179,0.673611,0.673924,0.673275,0.673599,1000
10180,10180,0.674373,0.674581,0.674128,0.674354,1000
10181,10181,0.675199,0.675493,0.674967,0.675230,1000
10182,10182,0.675883,0.676144,0.675722,0.675933,1000
10183,10183,0.676650,0.676927,0.676468,0.676698,1000
10184,10184,0.677711,0.678041,0.677421,0.677731,1000
10185,10185,0.678862,0.679290,0.678570,0.678930,1000
10186,10186,0.680302,0.680708,0.679887,0.680297,1000
10187,10187,0.681639,0.681999,0.681213,0.681606,1000
10188,10188,0.683368,0.683966,0.682876,0.683421,1000
10189,10189,0.685713,0.686338,0.684990,0.685664,1000
10190,10190,0.688257,0.689022,0.687470,0.688246,1000
10191,10191,0.691108,0.691880,0.690200,0.691040,1000
10192,10192,0.693804,0.694704,0.693010,0.693857,1000
10193,10193,0.696961,0.697852,0.696005,0.696929,1000
10194,10194,0.699560,0.700363,0.698776,0.699570,1000
10195,10195,0.702341,0.703126,0.701482,0.702304,1000
10196,10196,0.704567,0.705284,0.703907,0.704596,1000
10197,10197,0.706312,0.706809,0.705786,0.706297,1000
10198,10198,0.707728,0.708145,0.707291,0.707718,1000
10199,10199,0.709200,0.709636,0.708750,0.709193,1000
10200,10200,0.711207,0.711774,0.710582,0.711178,1000
10201,10201,0.712970,0.713443,0.712397,0.712920,1000
10202,10202,0.714772,0.715319,0.714211,0.714765,1000
10203,10203,0.716771,0.717392,0.716178,0.716785,1000
10204,10204,0.718501,0.719035,0.717996,0.718515,1000
10205,10205,0.720252,0.720802,0.719745,0.720274,1000
10206,10206,0.721598,0.722012,0.721209,0.721611,1000
10207,10207,0.722332,0.722612,0.722150,0.722381,1000
10208,10208,0.722856,0.722981,0.722704,0.722843,1000
10209,10209,0.723190,0.723241,0.723057,0.723149,1000
10210,10210,0.723069,0.723088,0.723036,0.723062,1000
10211,10211,0.722392,0.722600,0.722205,0.722402,1000
10212,10212,0.722199,0.722270,0.722157,0.722214,1000
10213,10213,0.722038,0.722079,0.721963,0.722021,1000
10214,10214,0.721998,0.722009,0.721998,0.722003,1000
10215,10215,0.722023,0.722030,0.722018,0.722024,1000
10216,10216,0.722278,0.722368,0.722209,0.722289,1000
10217,10217,0.722692,0.722807,0.722568,0.722687,1000
10218,10218,0.722886,0.722928,0.722817,0.722872,1000
10219,10219,0.723788,0.724094,0.723530,0.723812,1000
10220,10220,0.724981,0.725294,0.724609,0.724952,1000
10221,10221,0.726162,0.726569,0.725822,0.726195,1000
10222,10222,0.726385,0.726463,0.726339,0.726401,1000
10223,10223,0.726358,0.726416,0.726409,0.726412,1000
10224,10224,0.726828,0.726867,0.726657,0.726762,1000
10225,10225,0.726996,0.727129,0.726959,0.727044,1000
10226,10226,0.726992,0.727000,0.726962,0.726981,1000
10227,10227,0.726692,0.726771,0.726590,0.726680,1000
10228,10228,0.726362,0.726453,0.726258,0.726355,1000
10229,10229,0.726532,0.726570,0.726471,0.726520,1000
10230,10230,0.726424,0.726462,0.726413,0.726438,1000
10231,10231,0.727033,0.727210,0.726853,0.727032,1000
10232,10232,0.727607,0.727785,0.727437,0.727611,1000
10233,10233,0.728026,0.728166,0.727909,0.728038,1000
10234,10234,0.728138,0.728169,0.728109,0.728139,1000
10235,10235,0.728116,0.728159,0.728150,0.728155,1000
10236,10236,0.727924,0.727967,0.727806,0.727887,1000
10237,10237,0.727722,0.727750,0.727633,0.727691,1000
10238,10238,0.727920,0.727982,0.727848,0.727915,1000
10239,10239,0.727905,0.727868,0.727828,0.727848,1000
10240,10240,0.727829,0.727844,0.727841,0.727843,1000
10241,10241,0.727345,0.727502,0.727211,0.727356,1000
10242,10242,0.726573,0.726785,0.726295,0.726540,1000
10243,10243,0.725326,0.725699,0.724979,0.725339,1000
10244,10244,0.724455,0.724716,0.724183,0.724450,1000
10245,10245,0.723577,0.723812,0.723266,0.723539,1000
10246,10246,0.722422,0.722767,0.722106,0.722437,1000
10247,10247,0.721804,0.722013,0.721650,0.721831,1000
10248,10248,0.721262,0.721432,0.721091,0.721261,1000
10249,10249,0.720699,0.720826,0.720453,0.720639,1000
10250,10250,0.720721,0.720711,0.720678,0.720694,1000
10251,10251,0.720471,0.720500,0.720334,0.720417,1000
10252,10252,0.720533,0.720509,0.720467,0.720488,1000
10253,10253,0.719876,0.720074,0.719718,0.719896,1000
10254,10254,0.720035,0.720077,0.719993,0.720035,1000
10255,10255,0.720074,0.720073,0.720055,0.720064,1000
10256,10256,0.719748,0.719884,0.719729,0.719806,1000
10257,10257,0.719977,0.720053,0.719939,0.719996,1000
10258,10258,0.720141,0.720089,0.720046,0.720068,1000
10259,10259,0.720126,0.720116,0.720094,0.720105,1000
10260,10260,0.719628,0.719761,0.719466,0.719613,1000
10261,10261,0.718662,0.718957,0.718396,0.718677,1000
10262,10262,0.717982,0.718193,0.717778,0.717985,1000
10263,10263,0.717277,0.717483,0.717053,0.717268,1000
10264,10264,0.716550,0.716767,0.716338,0.716553,1000
10265,10265,0.715895,0.716146,0.715798,0.715972,1000
10266,10266,0.715539,0.715698,0.715463,0.715581,1000
10267,10267,0.715320,0.715413,0.715269,0.715341,1000
10268,10268,0.715624,0.715694,0.715531,0.715613,1000
10269,10269,0.715893,0.715954,0.715797,0.715875,1000
10270,10270,0.715533,0.715680,0.715513,0.715596,1000
10271,10271,0.715257,0.715387,0.715207,0.715297,1000
10272,10272,0.715358,0.715437,0.715373,0.715405,1000
10273,10273,0.715945,0.716105,0.715782,0.715943,1000
10274,10274,0.716535,0.716747,0.716376,0.716561,1000
10275,10275,0.717307,0.717519,0.717077,0.717298,1000
10276,10276,0.718158,0.718452,0.717919,0.718186,1000
10277,10277,0.719052,0.719265,0.718767,0.719016,1000
10278,10278,0.720049,0.720427,0.719775,0.720101,1000
10279,10279,0.720922,0.721162,0.720672,0.720917,1000
10280,10280,0.721631,0.721769,0.721376,0.721572,1000
10281,10281,0.721762,0.721872,0.721734,0.721803,1000
10282,10282,0.722132,0.722180,0.722006,0.722093,1000
10283,10283,0.722852,0.723040,0.722602,0.722821,1000
10284,10284,0.723045,0.723119,0.722981,0.723050,1000
10285,10285,0.723046,0.723050,0.723049,0.723050,1000
10286,10286,0.723010,0.723051,0.723050,0.723050,1000
10287,10287,0.722629,0.722749,0.722491,0.722620,1000
10288,10288,0.722235,0.722323,0.722069,0.722196,1000
10289,10289,0.722322,0.722293,0.722248,0.722271,1000
10290,10290,0.722533,0.722534,0.722413,0.722473,1000
10291,10291,0.722120,0.722173,0.721915,0.722044,1000
10292,10292,0.721286,0.721517,0.721065,0.721291,1000
10293,10293,0.720225,0.720555,0.719925,0.720240,1000
10294,10294,0.719551,0.719776,0.719379,0.719578,1000
10295,10295,0.719534,0.719534,0.719496,0.719515,1000
10296,10296,0.719487,0.719504,0.719494,0.719499,1000
10297,10297,0.719244,0.719358,0.719238,0.719298,1000
10298,10298,0.719012,0.719121,0.718968,0.719044,1000
10299,10299,0.718857,0.718925,0.718822,0.718873,1000
10300,10300,0.718512,0.718630,0.718422,0.718526,1000
10301,10301,0.718389,0.718430,0.718347,0.718388,1000
10302,10302,0.718913,0.719080,0.718760,0.718920,1000
10303,10303,0.719542,0.719686,0.719333,0.719509,1000
10304,10304,0.720037,0.720115,0.719836,0.719976,1000
10305,10305,0.721065,0.721384,0.720734,0.721059,1000
10306,10306,0.722143,0.722431,0.721797,0.722114,1000
10307,10307,0.723306,0.723623,0.722926,0.723275,1000
10308,10308,0.724172,0.724426,0.723894,0.724160,1000
10309,10309,0.724928,0.725170,0.724704,0.724937,1000
10310,10310,0.725483,0.725625,0.725307,0.725466,1000
10311,10311,0.725889,0.726028,0.725769,0.725898,1000
10312,10312,0.726394,0.726466,0.726204,0.726335,1000
10313,10313,0.726616,0.726652,0.726506,0.726579,1000
10314,10314,0.726955,0.727062,0.726839,0.726950,1000
10315,10315,0.727259,0.727379,0.727181,0.727280,1000
10316,10316,0.727526,0.727581,0.727442,0.727512,1000
10317,10317,0.727403,0.727439,0.727376,0.727407,1000
10318,10318,0.727293,0.727366,0.727331,0.727349,1000
10319,10319,0.727482,0.727523,0.727442,0.727483,1000
10320,10320,0.727141,0.727243,0.727037,0.727140,1000
10321,10321,0.726664,0.726802,0.726512,0.726657,1000
10322,10322,0.726344,0.726468,0.726307,0.726387,1000
10323,10323,0.726182,0.726233,0.726100,0.726166,1000
10324,10324,0.725977,0.725993,0.725845,0.725919,1000
10325,10325,0.726018,0.726015,0.725971,0.725993,1000
10326,10326,0.725790,0.725857,0.725741,0.725799,1000
10327,10327,0.725627,0.725698,0.725611,0.725654,1000
10328,10328,0.725302,0.725406,0.725192,0.725299,1000
10329,10329,0.724731,0.724899,0.724557,0.724728,1000
10330,10330,0.723795,0.724106,0.723574,0.723840,1000
10331,10331,0.722650,0.723037,0.722349,0.722693,1000
10332,10332,0.721979,0.722187,0.721753,0.721970,1000
10333,10333,0.721734,0.721800,0.721655,0.721728,1000
10334,10334,0.721277,0.721398,0.721116,0.721257,1000
10335,10335,0.721141,0.721154,0.721066,0.721110,1000
10336,10336,0.720559,0.720716,0.720379,0.720548,1000
10337,10337,0.720162,0.720277,0.720044,0.720160,1000
10338,10338,0.719734,0.719843,0.719571,0.719707,1000
10339,10339,0.719449,0.719531,0.719381,0.719456,1000
10340,10340,0.719206,0.719273,0.719116,0.719195,1000
10341,10341,0.718990,0.719072,0.718967,0.719020,1000
10342,10342,0.719360,0.719477,0.719266,0.719372,1000
10343,10343,0.719466,0.719477,0.719428,0.719453,1000
10344,10344,0.719768,0.719819,0.719650,0.719734,1000
10345,10345,0.719635,0.719659,0.719594,0.719627,1000
10346,10346,0.720132,0.720336,0.720008,0.720172,1000
10347,10347,0.720207,0.720180,0.720176,0.720178,1000
10348,10348,0.720142,0.720177,0.720176,0.720176,1000
10349,10349,0.720260,0.720276,0.720230,0.720253,1000
10350,10350,0.720074,0.720141,0.720045,0.720093,1000
10351,10351,0.720029,0.720058,0.720028,0.720043,1000
10352,10352,0.720165,0.720289,0.720176,0.720233,1000
10353,10353,0.720422,0.720485,0.720369,0.720427,1000
10354,10354,0.720631,0.720650,0.720547,0.720598,1000
10355,10355,0.721391,0.721651,0.721165,0.721408,1000
10356,10356,0.721325,0.721373,0.721344,0.721359,1000
10357,10357,0.721032,0.721156,0.720982,0.721069,1000
10358,10358,0.720757,0.720885,0.720727,0.720806,1000
10359,10359,0.720608,0.720687,0.720585,0.720636,1000
10360,10360,0.720208,0.720298,0.720008,0.720153,1000
10361,10361,0.719801,0.719864,0.719617,0.719741,1000
10362,10362,0.719618,0.719669,0.719607,0.719638,1000
10363,10363,0.719264,0.719410,0.719214,0.719312,1000
10364,10364,0.718397,0.718659,0.718099,0.718379,1000
10365,10365,0.717609,0.717891,0.717474,0.717683,1000
10366,10366,0.717625,0.717654,0.717629,0.717641,1000
10367,10367,0.717279,0.717359,0.717117,0.717238,1000
10368,10368,0.716712,0.716868,0.716551,0.716709,1000
10369,10369,0.715826,0.716079,0.715538,0.715808,1000
10370,10370,0.715269,0.715448,0.715139,0.715294,1000
10371,10371,0.714558,0.714775,0.714330,0.714552,1000
10372,10372,0.713864,0.714076,0.713668,0.713872,1000
10373,10373,0.712884,0.713230,0.712680,0.712955,1000
10374,10374,0.712519,0.712700,0.712481,0.712590,1000
10375,10375,0.712840,0.712923,0.712770,0.712846,1000
10376,10376,0.712739,0.712759,0.712683,0.712721,1000
10377,10377,0.712554,0.712573,0.712447,0.712510,1000
10378,10378,0.712429,0.712455,0.712407,0.712431,1000
10379,10379,0.712894,0.713027,0.712752,0.712889,1000
10380,10380,0.712997,0.713036,0.712968,0.713002,1000
10381,10381,0.713659,0.713839,0.713452,0.713646,1000
10382,10382,0.714283,0.714550,0.714132,0.714341,1000
10383,10383,0.715057,0.715259,0.714835,0.715047,1000
10384,10384,0.715715,0.715969,0.715543,0.715756,1000
10385,10385,0.716418,0.716573,0.716196,0.716384,1000
10386,10386,0.716749,0.716842,0.716631,0.716737,1000
10387,10387,0.717125,0.717284,0.717031,0.717158,1000
10388,10388,0.717670,0.717822,0.717515,0.717668,1000
10389,10389,0.718023,0.718152,0.717929,0.718040,1000
10390,10390,0.718760,0.718990,0.718552,0.718771,1000
10391,10391,0.719864,0.720238,0.719561,0.719899,1000
10392,10392,0.720792,0.721103,0.720547,0.720825,1000
10393,10393,0.722006,0.722390,0.721667,0.722028,1000
10394,10394,0.723420,0.723842,0.723004,0.723423,1000
10395,10395,0.724306,0.724654,0.724086,0.724370,1000
10396,10396,0.725131,0.725445,0.724949,0.725197,1000
10397,10397,0.725824,0.726022,0.725641,0.725831,1000
10398,10398,0.726686,0.726900,0.726406,0.726653,1000
10399,10399,0.727015,0.727099,0.726893,0.726996,1000
10400,10400,0.727456,0.727606,0.727325,0.727466,1000
10401,10401,0.727745,0.727839,0.727666,0.727753,1000
10402,10402,0.727858,0.727949,0.727858,0.727904,1000
10403,10403,0.727511,0.727603,0.727346,0.727475,1000
10404,10404,0.726658,0.726902,0.726412,0.726657,1000
10405,10405,0.726177,0.726258,0.725916,0.726087,1000
10406,10406,0.725993,0.726030,0.725981,0.726006,1000
10407,10407,0.726306,0.726390,0.726212,0.726301,1000
10408,10408,0.726651,0.726816,0.726578,0.726697,1000
10409,10409,0.726660,0.726712,0.726705,0.726709,1000
10410,10410,0.727387,0.727580,0.727178,0.727379,1000
10411,10411,0.727679,0.727722,0.727564,0.727643,1000
10412,10412,0.727962,0.728029,0.727851,0.727940,1000
10413,10413,0.728308,0.728447,0.728213,0.728330,1000
10414,10414,0.728619,0.728746,0.728554,0.728650,1000
10415,10415,0.728650,0.728588,0.728534,0.728561,1000
10416,10416,0.728562,0.728527,0.728498,0.728513,1000
10417,10417,0.728224,0.728298,0.728115,0.728207,1000
10418,10418,0.727987,0.728028,0.727876,0.727952,1000
10419,10419,0.728010,0.728068,0.728014,0.728041,1000
10420,10420,0.728329,0.728460,0.728266,0.728363,1000
10421,10421,0.728489,0.728510,0.728442,0.728476,1000
10422,10422,0.729284,0.729488,0.729021,0.729254,1000
10423,10423,0.730020,0.730362,0.729851,0.730106,1000
10424,10424,0.730207,0.730279,0.730199,0.730239,1000
10425,10425,0.730419,0.730459,0.730358,0.730409,1000
10426,10426,0.730011,0.730173,0.729971,0.730072,1000
10427,10427,0.730378,0.730426,0.730263,0.730345,1000
10428,10428,0.730009,0.730130,0.729946,0.730038,1000
10429,10429,0.729927,0.729919,0.729817,0.729868,1000
10430,10430,0.729760,0.729776,0.729698,0.729737,1000
10431,10431,0.729375,0.729463,0.729229,0.729346,1000
10432,10432,0.728677,0.728861,0.728446,0.728653,1000
10433,10433,0.727899,0.728152,0.727722,0.727937,1000
10434,10434,0.726863,0.727209,0.726585,0.726897,1000
10435,10435,0.726267,0.726417,0.726005,0.726211,1000
10436,10436,0.725920,0.726055,0.725922,0.725988,1000
10437,10437,0.725822,0.725882,0.725792,0.725837,1000
10438,10438,0.726139,0.726226,0.726047,0.726137,1000
10439,10439,0.726592,0.726902,0.726549,0.726726,1000
10440,10440,0.726421,0.726560,0.726418,0.726489,1000
10441,10441,0.726322,0.726400,0.726324,0.726362,1000
10442,10442,0.726313,0.726344,0.726329,0.726336,1000
10443,10443,0.726229,0.726270,0.726214,0.726242,1000
10444,10444,0.725874,0.726004,0.725799,0.725901,1000
10445,10445,0.725387,0.725537,0.725224,0.725381,1000
10446,10446,0.723993,0.724418,0.723595,0.724007,1000
10447,10447,0.723336,0.723509,0.723083,0.723296,1000
10448,10448,0.722484,0.722688,0.722167,0.722428,1000
10449,10449,0.721373,0.721668,0.721017,0.721342,1000
10450,10450,0.720350,0.720594,0.719954,0.720274,1000
10451,10451,0.719286,0.719600,0.719023,0.719311,1000
10452,10452,0.718629,0.718786,0.718336,0.718561,1000
10453,10453,0.717425,0.717720,0.717000,0.717360,1000
10454,10454,0.716601,0.716777,0.716277,0.716527,1000
10455,10455,0.715623,0.715893,0.715349,0.715621,1000
10456,10456,0.714788,0.715055,0.714570,0.714813,1000
10457,10457,0.713834,0.714137,0.713558,0.713847,1000
10458,10458,0.713271,0.713467,0.713142,0.713305,1000
10459,10459,0.713245,0.713265,0.713231,0.713248,1000
10460,10460,0.712883,0.712992,0.712773,0.712883,1000
10461,10461,0.712946,0.712974,0.712932,0.712953,1000
10462,10462,0.712885,0.712873,0.712804,0.712838,1000
10463,10463,0.712879,0.712911,0.712878,0.712894,1000
10464,10464,0.712726,0.712755,0.712635,0.712695,1000
10465,10465,0.712600,0.712658,0.712626,0.712642,1000
10466,10466,0.712784,0.712848,0.712753,0.712801,1000
10467,10467,0.712727,0.712722,0.712655,0.712688,1000
10468,10468,0.712471,0.712522,0.712379,0.712450,1000
10469,10469,0.712858,0.713052,0.712775,0.712914,1000
10470,10470,0.713890,0.714249,0.713632,0.713941,1000
10471,10471,0.714590,0.714827,0.714418,0.714623,1000
10472,10472,0.715365,0.715628,0.715164,0.715396,1000
10473,10473,0.715829,0.715985,0.715713,0.715849,1000
10474,10474,0.716166,0.716263,0.716072,0.716168,1000
10475,10475,0.716661,0.716866,0.716544,0.716705,1000
10476,10476,0.717090,0.717196,0.716970,0.717083,1000
10477,10477,0.717490,0.717530,0.717323,0.717426,1000
10478,10478,0.717729,0.717811,0.717634,0.717723,1000
10479,10479,0.718126,0.718340,0.718055,0.718198,1000
10480,10480,0.719111,0.719359,0.718823,0.719091,1000
10481,10481,0.719376,0.719362,0.719237,0.719300,1000
10482,10482,0.719483,0.719517,0.719417,0.719467,1000
10483,10483,0.719533,0.719617,0.719547,0.719582,1000
10484,10484,0.719852,0.719922,0.719765,0.719844,1000
10485,10485,0.720116,0.720277,0.720077,0.720177,1000
10486,10486,0.720771,0.720983,0.720611,0.720797,1000
10487,10487,0.721046,0.721132,0.720977,0.721055,1000
10488,10488,0.721715,0.721896,0.721507,0.721702,1000
10489,10489,0.722119,0.722215,0.721978,0.722097,1000
10490,10490,0.722787,0.722999,0.722582,0.722791,1000
10491,10491,0.722968,0.723112,0.722964,0.723038,1000
10492,10492,0.723097,0.723112,0.723078,0.723095,1000
10493,10493,0.723263,0.723293,0.723201,0.723247,1000
10494,10494,0.723348,0.723353,0.723304,0.723328,1000
10495,10495,0.723053,0.723187,0.723066,0.723126,1000
10496,10496,0.722867,0.722955,0.722808,0.722881,1000
10497,10497,0.722436,0.722582,0.722326,0.722454,1000
10498,10498,0.722243,0.722258,0.722090,0.722174,1000
10499,10499,0.721948,0.721995,0.721842,0.721919,1000
10500,10500,0.721598,0.721703,0.721518,0.721610,1000
10501,10501,0.721209,0.721328,0.721086,0.721207,1000
10502,10502,0.720759,0.720888,0.720614,0.720751,1000
10503,10503,0.720281,0.720393,0.720086,0.720240,1000
10504,10504,0.719416,0.719704,0.719246,0.719475,1000
10505,10505,0.718822,0.719011,0.718613,0.718812,1000
10506,10506,0.718463,0.718550,0.718325,0.718437,1000
10507,10507,0.717734,0.717914,0.717465,0.717690,1000
10508,10508,0.717205,0.717379,0.717113,0.717246,1000
10509,10509,0.716973,0.717091,0.716959,0.717025,1000
10510,10510,0.716653,0.716785,0.716578,0.716681,1000
10511,10511,0.716148,0.716274,0.715926,0.716100,1000
10512,10512,0.714869,0.715271,0.714561,0.714916,1000
10513,10513,0.713699,0.714075,0.713355,0.713715,1000
10514,10514,0.712037,0.712523,0.711504,0.712014,1000
10515,10515,0.710951,0.711254,0.710604,0.710929,1000
10516,10516,0.709579,0.709938,0.709090,0.709514,1000
10517,10517,0.708651,0.708911,0.708395,0.708653,1000
10518,10518,0.708142,0.708291,0.707981,0.708136,1000
10519,10519,0.708000,0.708074,0.708020,0.708047,1000
10520,10520,0.707988,0.707992,0.707944,0.707968,1000
10521,10521,0.707836,0.707846,0.707741,0.707794,1000
10522,10522,0.707716,0.707724,0.707664,0.707694,1000
10523,10523,0.706993,0.707180,0.706739,0.706959,1000
10524,10524,0.705724,0.706076,0.705320,0.705698,1000
10525,10525,0.704653,0.704947,0.704303,0.704625,1000
10526,10526,0.703547,0.703878,0.703238,0.703558,1000
10527,10527,0.702125,0.702574,0.701731,0.702153,1000
10528,10528,0.701048,0.701353,0.700669,0.701011,1000
10529,10529,0.699920,0.700264,0.699625,0.699945,1000
10530,10530,0.700235,0.700367,0.700172,0.700270,1000
10531,10531,0.700994,0.701195,0.700768,0.700982,1000
10532,10532,0.701740,0.702006,0.701533,0.701770,1000
10533,10533,0.702443,0.702769,0.702308,0.702539,1000
10534,10534,0.703767,0.704149,0.703405,0.703777,1000
10535,10535,0.704700,0.704968,0.704418,0.704693,1000
10536,10536,0.705208,0.705361,0.705053,0.705207,1000
10537,10537,0.706346,0.706716,0.706019,0.706368,1000
10538,10538,0.707480,0.707784,0.707130,0.707457,1000
10539,10539,0.708288,0.708579,0.708061,0.708320,1000
10540,10540,0.709115,0.709328,0.708862,0.709095,1000
10541,10541,0.709662,0.709816,0.709483,0.709650,1000
10542,10542,0.710312,0.710579,0.710150,0.710365,1000
10543,10543,0.710887,0.711082,0.710751,0.710917,1000
10544,10544,0.711967,0.712267,0.711644,0.711955,1000
10545,10545,0.712228,0.712373,0.712180,0.712276,1000
10546,10546,0.712684,0.712901,0.712613,0.712757,1000
10547,10547,0.713631,0.713874,0.713358,0.713616,1000
10548,10548,0.714310,0.714581,0.714136,0.714358,1000
10549,10549,0.715094,0.715380,0.714908,0.715144,1000
10550,10550,0.715216,0.715281,0.715218,0.715249,1000
10551,10551,0.715499,0.715584,0.715430,0.715507,1000
10552,10552,0.716044,0.716305,0.715937,0.716121,1000
10553,10553,0.716768,0.716989,0.716588,0.716788,1000
10554,10554,0.716952,0.716988,0.716896,0.716942,1000
10555,10555,0.717153,0.717276,0.717122,0.717199,1000
10556,10556,0.717512,0.717536,0.717380,0.717458,1000
10557,10557,0.717731,0.717858,0.717673,0.717766,1000
10558,10558,0.718347,0.718527,0.718176,0.718351,1000
10559,10559,0.719343,0.719624,0.719037,0.719331,1000
10560,10560,0.720015,0.720139,0.719766,0.719952,1000
10561,10561,0.720499,0.720657,0.720331,0.720494,1000
10562,10562,0.721228,0.721425,0.720995,0.721210,1000
10563,10563,0.721493,0.721553,0.721395,0.721474,1000
10564,10564,0.721736,0.721865,0.721684,0.721775,1000
10565,10565,0.722675,0.722943,0.722404,0.722673,1000
10566,10566,0.722988,0.723082,0.722893,0.722988,1000
10567,10567,0.722788,0.722855,0.722741,0.722798,1000
10568,10568,0.722949,0.723060,0.722939,0.722999,1000
10569,10569,0.723387,0.723490,0.723263,0.723376,1000
10570,10570,0.723919,0.724048,0.723738,0.723893,1000
10571,10571,0.724369,0.724474,0.724205,0.724340,1000
10572,10572,0.725233,0.725449,0.724937,0.725193,1000
10573,10573,0.725408,0.725559,0.725390,0.725475,1000
10574,10574,0.726531,0.726812,0.726194,0.726503,1000
10575,10575,0.727873,0.728311,0.727476,0.727893,1000
10576,10576,0.729251,0.729633,0.728830,0.729231,1000
10577,10577,0.730476,0.730890,0.730124,0.730507,1000
10578,10578,0.732039,0.732457,0.731556,0.732006,1000
10579,10579,0.733462,0.733891,0.733020,0.733456,1000
10580,10580,0.734539,0.734878,0.734221,0.734550,1000
10581,10581,0.735417,0.735708,0.735173,0.735441,1000
10582,10582,0.735707,0.735811,0.735640,0.735726,1000
10583,10583,0.735993,0.736059,0.735905,0.735982,1000
10584,10584,0.735966,0.735953,0.735929,0.735941,1000
10585,10585,0.735761,0.735813,0.735703,0.735758,1000
10586,10586,0.735568,0.735608,0.735480,0.735544,1000
10587,10587,0.735578,0.735693,0.735624,0.735659,1000
10588,10588,0.736349,0.736579,0.736154,0.736366,1000
10589,10589,0.736719,0.736822,0.736611,0.736717,1000
10590,10590,0.737153,0.737253,0.737005,0.737129,1000
10591,10591,0.737260,0.737276,0.737208,0.737242,1000
10592,10592,0.737645,0.737776,0.737529,0.737653,1000
10593,10593,0.738236,0.738403,0.738056,0.738230,1000
10594,10594,0.738392,0.738427,0.738336,0.738381,1000
10595,10595,0.738995,0.739092,0.738764,0.738928,1000
10596,10596,0.739727,0.739974,0.739491,0.739733,1000
10597,10597,0.740206,0.740344,0.740062,0.740203,1000
10598,10598,0.741046,0.741273,0.740779,0.741026,1000
10599,10599,0.741792,0.741936,0.741516,0.741726,1000
10600,10600,0.742384,0.742617,0.742206,0.742411,1000
10601,10601,0.743281,0.743435,0.742963,0.743199,1000
10602,10602,0.744266,0.744711,0.744012,0.744361,1000
10603,10603,0.745418,0.745682,0.745072,0.745377,1000
10604,10604,0.746500,0.746896,0.746194,0.746545,1000
10605,10605,0.747137,0.747328,0.746966,0.747147,1000
10606,10606,0.747727,0.747881,0.747542,0.747712,1000
10607,10607,0.747982,0.748106,0.747924,0.748015,1000
10608,10608,0.748561,0.748626,0.748344,0.748485,1000
10609,10609,0.748865,0.748905,0.748711,0.748808,1000
10610,10610,0.748952,0.749015,0.748919,0.748967,1000
10611,10611,0.749793,0.750044,0.749547,0.749795,1000
10612,10612,0.750434,0.750598,0.750227,0.750412,1000
10613,10613,0.750997,0.751137,0.750802,0.750970,1000
10614,10614,0.751791,0.752131,0.751595,0.751863,1000
10615,10615,0.753493,0.753982,0.753003,0.753493,1000
10616,10616,0.755299,0.755869,0.754771,0.755320,1000
10617,10617,0.756768,0.757215,0.756340,0.756778,1000
10618,10618,0.758016,0.758405,0.757653,0.758029,1000
10619,10619,0.759188,0.759425,0.758780,0.759102,1000
10620,10620,0.759302,0.759383,0.759253,0.759318,1000
10621,10621,0.759818,0.759911,0.759637,0.759774,1000
10622,10622,0.759626,0.759703,0.759642,0.759672,1000
10623,10623,0.759267,0.759412,0.759189,0.759301,1000
10624,10624,0.759235,0.759219,0.759150,0.759185,1000
10625,10625,0.758357,0.758622,0.758140,0.758381,1000
10626,10626,0.757442,0.757740,0.757191,0.757465,1000
10627,10627,0.757298,0.757343,0.757239,0.757291,1000
10628,10628,0.756884,0.756981,0.756716,0.756848,1000
10629,10629,0.757215,0.757348,0.757117,0.757233,1000
10630,10630,0.756841,0.756948,0.756704,0.756826,1000
10631,10631,0.756660,0.756717,0.756623,0.756670,1000
10632,10632,0.756707,0.756734,0.756704,0.756719,1000
10633,10633,0.756180,0.756368,0.756067,0.756218,1000
10634,10634,0.755687,0.755872,0.755577,0.755724,1000
10635,10635,0.755076,0.755319,0.754971,0.755145,1000
10636,10636,0.754812,0.754927,0.754741,0.754834,1000
10637,10637,0.754333,0.754473,0.754164,0.754318,1000
10638,10638,0.753816,0.753987,0.753702,0.753845,1000
10639,10639,0.752811,0.753116,0.752492,0.752804,1000
10640,10640,0.751805,0.752102,0.751500,0.751801,1000
10641,10641,0.751060,0.751241,0.750761,0.751001,1000
10642,10642,0.749987,0.750320,0.749737,0.750028,1000
10643,10643,0.748752,0.749151,0.748400,0.748776,1000
10644,10644,0.748269,0.748483,0.748232,0.748357,1000
10645,10645,0.747412,0.747694,0.747126,0.747410,1000
10646,10646,0.746943,0.747082,0.746800,0.746941,1000
10647,10647,0.746213,0.746482,0.746089,0.746286,1000
10648,10648,0.745547,0.745755,0.745301,0.745528,1000
10649,10649,0.745080,0.745141,0.744809,0.744975,1000
10650,10650,0.744478,0.744646,0.744365,0.744506,1000
10651,10651,0.744189,0.744236,0.744005,0.744120,1000
10652,10652,0.743646,0.743756,0.743444,0.743600,1000
10653,10653,0.742981,0.743157,0.742777,0.742967,1000
10654,10654,0.742183,0.742449,0.742006,0.742227,1000
10655,10655,0.740741,0.741184,0.740291,0.740738,1000
10656,10656,0.740028,0.740227,0.739790,0.740008,1000
10657,10657,0.738881,0.739262,0.738622,0.738942,1000
10658,10658,0.738430,0.738611,0.738328,0.738469,1000
10659,10659,0.738142,0.738211,0.737990,0.738101,1000
10660,10660,0.737593,0.737765,0.737476,0.737620,1000
10661,10661,0.736819,0.737048,0.736557,0.736802,1000
10662,10662,0.735739,0.736092,0.735485,0.735788,1000
10663,10663,0.734738,0.735078,0.734470,0.734774,1000
10664,10664,0.733838,0.734146,0.733609,0.733878,1000
10665,10665,0.732445,0.732883,0.732032,0.732457,1000
10666,10666,0.731958,0.732103,0.731800,0.731952,1000
10667,10667,0.731660,0.731743,0.731563,0.731653,1000
10668,10668,0.731383,0.731477,0.731326,0.731401,1000
10669,10669,0.731086,0.731178,0.730986,0.731082,1000
10670,10670,0.730402,0.730587,0.730163,0.730375,1000
10671,10671,0.729710,0.729888,0.729472,0.729680,1000
10672,10672,0.728972,0.729205,0.728797,0.729001,1000
10673,10673,0.728159,0.728389,0.727865,0.728127,1000
10674,10674,0.727611,0.727761,0.727446,0.727604,1000
10675,10675,0.726760,0.726977,0.726440,0.726709,1000
10676,10676,0.726056,0.726217,0.725796,0.726006,1000
10677,10677,0.725512,0.725712,0.725461,0.725587,1000
10678,10678,0.725706,0.725719,0.725658,0.725689,1000
10679,10679,0.725463,0.725494,0.725327,0.725411,1000
10680,10680,0.725177,0.725239,0.725091,0.725165,1000
10681,10681,0.724166,0.724461,0.723858,0.724159,1000
10682,10682,0.723295,0.723560,0.723046,0.723303,1000
10683,10683,0.722649,0.722818,0.722403,0.722611,1000
10684,10684,0.721990,0.722190,0.721830,0.722010,1000
10685,10685,0.721612,0.721723,0.721477,0.721600,1000
10686,10686,0.721397,0.721465,0.721348,0.721407,1000
10687,10687,0.721361,0.721405,0.721404,0.721405,1000
10688,10688,0.720850,0.721002,0.720657,0.720829,1000
10689,10689,0.719936,0.720168,0.719602,0.719885,1000
10690,10690,0.718537,0.718928,0.718109,0.718519,1000
10691,10691,0.716840,0.717373,0.716392,0.716882,1000
10692,10692,0.715171,0.715724,0.714733,0.715228,1000
10693,10693,0.713675,0.714169,0.713262,0.713715,1000
10694,10694,0.712281,0.712698,0.711828,0.712263,1000
10695,10695,0.711039,0.711411,0.710681,0.711046,1000
10696,10696,0.710184,0.710473,0.709982,0.710227,1000
10697,10697,0.709506,0.709705,0.709258,0.709482,1000
10698,10698,0.709321,0.709353,0.709243,0.709298,1000
10699,10699,0.708628,0.708833,0.708435,0.708634,1000
10700,10700,0.708074,0.708222,0.707870,0.708046,1000
10701,10701,0.707745,0.707835,0.707654,0.707745,1000
10702,10702,0.707017,0.707246,0.706819,0.707033,1000
10703,10703,0.706426,0.706623,0.706273,0.706448,1000
10704,10704,0.705896,0.706026,0.705665,0.705846,1000
10705,10705,0.705129,0.705346,0.704918,0.705132,1000
10706,10706,0.704721,0.704853,0.704615,0.704734,1000
10707,10707,0.704615,0.704606,0.704496,0.704551,1000
10708,10708,0.703692,0.704023,0.703571,0.703797,1000
10709,10709,0.702959,0.703167,0.702628,0.702897,1000
10710,10710,0.701656,0.702048,0.701321,0.701685,1000
10711,10711,0.701081,0.701283,0.700939,0.701111,1000
10712,10712,0.700662,0.700788,0.700511,0.700649,1000
10713,10713,0.700461,0.700505,0.700382,0.700444,1000
10714,10714,0.700567,0.700603,0.700529,0.700566,1000
10715,10715,0.701218,0.701499,0.701068,0.701283,1000
10716,10716,0.701305,0.701299,0.701292,0.701295,1000
10717,10717,0.701256,0.701238,0.701189,0.701213,1000
10718,10718,0.701392,0.701448,0.701340,0.701394,1000
10719,10719,0.701167,0.701300,0.701220,0.701260,1000
10720,10720,0.701155,0.701180,0.701112,0.701146,1000
10721,10721,0.701342,0.701464,0.701317,0.701390,1000
10722,10722,0.702006,0.702173,0.701812,0.701992,1000
10723,10723,0.702077,0.702037,0.702016,0.702027,1000
10724,10724,0.701734,0.701831,0.701662,0.701746,1000
10725,10725,0.702235,0.702345,0.702068,0.702206,1000
10726,10726,0.702856,0.703088,0.702681,0.702885,1000
10727,10727,0.703270,0.703442,0.703185,0.703313,1000
10728,10728,0.702977,0.703047,0.702819,0.702933,1000
10729,10729,0.702280,0.702471,0.702075,0.702273,1000
10730,10730,0.702022,0.702114,0.701978,0.702046,1000
10731,10731,0.701452,0.701649,0.701308,0.701479,1000
10732,10732,0.701411,0.701409,0.701349,0.701379,1000
10733,10733,0.701398,0.701427,0.701405,0.701416,1000
10734,10734,0.701956,0.702109,0.701789,0.701949,1000
10735,10735,0.702567,0.702755,0.702383,0.702569,1000
10736,10736,0.703226,0.703392,0.703012,0.703202,1000
10737,10737,0.703169,0.703217,0.703210,0.703214,1000
10738,10738,0.703699,0.703882,0.703574,0.703728,1000
10739,10739,0.704093,0.704179,0.703971,0.704075,1000
10740,10740,0.704118,0.704153,0.704117,0.704135,1000
10741,10741,0.703937,0.703996,0.703876,0.703936,1000
10742,10742,0.703873,0.703893,0.703856,0.703874,1000
10743,10743,0.703858,0.703811,0.703758,0.703785,1000
10744,10744,0.703923,0.703973,0.703886,0.703929,1000
10745,10745,0.704258,0.704323,0.704141,0.704232,1000
10746,10746,0.704483,0.704560,0.704409,0.704485,1000
10747,10747,0.704774,0.704824,0.704667,0.704746,1000
10748,10748,0.704172,0.704359,0.704027,0.704193,1000
10749,10749,0.703806,0.703917,0.703681,0.703799,1000
10750,10750,0.703610,0.703689,0.703594,0.703641,1000
10751,10751,0.703661,0.703650,0.703646,0.703648,1000
10752,10752,0.703214,0.703367,0.703125,0.703246,1000
10753,10753,0.702715,0.702919,0.702639,0.702779,1000
10754,10754,0.701981,0.702206,0.701715,0.701960,1000
10755,10755,0.701358,0.701555,0.701207,0.701381,1000
10756,10756,0.700688,0.700916,0.700518,0.700717,1000
10757,10757,0.700231,0.700362,0.700057,0.700210,1000
10758,10758,0.699885,0.699950,0.699727,0.699839,1000
10759,10759,0.699145,0.699323,0.698881,0.699102,1000
10760,10760,0.697900,0.698258,0.697534,0.697896,1000
10761,10761,0.696460,0.696859,0.695971,0.696415,1000
10762,10762,0.695527,0.695763,0.695204,0.695484,1000
10763,10763,0.694416,0.694753,0.694128,0.694441,1000
10764,10764,0.693397,0.693689,0.693045,0.693367,1000
10765,10765,0.692349,0.692637,0.692012,0.692325,1000
10766,10766,0.691769,0.691897,0.691531,0.691714,1000
10767,10767,0.691117,0.691314,0.690971,0.691142,1000
10768,10768,0.690365,0.690618,0.690168,0.690393,1000
10769,10769,0.689664,0.689874,0.689430,0.689652,1000
10770,10770,0.689060,0.689230,0.688869,0.689049,1000
10771,10771,0.688471,0.688636,0.688282,0.688459,1000
10772,10772,0.688087,0.688155,0.687894,0.688024,1000
10773,10773,0.687252,0.687476,0.687006,0.687241,1000
10774,10774,0.686892,0.686982,0.686760,0.686871,1000
10775,10775,0.686565,0.686674,0.686506,0.686590,1000
10776,10776,0.686288,0.686371,0.686182,0.686276,1000
10777,10777,0.686191,0.686190,0.686116,0.686153,1000
10778,10778,0.686213,0.686246,0.686203,0.686225,1000
10779,10779,0.686514,0.686625,0.686440,0.686532,1000
10780,10780,0.686851,0.686946,0.686755,0.686851,1000
10781,10781,0.687274,0.687278,0.687081,0.687180,1000
10782,10782,0.687902,0.688109,0.687680,0.687895,1000
10783,10783,0.688604,0.688829,0.688397,0.688613,1000
10784,10784,0.689203,0.689362,0.689016,0.689189,1000
10785,10785,0.690686,0.691014,0.690171,0.690592,1000
10786,10786,0.691649,0.691962,0.691330,0.691646,1000
10787,10787,0.692771,0.693040,0.692396,0.692718,1000
10788,10788,0.694047,0.694417,0.693632,0.694025,1000
10789,10789,0.695427,0.695868,0.695017,0.695442,1000
10790,10790,0.697026,0.697434,0.696514,0.696974,1000
10791,10791,0.698171,0.698618,0.697859,0.698238,1000
10792,10792,0.699353,0.699695,0.699022,0.699358,1000
10793,10793,0.700719,0.701179,0.700338,0.700759,1000
10794,10794,0.701699,0.701916,0.701382,0.701649,1000
10795,10795,0.702689,0.702958,0.702353,0.702655,1000
10796,10796,0.703951,0.704368,0.703577,0.703973,1000
10797,10797,0.705326,0.705658,0.704879,0.705269,1000
10798,10798,0.706546,0.706922,0.706159,0.706540,1000
10799,10799,0.708190,0.708653,0.707677,0.708165,1000
10800,10800,0.709979,0.710559,0.709453,0.710006,1000
10801,10801,0.711465,0.711847,0.710996,0.711422,1000
10802,10802,0.713170,0.713645,0.712618,0.713131,1000
10803,10803,0.714415,0.714835,0.714048,0.714442,1000
10804,10804,0.716431,0.717000,0.715818,0.716409,1000
10805,10805,0.718164,0.718614,0.717595,0.718105,1000
10806,10806,0.719369,0.719815,0.719025,0.719420,1000
10807,10807,0.720803,0.721293,0.720428,0.720860,1000
10808,10808,0.722087,0.722399,0.721688,0.722043,1000
10809,10809,0.722749,0.722939,0.722526,0.722733,1000
10810,10810,0.723404,0.723614,0.723207,0.723410,1000
10811,10811,0.724071,0.724254,0.723865,0.724059,1000
10812,10812,0.725254,0.725609,0.724893,0.725251,1000
10813,10813,0.726496,0.726947,0.726163,0.726555,1000
10814,10814,0.727831,0.728224,0.727453,0.727839,1000
10815,10815,0.729156,0.729577,0.728774,0.729176,1000
10816,10816,0.730025,0.730283,0.729772,0.730027,1000
10817,10817,0.730581,0.730796,0.730441,0.730619,1000
10818,10818,0.730830,0.730811,0.730722,0.730766,1000
10819,10819,0.730912,0.730911,0.730844,0.730878,1000
10820,10820,0.730927,0.730923,0.730902,0.730913,1000
10821,10821,0.730470,0.730618,0.730365,0.730492,1000
10822,10822,0.729535,0.729838,0.729279,0.729559,1000
10823,10823,0.729103,0.729260,0.729004,0.729132,1000
10824,10824,0.728382,0.728610,0.728162,0.728386,1000
10825,10825,0.727655,0.727860,0.727410,0.727635,1000
10826,10826,0.727438,0.727503,0.727389,0.727446,1000
10827,10827,0.727626,0.727675,0.727569,0.727622,1000
10828,10828,0.727445,0.727495,0.727386,0.727441,1000
10829,10829,0.727279,0.727328,0.727232,0.727280,1000
10830,10830,0.726736,0.726903,0.726580,0.726742,1000
10831,10831,0.725598,0.725977,0.725322,0.725650,1000
10832,10832,0.724781,0.725038,0.724514,0.724776,1000
10833,10833,0.723940,0.724176,0.723662,0.723919,1000
10834,10834,0.722964,0.723303,0.722776,0.723040,1000
10835,10835,0.722771,0.722859,0.722703,0.722781,1000
10836,10836,0.722826,0.722827,0.722806,0.722816,1000
10837,10837,0.722887,0.722886,0.722854,0.722870,1000
10838,10838,0.722930,0.722940,0.722907,0.722924,1000
10839,10839,0.723001,0.722981,0.722955,0.722968,1000
10840,10840,0.722686,0.722768,0.722597,0.722682,1000
10841,10841,0.722397,0.722473,0.722293,0.722383,1000
10842,10842,0.722202,0.722248,0.722133,0.722191,1000
10843,10843,0.721795,0.721886,0.721625,0.721755,1000
10844,10844,0.721205,0.721379,0.721056,0.721217,1000
10845,10845,0.720711,0.720820,0.720479,0.720650,1000
10846,10846,0.720112,0.720288,0.719979,0.720134,1000
10847,10847,0.719717,0.719800,0.719514,0.719657,1000
10848,10848,0.719537,0.719570,0.719496,0.719533,1000
10849,10849,0.719256,0.719338,0.719171,0.719254,1000
10850,10850,0.719462,0.719538,0.719407,0.719473,1000
10851,10851,0.719863,0.719979,0.719745,0.719862,1000
10852,10852,0.719936,0.719942,0.719905,0.719924,1000
10853,10853,0.720319,0.720357,0.720157,0.720257,1000
10854,10854,0.720244,0.720244,0.720233,0.720238,1000
10855,10855,0.719800,0.719955,0.719713,0.719834,1000
10856,10856,0.720147,0.720207,0.720035,0.720121,1000
10857,10857,0.720390,0.720500,0.720325,0.720413,1000
10858,10858,0.720078,0.720225,0.720064,0.720144,1000
10859,10859,0.719688,0.719872,0.719639,0.719756,1000
10860,10860,0.718993,0.719243,0.718804,0.719023,1000
10861,10861,0.718747,0.718851,0.718704,0.718777,1000
10862,10862,0.717982,0.718240,0.717779,0.718009,1000
10863,10863,0.717129,0.717396,0.716870,0.717133,1000
10864,10864,0.716234,0.716474,0.715910,0.716192,1000
10865,10865,0.715739,0.715893,0.715637,0.715765,1000
10866,10866,0.715151,0.715348,0.714990,0.715169,1000
10867,10867,0.715189,0.715188,0.715179,0.715184,1000
10868,10868,0.715319,0.715431,0.715317,0.715374,1000
10869,10869,0.715894,0.716059,0.715743,0.715901,1000
10870,10870,0.716564,0.716793,0.716381,0.716587,1000
10871,10871,0.717349,0.717605,0.717135,0.717370,1000
10872,10872,0.718700,0.719099,0.718300,0.718700,1000
10873,10873,0.719848,0.720193,0.719503,0.719848,1000
10874,10874,0.721177,0.721486,0.720730,0.721108,1000
10875,10875,0.722310,0.722685,0.721957,0.722321,1000
10876,10876,0.722818,0.722893,0.722629,0.722761,1000
10877,10877,0.722787,0.722750,0.722741,0.722745,1000
10878,10878,0.722538,0.722569,0.722417,0.722493,1000
10879,10879,0.721682,0.721902,0.721396,0.721649,1000
10880,10880,0.721562,0.721596,0.721551,0.721574,1000
10881,10881,0.720847,0.721086,0.720668,0.720877,1000
10882,10882,0.720020,0.720324,0.719850,0.720087,1000
10883,10883,0.719216,0.719443,0.718891,0.719167,1000
10884,10884,0.718586,0.718754,0.718401,0.718578,1000
10885,10885,0.718039,0.718286,0.718036,0.718161,1000
10886,10886,0.717965,0.718029,0.717915,0.717972,1000
10887,10887,0.717587,0.717719,0.717502,0.717611,1000
10888,10888,0.717533,0.717535,0.717471,0.717503,1000
10889,10889,0.716893,0.717076,0.716709,0.716893,1000
10890,10890,0.716793,0.716824,0.716765,0.716795,1000
10891,10891,0.716712,0.716726,0.716667,0.716697,1000
10892,10892,0.716258,0.716401,0.716148,0.716275,1000
10893,10893,0.715903,0.716061,0.715878,0.715970,1000
10894,10894,0.715943,0.715932,0.715900,0.715916,1000
10895,10895,0.715571,0.715696,0.715507,0.715602,1000
10896,10896,0.715048,0.715188,0.714834,0.715011,1000
10897,10897,0.714712,0.714833,0.714681,0.714757,1000
10898,10898,0.713871,0.714142,0.713615,0.713879,1000
10899,10899,0.713395,0.713549,0.713266,0.713408,1000
10900,10900,0.712719,0.712938,0.712535,0.712736,1000
10901,10901,0.712556,0.712609,0.712499,0.712554,1000
10902,10902,0.712617,0.712551,0.712549,0.712550,1000
10903,10903,0.712669,0.712754,0.712660,0.712707,1000
10904,10904,0.712885,0.713003,0.712866,0.712935,1000
10905,10905,0.713472,0.713631,0.713310,0.713470,1000
10906,10906,0.714057,0.714190,0.713858,0.714024,1000
10907,10907,0.713877,0.713909,0.713812,0.713861,1000
10908,10908,0.714168,0.714201,0.714044,0.714122,1000
10909,10909,0.713629,0.713786,0.713498,0.713642,1000
10910,10910,0.713554,0.713572,0.713512,0.713542,1000
10911,10911,0.713095,0.713263,0.713025,0.713144,1000
10912,10912,0.712460,0.712647,0.712222,0.712435,1000
10913,10913,0.711177,0.711521,0.710739,0.711130,1000
10914,10914,0.710196,0.710471,0.709906,0.710189,1000
10915,10915,0.709378,0.709638,0.709166,0.709402,1000
10916,10916,0.708877,0.709022,0.708697,0.708860,1000
10917,10917,0.707716,0.708060,0.707375,0.707718,1000
10918,10918,0.707333,0.707452,0.707224,0.707338,1000
10919,10919,0.707093,0.707160,0.707007,0.707083,1000
10920,10920,0.706790,0.706837,0.706626,0.706732,1000
10921,10921,0.706231,0.706381,0.706080,0.706230,1000
10922,10922,0.706247,0.706243,0.706237,0.706240,1000
10923,10923,0.705771,0.705961,0.705722,0.705842,1000
10924,10924,0.705265,0.705448,0.705112,0.705280,1000
10925,10925,0.705189,0.705239,0.705203,0.705221,1000
10926,10926,0.705314,0.705276,0.705250,0.705263,1000
10927,10927,0.705571,0.705672,0.705483,0.705578,1000
10928,10928,0.705731,0.705700,0.705644,0.705672,1000
10929,10929,0.705415,0.705483,0.705322,0.705403,1000
10930,10930,0.705901,0.706072,0.705763,0.705917,1000
10931,10931,0.706222,0.706382,0.706168,0.706275,1000
10932,10932,0.707037,0.707254,0.706802,0.707028,1000
10933,10933,0.708155,0.708488,0.707814,0.708151,1000
10934,10934,0.709128,0.709414,0.708831,0.709122,1000
10935,10935,0.709587,0.709654,0.709408,0.709531,1000
10936,10936,0.710385,0.710630,0.710122,0.710376,1000
10937,10937,0.710664,0.710811,0.710610,0.710711,1000
10938,10938,0.711330,0.711442,0.711104,0.711273,1000
10939,10939,0.712165,0.712454,0.711909,0.712182,1000
10940,10940,0.712678,0.712772,0.712499,0.712636,1000
10941,10941,0.712750,0.712821,0.712736,0.712778,1000
10942,10942,0.713056,0.713114,0.712959,0.713036,1000
10943,10943,0.713350,0.713436,0.713252,0.713344,1000
10944,10944,0.713730,0.713792,0.713585,0.713688,1000
10945,10945,0.714110,0.714333,0.714036,0.714185,1000
10946,10946,0.715066,0.715262,0.714765,0.715013,1000
10947,10947,0.715483,0.715662,0.715362,0.715512,1000
10948,10948,0.715883,0.716084,0.715820,0.715952,1000
10949,10949,0.716180,0.716276,0.716126,0.716201,1000
10950,10950,0.716090,0.716141,0.716089,0.716115,1000
10951,10951,0.716374,0.716390,0.716263,0.716327,1000
10952,10952,0.717226,0.717406,0.716907,0.717157,1000
10953,10953,0.717877,0.718111,0.717670,0.717891,1000
10954,10954,0.718721,0.718946,0.718459,0.718702,1000
10955,10955,0.719645,0.719911,0.719353,0.719632,1000
10956,10956,0.720905,0.721216,0.720485,0.720850,1000
10957,10957,0.721879,0.722156,0.721553,0.721854,1000
10958,10958,0.722628,0.722847,0.722388,0.722618,1000
10959,10959,0.723028,0.723222,0.722943,0.723082,1000
10960,10960,0.723320,0.723398,0.723252,0.723325,1000
10961,10961,0.723624,0.723740,0.723548,0.723644,1000
10962,10962,0.724208,0.724337,0.724017,0.724177,1000
10963,10963,0.724888,0.725143,0.724697,0.724920,1000
10964,10964,0.725708,0.725928,0.725463,0.725695,1000
10965,10965,0.726658,0.726904,0.726346,0.726625,1000
10966,10966,0.727128,0.727244,0.726958,0.727101,1000
10967,10967,0.727908,0.728060,0.727617,0.727839,1000
10968,10968,0.728367,0.728469,0.728178,0.728324,1000
10969,10969,0.728545,0.728594,0.728469,0.728532,1000
10970,10970,0.728547,0.728552,0.728542,0.728547,1000
10971,10971,0.728930,0.729035,0.728810,0.728922,1000
10972,10972,0.729162,0.729223,0.729084,0.729154,1000
10973,10973,0.729813,0.729852,0.729530,0.729691,1000
10974,10974,0.729910,0.729938,0.729824,0.729881,1000
10975,10975,0.729843,0.729839,0.729803,0.729821,1000
10976,10976,0.730119,0.730179,0.730014,0.730097,1000
10977,10977,0.729449,0.729689,0.729339,0.729514,1000
10978,10978,0.729242,0.729345,0.729200,0.729273,1000
10979,10979,0.728806,0.728953,0.728679,0.728816,1000
10980,10980,0.727963,0.728217,0.727705,0.727961,1000
10981,10981,0.727186,0.727421,0.726959,0.727190,1000
10982,10982,0.725964,0.726319,0.725573,0.725946,1000
10983,10983,0.725086,0.725328,0.724800,0.725064,1000
10984,10984,0.724069,0.724369,0.723773,0.724071,1000
10985,10985,0.723319,0.723578,0.723157,0.723367,1000
10986,10986,0.722882,0.722982,0.722651,0.722816,1000
10987,10987,0.722393,0.722507,0.722241,0.722374,1000
10988,10988,0.722045,0.722144,0.721947,0.722046,1000
10989,10989,0.722246,0.722271,0.722167,0.722219,1000
10990,10990,0.721951,0.722040,0.721886,0.721963,1000
10991,10991,0.721728,0.721839,0.721732,0.721786,1000
10992,10992,0.721376,0.721462,0.721185,0.721323,1000
10993,10993,0.720612,0.720813,0.720377,0.720595,1000
10994,10994,0.719855,0.720073,0.719626,0.719849,1000
10995,10995,0.719499,0.719671,0.719519,0.719595,1000
10996,10996,0.719563,0.719588,0.719582,0.719585,1000
10997,10997,0.719784,0.719855,0.719731,0.719793,1000
10998,10998,0.719445,0.719541,0.719324,0.719432,1000
10999,10999,0.718462,0.718735,0.718138,0.718436,1000
11000,11000,0.717801,0.718028,0.717678,0.717853,1000
11001,11001,0.716915,0.717210,0.716660,0.716935,1000
11002,11002,0.716191,0.716425,0.715987,0.716206,1000
11003,11003,0.715587,0.715742,0.715344,0.715543,1000
11004,11004,0.715277,0.715377,0.715235,0.715306,1000
11005,11005,0.715144,0.715210,0.715127,0.715168,1000
11006,11006,0.714535,0.714719,0.714335,0.714527,1000
11007,11007,0.713930,0.714155,0.713835,0.713995,1000
11008,11008,0.713216,0.713402,0.712894,0.713148,1000
11009,11009,0.712162,0.712512,0.711967,0.712240,1000
11010,11010,0.711552,0.711779,0.711385,0.711582,1000
11011,11011,0.710843,0.711115,0.710714,0.710915,1000
11012,11012,0.710367,0.710537,0.710213,0.710375,1000
11013,11013,0.710121,0.710228,0.710102,0.710165,1000
11014,11014,0.710440,0.710480,0.710335,0.710407,1000
11015,11015,0.710586,0.710622,0.710523,0.710572,1000
11016,11016,0.711422,0.711628,0.711141,0.711384,1000
11017,11017,0.711869,0.711951,0.711689,0.711820,1000
11018,11018,0.712439,0.712653,0.712268,0.712461,1000
11019,11019,0.713729,0.714106,0.713346,0.713726,1000
11020,11020,0.714524,0.714731,0.714267,0.714499,1000
11021,11021,0.715175,0.715432,0.715001,0.715217,1000
11022,11022,0.716057,0.716351,0.715828,0.716089,1000
11023,11023,0.716834,0.717093,0.716629,0.716861,1000
11024,11024,0.718065,0.718360,0.717667,0.718014,1000
11025,11025,0.718926,0.719172,0.718637,0.718904,1000
11026,11026,0.719840,0.720118,0.719558,0.719838,1000
11027,11027,0.720409,0.720529,0.720210,0.720370,1000
11028,11028,0.720891,0.721024,0.720722,0.720873,1000
11029,11029,0.721732,0.721983,0.721471,0.721727,1000
11030,11030,0.722652,0.722825,0.722318,0.722572,1000
11031,11031,0.723247,0.723394,0.723014,0.723204,1000
11032,11032,0.723986,0.724254,0.723769,0.724012,1000
11033,11033,0.724800,0.724883,0.724481,0.724682,1000
11034,11034,0.724614,0.724715,0.724700,0.724708,1000
11035,11035,0.724221,0.724369,0.724079,0.724224,1000
11036,11036,0.723704,0.723880,0.723586,0.723733,1000
11037,11037,0.723277,0.723419,0.723150,0.723285,1000
11038,11038,0.722804,0.723004,0.722764,0.722884,1000
11039,11039,0.722747,0.722780,0.722691,0.722736,1000
11040,11040,0.722455,0.722521,0.722337,0.722429,1000
11041,11041,0.722242,0.722276,0.722144,0.722210,1000
11042,11042,0.721927,0.722017,0.721851,0.721934,1000
11043,11043,0.721631,0.721738,0.721569,0.721653,1000
11044,11044,0.721201,0.721285,0.720969,0.721127,1000
11045,11045,0.720358,0.720623,0.720191,0.720407,1000
11046,11046,0.719670,0.719921,0.719505,0.719713,1000
11047,11047,0.718550,0.718895,0.718195,0.718545,1000
11048,11048,0.717817,0.718011,0.717554,0.717783,1000
11049,11049,0.717089,0.717290,0.716869,0.717080,1000
11050,11050,0.716171,0.716422,0.715860,0.716141,1000
11051,11051,0.715372,0.715579,0.715097,0.715338,1000
11052,11052,0.714128,0.714557,0.713888,0.714222,1000
11053,11053,0.713377,0.713595,0.713058,0.713326,1000
11054,11054,0.712051,0.712413,0.711632,0.712023,1000
11055,11055,0.710650,0.711057,0.710230,0.710643,1000
11056,11056,0.709706,0.710035,0.709515,0.709775,1000
11057,11057,0.709174,0.709372,0.709027,0.709200,1000
11058,11058,0.709318,0.709242,0.709223,0.709233,1000
11059,11059,0.709121,0.709186,0.709146,0.709166,1000
11060,11060,0.709459,0.709511,0.709351,0.709431,1000
11061,11061,0.709678,0.709763,0.709610,0.709686,1000
11062,11062,0.709363,0.709465,0.709276,0.709371,1000
11063,11063,0.709492,0.709517,0.709450,0.709483,1000
11064,11064,0.709508,0.709490,0.709487,0.709488,1000
11065,11065,0.708506,0.708825,0.708257,0.708541,1000
11066,11066,0.707620,0.707890,0.707333,0.707611,1000
11067,11067,0.707327,0.707479,0.707366,0.707422,1000
11068,11068,0.706973,0.707106,0.706835,0.706970,1000
11069,11069,0.706818,0.706851,0.706749,0.706800,1000
11070,11070,0.706499,0.706568,0.706369,0.706469,1000
11071,11071,0.706485,0.706521,0.706497,0.706509,1000
11072,11072,0.706460,0.706472,0.706441,0.706456,1000
11073,11073,0.705900,0.706033,0.705671,0.705852,1000
11074,11074,0.705759,0.705760,0.705680,0.705720,1000
11075,11075,0.706044,0.706085,0.705916,0.706001,1000
11076,11076,0.706529,0.706647,0.706349,0.706498,1000
11077,11077,0.706625,0.706706,0.706610,0.706658,1000
11078,11078,0.706210,0.706356,0.706098,0.706227,1000
11079,11079,0.706055,0.706136,0.706057,0.706096,1000
11080,11080,0.706087,0.706069,0.706046,0.706058,1000
11081,11081,0.705432,0.705629,0.705261,0.705445,1000
11082,11082,0.704793,0.704965,0.704554,0.704759,1000
11083,11083,0.704406,0.704481,0.704242,0.704361,1000
11084,11084,0.704043,0.704140,0.703951,0.704045,1000
11085,11085,0.703658,0.703749,0.703494,0.703622,1000
11086,11086,0.703664,0.703685,0.703656,0.703671,1000
11087,11087,0.704366,0.704513,0.704124,0.704319,1000
11088,11088,0.704723,0.704878,0.704620,0.704749,1000
11089,11089,0.705193,0.705333,0.705063,0.705198,1000
11090,11090,0.705682,0.705765,0.705503,0.705634,1000
11091,11091,0.706283,0.706397,0.706045,0.706221,1000
11092,11092,0.707220,0.707485,0.706902,0.707193,1000
11093,11093,0.707736,0.707957,0.707605,0.707781,1000
11094,11094,0.708140,0.708271,0.708045,0.708158,1000
11095,11095,0.709084,0.709349,0.708799,0.709074,1000
11096,11096,0.709505,0.709517,0.709312,0.709415,1000
11097,11097,0.709669,0.709773,0.709607,0.709690,1000
11098,11098,0.710130,0.710303,0.710020,0.710161,1000
11099,11099,0.710654,0.710813,0.710512,0.710663,1000
11100,11100,0.710704,0.710687,0.710676,0.710681,1000
11101,11101,0.710857,0.710917,0.710808,0.710862,1000
11102,11102,0.711336,0.711532,0.711223,0.711377,1000
11103,11103,0.711939,0.712147,0.711792,0.711969,1000
11104,11104,0.712670,0.712941,0.712492,0.712716,1000
11105,11105,0.713267,0.713442,0.713107,0.713275,1000
11106,11106,0.714016,0.714177,0.713760,0.713969,1000
11107,11107,0.714777,0.715071,0.714562,0.714817,1000
11108,11108,0.715787,0.716109,0.715512,0.715811,1000
11109,11109,0.717166,0.717635,0.716792,0.717214,1000
11110,11110,0.718154,0.718427,0.717867,0.718147,1000
11111,11111,0.719565,0.719983,0.719135,0.719559,1000
11112,11112,0.721032,0.721438,0.720570,0.721004,1000
11113,11113,0.722355,0.722809,0.721975,0.722392,1000
11114,11114,0.723818,0.724232,0.723382,0.723807,1000
11115,11115,0.724986,0.725284,0.724602,0.724943,1000
11116,11116,0.725898,0.726179,0.725608,0.725893,1000
11117,11117,0.727388,0.727855,0.726949,0.727402,1000
11118,11118,0.728036,0.728238,0.727852,0.728045,1000
11119,11119,0.728758,0.728914,0.728512,0.728713,1000
11120,11120,0.729176,0.729281,0.729019,0.729150,1000
11121,11121,0.729151,0.729190,0.729172,0.729181,1000
11122,11122,0.729506,0.729653,0.729435,0.729544,1000
11123,11123,0.729947,0.730054,0.729818,0.729936,1000
11124,11124,0.730145,0.730272,0.730117,0.730195,1000
11125,11125,0.729984,0.730058,0.729941,0.729999,1000
11126,11126,0.730176,0.730274,0.730147,0.730211,1000
11127,11127,0.730414,0.730419,0.730323,0.730371,1000
11128,11128,0.730600,0.730696,0.730546,0.730621,1000
11129,11129,0.731159,0.731334,0.731005,0.731169,1000
11130,11130,0.731495,0.731703,0.731457,0.731580,1000
11131,11131,0.732304,0.732460,0.732054,0.732257,1000
11132,11132,0.732742,0.732869,0.732586,0.732727,1000
11133,11133,0.732974,0.733048,0.732900,0.732974,1000
11134,11134,0.733561,0.733760,0.733397,0.733579,1000
11135,11135,0.734238,0.734397,0.734019,0.734208,1000
11136,11136,0.734627,0.734770,0.734511,0.734641,1000
11137,11137,0.734888,0.734966,0.734816,0.734891,1000
11138,11138,0.734394,0.734522,0.734207,0.734364,1000
11139,11139,0.733783,0.733959,0.733611,0.733785,1000
11140,11140,0.733716,0.733712,0.733649,0.733681,1000
11141,11141,0.733121,0.733333,0.733036,0.733185,1000
11142,11142,0.732862,0.732932,0.732716,0.732824,1000
11143,11143,0.732373,0.732477,0.732180,0.732329,1000
11144,11144,0.732269,0.732273,0.732226,0.732250,1000
11145,11145,0.731931,0.732022,0.731826,0.731924,1000
11146,11146,0.731611,0.731734,0.731571,0.731652,1000
11147,11147,0.731663,0.731629,0.731609,0.731619,1000
11148,11148,0.731738,0.731815,0.731724,0.731770,1000
11149,11149,0.731457,0.731534,0.731333,0.731434,1000
11150,11150,0.731592,0.731721,0.731589,0.731655,1000
11151,11151,0.731945,0.731991,0.731836,0.731913,1000
11152,11152,0.732064,0.732080,0.732003,0.732042,1000
11153,11153,0.732315,0.732429,0.732250,0.732340,1000
11154,11154,0.732632,0.732634,0.732498,0.732566,1000
11155,11155,0.732783,0.732840,0.732714,0.732777,1000
11156,11156,0.733024,0.733160,0.732983,0.733071,1000
11157,11157,0.732427,0.732595,0.732187,0.732391,1000
11158,11158,0.731358,0.731647,0.731009,0.731328,1000
11159,11159,0.730709,0.730876,0.730489,0.730682,1000
11160,11160,0.730346,0.730409,0.730175,0.730292,1000
11161,11161,0.729947,0.730044,0.729833,0.729939,1000
11162,11162,0.730023,0.730012,0.729978,0.729995,1000
11163,11163,0.729716,0.729834,0.729696,0.729765,1000
11164,11164,0.729756,0.729809,0.729789,0.729799,1000
11165,11165,0.730227,0.730357,0.730099,0.730228,1000
11166,11166,0.731030,0.731332,0.730822,0.731077,1000
11167,11167,0.731497,0.731612,0.731365,0.731489,1000
11168,11168,0.731393,0.731444,0.731406,0.731425,1000
11169,11169,0.731185,0.731267,0.731132,0.731200,1000
11170,11170,0.731336,0.731360,0.731286,0.731323,1000
11171,11171,0.731942,0.732105,0.731744,0.731925,1000
11172,11172,0.732065,0.732129,0.732035,0.732082,1000
11173,11173,0.732056,0.732084,0.732083,0.732083,1000
11174,11174,0.732445,0.732624,0.732374,0.732499,1000
11175,11175,0.732839,0.732927,0.732729,0.732828,1000
11176,11176,0.733041,0.733223,0.733040,0.733131,1000
11177,11177,0.733426,0.733527,0.733345,0.733436,1000
11178,11178,0.733679,0.733836,0.733651,0.733744,1000
11179,11179,0.734463,0.734712,0.734265,0.734488,1000
11180,11180,0.735148,0.735362,0.734958,0.735160,1000
11181,11181,0.736085,0.736400,0.735827,0.736114,1000
11182,11182,0.736739,0.736899,0.736536,0.736717,1000
11183,11183,0.737388,0.737591,0.737188,0.737390,1000
11184,11184,0.737867,0.738034,0.737736,0.737885,1000
11185,11185,0.738612,0.738784,0.738369,0.738577,1000
11186,11186,0.739493,0.739726,0.739195,0.739461,1000
11187,11187,0.740482,0.740752,0.740156,0.740454,1000
11188,11188,0.741792,0.742235,0.741412,0.741823,1000
11189,11189,0.742802,0.743106,0.742514,0.742810,1000
11190,11190,0.743302,0.743420,0.743138,0.743279,1000
11191,11191,0.744098,0.744335,0.743847,0.744091,1000
11192,11192,0.745456,0.745929,0.745080,0.745505,1000
11193,11193,0.747240,0.747811,0.746746,0.747278,1000
11194,11194,0.749117,0.749639,0.748549,0.749094,1000
11195,11195,0.750905,0.751466,0.750370,0.750918,1000
11196,11196,0.752630,0.753165,0.752127,0.752646,1000
11197,11197,0.754614,0.755145,0.753991,0.754568,1000
11198,11198,0.757194,0.757976,0.756401,0.757189,1000
11199,11199,0.759075,0.759655,0.758516,0.759085,1000
11200,11200,0.760457,0.760817,0.760017,0.760417,1000
11201,11201,0.761778,0.762201,0.761377,0.761789,1000
11202,11202,0.763328,0.763836,0.762890,0.763363,1000
11203,11203,0.764123,0.764315,0.763876,0.764095,1000
11204,11204,0.764720,0.764855,0.764504,0.764680,1000
11205,11205,0.765539,0.765753,0.765258,0.765505,1000
11206,11206,0.766477,0.766709,0.766153,0.766431,1000
11207,11207,0.766803,0.766904,0.766686,0.766795,1000
11208,11208,0.767725,0.768048,0.767470,0.767759,1000
11209,11209,0.768961,0.769228,0.768550,0.768889,1000
11210,11210,0.770128,0.770498,0.769755,0.770127,1000
11211,11211,0.771209,0.771510,0.770871,0.771191,1000
11212,11212,0.772554,0.772899,0.772110,0.772504,1000
11213,11213,0.774188,0.774682,0.773676,0.774179,1000
11214,11214,0.775872,0.776396,0.775372,0.775884,1000
11215,11215,0.777384,0.777821,0.776926,0.777374,1000
11216,11216,0.778222,0.778501,0.777980,0.778241,1000
11217,11217,0.778919,0.779158,0.778734,0.778946,1000
11218,11218,0.780199,0.780553,0.779811,0.780182,1000
11219,11219,0.780866,0.781048,0.780648,0.780848,1000
11220,11220,0.781403,0.781557,0.781230,0.781393,1000
11221,11221,0.781558,0.781676,0.781545,0.781610,1000
11222,11222,0.781832,0.781864,0.781747,0.781805,1000
11223,11223,0.782329,0.782475,0.782166,0.782320,1000
11224,11224,0.782436,0.782483,0.782408,0.782446,1000
11225,11225,0.783198,0.783426,0.782974,0.783200,1000
11226,11226,0.784166,0.784456,0.783876,0.784166,1000
11227,11227,0.785093,0.785325,0.784790,0.785058,1000
11228,11228,0.786441,0.786802,0.785996,0.786399,1000
11229,11229,0.788443,0.789020,0.787809,0.788415,1000
11230,11230,0.790073,0.790519,0.789547,0.790033,1000
11231,11231,0.791513,0.791969,0.791075,0.791522,1000
11232,11232,0.792943,0.793413,0.792539,0.792976,1000
11233,11233,0.794368,0.794752,0.793932,0.794342,1000
11234,11234,0.795848,0.796313,0.795403,0.795858,1000
11235,11235,0.797136,0.797537,0.796762,0.797149,1000
11236,11236,0.797960,0.798210,0.797720,0.797965,1000
11237,11237,0.798860,0.799168,0.798612,0.798890,1000
11238,11238,0.799741,0.800095,0.799539,0.799817,1000
11239,11239,0.801610,0.802133,0.801063,0.801598,1000
11240,11240,0.802990,0.803392,0.802564,0.802978,1000
11241,11241,0.804133,0.804514,0.803805,0.804160,1000
11242,11242,0.805224,0.805481,0.804871,0.805176,1000
11243,11243,0.805880,0.806241,0.805749,0.805995,1000
11244,11244,0.806226,0.806338,0.806180,0.806259,1000
11245,11245,0.806259,0.806272,0.806266,0.806269,1000
11246,11246,0.806062,0.806119,0.805990,0.806054,1000
11247,11247,0.805297,0.805536,0.805092,0.805314,1000
11248,11248,0.805080,0.805125,0.804963,0.805044,1000
11249,11249,0.804779,0.804907,0.804790,0.804848,1000
11250,11250,0.804092,0.804298,0.803826,0.804062,1000
11251,11251,0.803433,0.803614,0.803231,0.803422,1000
11252,11252,0.802797,0.803013,0.802662,0.802838,1000
11253,11253,0.802938,0.802928,0.802886,0.802907,1000
11254,11254,0.803416,0.803625,0.803294,0.803460,1000
11255,11255,0.804180,0.804449,0.803992,0.804220,1000
11256,11256,0.804573,0.804756,0.804509,0.804633,1000
11257,11257,0.804825,0.804869,0.804760,0.804815,1000
11258,11258,0.805219,0.805416,0.805138,0.805277,1000
11259,11259,0.805995,0.806218,0.805784,0.806001,1000
11260,11260,0.806169,0.806216,0.806117,0.806167,1000
11261,11261,0.805980,0.806039,0.805930,0.805985,1000
11262,11262,0.806031,0.806143,0.806070,0.806106,1000
11263,11263,0.806559,0.806613,0.806379,0.806496,1000
11264,11264,0.806932,0.806920,0.806724,0.806822,1000
11265,11265,0.806599,0.806725,0.806642,0.806684,1000
11266,11266,0.806708,0.806778,0.806735,0.806757,1000
11267,11267,0.806440,0.806479,0.806241,0.806360,1000
11268,11268,0.806043,0.806132,0.805937,0.806035,1000
11269,11269,0.805982,0.805980,0.805934,0.805957,1000
11270,11270,0.805285,0.805420,0.804960,0.805190,1000
11271,11271,0.804080,0.804429,0.803778,0.804104,1000
11272,11272,0.803674,0.803783,0.803507,0.803645,1000
11273,11273,0.802559,0.802867,0.802201,0.802534,1000
11274,11274,0.801664,0.801910,0.801375,0.801642,1000
11275,11275,0.800828,0.801121,0.800674,0.800898,1000
11276,11276,0.800516,0.800651,0.800439,0.800545,1000
11277,11277,0.800328,0.800380,0.800238,0.800309,1000
11278,11278,0.800810,0.800974,0.800667,0.800821,1000
11279,11279,0.800952,0.800934,0.800881,0.800907,1000
11280,11280,0.801130,0.801137,0.801031,0.801084,1000
11281,11281,0.801096,0.801107,0.801096,0.801101,1000
11282,11282,0.800507,0.800680,0.800320,0.800500,1000
11283,11283,0.800169,0.800265,0.800064,0.800165,1000
11284,11284,0.800504,0.800602,0.800400,0.800501,1000
11285,11285,0.800832,0.800828,0.800677,0.800752,1000
11286,11286,0.801305,0.801434,0.801119,0.801276,1000
11287,11287,0.801944,0.802178,0.801762,0.801970,1000
11288,11288,0.803049,0.803285,0.802678,0.802981,1000
11289,11289,0.804290,0.804640,0.803874,0.804257,1000
11290,11290,0.805823,0.806226,0.805317,0.805771,1000
11291,11291,0.807283,0.807683,0.806800,0.807242,1000
11292,11292,0.807799,0.808091,0.807699,0.807895,1000
11293,11293,0.808703,0.808947,0.808461,0.808704,1000
11294,11294,0.809226,0.809278,0.809013,0.809146,1000
11295,11295,0.809749,0.809994,0.809602,0.809798,1000
11296,11296,0.810066,0.810137,0.809980,0.810058,1000
11297,11297,0.810133,0.810159,0.810113,0.810136,1000
11298,11298,0.810231,0.810256,0.810201,0.810228,1000
11299,11299,0.810662,0.810765,0.810517,0.810641,1000
11300,11300,0.810336,0.810443,0.810274,0.810359,1000
11301,11301,0.809929,0.810045,0.809776,0.809910,1000
11302,11302,0.809932,0.809970,0.809942,0.809956,1000
11303,11303,0.809905,0.809896,0.809845,0.809871,1000
11304,11304,0.809855,0.809837,0.809809,0.809823,1000
11305,11305,0.809639,0.809634,0.809472,0.809553,1000
11306,11306,0.810366,0.810570,0.810100,0.810335,1000
11307,11307,0.811089,0.811335,0.810873,0.811104,1000
11308,11308,0.812178,0.812544,0.811879,0.812212,1000
11309,11309,0.813355,0.813676,0.813000,0.813338,1000
11310,11310,0.814043,0.814252,0.813830,0.814041,1000
11311,11311,0.814974,0.815318,0.814728,0.815023,1000
11312,11312,0.816043,0.816383,0.815755,0.816069,1000
11313,11313,0.816609,0.816710,0.816414,0.816562,1000
11314,11314,0.817641,0.817892,0.817278,0.817585,1000
11315,11315,0.818489,0.818794,0.818236,0.818515,1000
11316,11316,0.819004,0.819132,0.818847,0.818990,1000
11317,11317,0.820191,0.820606,0.819860,0.820233,1000
11318,11318,0.821439,0.821812,0.821083,0.821447,1000
11319,11319,0.822565,0.822937,0.822249,0.822593,1000
11320,11320,0.823907,0.824240,0.823479,0.823860,1000
11321,11321,0.824967,0.825327,0.824649,0.824988,1000
11322,11322,0.825779,0.825909,0.825484,0.825697,1000
11323,11323,0.825978,0.826140,0.825935,0.826038,1000
11324,11324,0.826469,0.826674,0.826381,0.826527,1000
11325,11325,0.826815,0.826909,0.826733,0.826821,1000
11326,11326,0.827389,0.827548,0.827212,0.827380,1000
11327,11327,0.828110,0.828371,0.827913,0.828142,1000
11328,11328,0.829100,0.829346,0.828790,0.829068,1000
11329,11329,0.829394,0.829562,0.829334,0.829448,1000
11330,11330,0.830007,0.830126,0.829813,0.829970,1000
11331,11331,0.830565,0.830764,0.830398,0.830581,1000
11332,11332,0.831728,0.832025,0.831358,0.831692,1000
11333,11333,0.833100,0.833454,0.832640,0.833047,1000
11334,11334,0.834203,0.834488,0.833823,0.834156,1000
11335,11335,0.834694,0.834904,0.834558,0.834731,1000
11336,11336,0.835015,0.835084,0.834921,0.835002,1000
11337,11337,0.835124,0.835077,0.835043,0.835060,1000
11338,11338,0.834587,0.834746,0.834477,0.834612,1000
11339,11339,0.834554,0.834579,0.834552,0.834566,1000
11340,11340,0.834465,0.834481,0.834409,0.834445,1000
11341,11341,0.834747,0.834760,0.834615,0.834687,1000
11342,11342,0.834513,0.834553,0.834438,0.834495,1000
11343,11343,0.833760,0.833991,0.833559,0.833775,1000
11344,11344,0.833404,0.833525,0.833310,0.833417,1000
11345,11345,0.833428,0.833374,0.833338,0.833356,1000
11346,11346,0.832911,0.833046,0.832781,0.832914,1000
11347,11347,0.832665,0.832704,0.832524,0.832614,1000
11348,11348,0.832914,0.833059,0.832854,0.832957,1000
11349,11349,0.833079,0.833083,0.833025,0.833054,1000
11350,11350,0.833340,0.833388,0.833234,0.833311,1000
11351,11351,0.833623,0.833653,0.833495,0.833574,1000
11352,11352,0.834171,0.834308,0.833969,0.834138,1000
11353,11353,0.834730,0.834848,0.834520,0.834684,1000
11354,11354,0.836122,0.836551,0.835689,0.836120,1000
11355,11355,0.837464,0.837915,0.837086,0.837500,1000
11356,11356,0.837673,0.837719,0.837618,0.837669,1000
11357,11357,0.837829,0.837848,0.837765,0.837807,1000
11358,11358,0.837864,0.837979,0.837899,0.837939,1000
11359,11359,0.838405,0.838590,0.838290,0.838440,1000
11360,11360,0.839556,0.839924,0.839239,0.839581,1000
11361,11361,0.840801,0.841136,0.840418,0.840777,1000
11362,11362,0.841702,0.842005,0.841438,0.841722,1000
11363,11363,0.843210,0.843692,0.842782,0.843237,1000
11364,11364,0.844792,0.845289,0.844341,0.844815,1000
11365,11365,0.846298,0.846816,0.845892,0.846354,1000
11366,11366,0.848001,0.848464,0.847490,0.847977,1000
11367,11367,0.849333,0.849738,0.848924,0.849331,1000
11368,11368,0.850178,0.850376,0.849894,0.850135,1000
11369,11369,0.850732,0.850918,0.850557,0.850738,1000
11370,11370,0.851302,0.851524,0.851161,0.851342,1000
11371,11371,0.852853,0.853378,0.852438,0.852908,1000
11372,11372,0.854555,0.854956,0.854010,0.854483,1000
11373,11373,0.856324,0.856841,0.855752,0.856297,1000
11374,11374,0.858300,0.858859,0.857675,0.858267,1000
11375,11375,0.860414,0.860936,0.859703,0.860319,1000
11376,11376,0.862506,0.863133,0.861833,0.862483,1000
11377,11377,0.864230,0.864704,0.863678,0.864191,1000
11378,11378,0.865481,0.865887,0.865104,0.865495,1000
11379,11379,0.866647,0.866984,0.866297,0.866640,1000
11380,11380,0.867400,0.867708,0.867215,0.867461,1000
11381,11381,0.867952,0.868234,0.867877,0.868055,1000
11382,11382,0.869171,0.869452,0.868807,0.869129,1000
11383,11383,0.870092,0.870374,0.869799,0.870087,1000
11384,11384,0.871513,0.871863,0.871043,0.871453,1000
11385,11385,0.873121,0.873633,0.872626,0.873130,1000
11386,11386,0.874552,0.874945,0.874107,0.874526,1000
11387,11387,0.875609,0.875999,0.875319,0.875659,1000
11388,11388,0.876544,0.876884,0.876318,0.876601,1000
11389,11389,0.877124,0.877288,0.876971,0.877129,1000
11390,11390,0.877283,0.877371,0.877260,0.877316,1000
11391,11391,0.877785,0.877877,0.877618,0.877748,1000
11392,11392,0.877849,0.877861,0.877809,0.877835,1000
11393,11393,0.877551,0.877637,0.877468,0.877553,1000
11394,11394,0.877353,0.877359,0.877193,0.877276,1000
11395,11395,0.876075,0.876435,0.875714,0.876074,1000
11396,11396,0.875494,0.875630,0.875249,0.875439,1000
11397,11397,0.874862,0.875038,0.874693,0.874865,1000
11398,11398,0.873834,0.874136,0.873512,0.873824,1000
11399,11399,0.872145,0.872638,0.871622,0.872130,1000
11400,11400,0.871012,0.871365,0.870710,0.871037,1000
11401,11401,0.869640,0.870059,0.869221,0.869640,1000
11402,11402,0.867996,0.868550,0.867616,0.868083,1000
11403,11403,0.866395,0.866896,0.865881,0.866389,1000
11404,11404,0.865145,0.865531,0.864797,0.865164,1000
11405,11405,0.864132,0.864452,0.863842,0.864147,1000
11406,11406,0.862829,0.863216,0.862419,0.862817,1000
11407,11407,0.861863,0.862170,0.861615,0.861893,1000
11408,11408,0.861218,0.861429,0.861032,0.861230,1000
11409,11409,0.859767,0.860182,0.859285,0.859733,1000
11410,11410,0.858186,0.858657,0.857735,0.858196,1000
11411,11411,0.856668,0.857102,0.856165,0.856633,1000
11412,11412,0.855322,0.855639,0.854787,0.855213,1000
11413,11413,0.854304,0.854602,0.854079,0.854341,1000
11414,11414,0.853737,0.853896,0.853515,0.853706,1000
11415,11415,0.853315,0.853369,0.853080,0.853224,1000
11416,11416,0.852505,0.852676,0.852206,0.852441,1000
11417,11417,0.851883,0.852060,0.851735,0.851897,1000
11418,11418,0.851518,0.851627,0.851395,0.851511,1000
11419,11419,0.851458,0.851469,0.851434,0.851451,1000
11420,11420,0.851664,0.851805,0.851642,0.851724,1000
11421,11421,0.852764,0.853009,0.852415,0.852712,1000
11422,11422,0.853631,0.853919,0.853362,0.853640,1000
11423,11423,0.854244,0.854529,0.854119,0.854324,1000
11424,11424,0.854767,0.855006,0.854691,0.854848,1000
11425,11425,0.855443,0.855726,0.855321,0.855524,1000
11426,11426,0.855892,0.856033,0.855798,0.855916,1000
11427,11427,0.856200,0.856290,0.856117,0.856203,1000
11428,11428,0.856452,0.856513,0.856370,0.856441,1000
11429,11429,0.856200,0.856278,0.856137,0.856207,1000
11430,11430,0.856071,0.856103,0.856014,0.856059,1000
11431,11431,0.855816,0.855954,0.855864,0.855909,1000
11432,11432,0.856008,0.856073,0.855997,0.856035,1000
11433,11433,0.855209,0.855516,0.855072,0.855294,1000
11434,11434,0.854549,0.854817,0.854408,0.854613,1000
11435,11435,0.853938,0.854112,0.853684,0.853898,1000
11436,11436,0.853520,0.853656,0.853450,0.853553,1000
11437,11437,0.852894,0.853110,0.852730,0.852920,1000
11438,11438,0.851890,0.852220,0.851620,0.851920,1000
11439,11439,0.850438,0.850880,0.849990,0.850435,1000
11440,11440,0.849078,0.849492,0.848684,0.849088,1000
11441,11441,0.848655,0.848801,0.848555,0.848678,1000
11442,11442,0.848505,0.848591,0.848516,0.848554,1000
11443,11443,0.848311,0.848379,0.848230,0.848305,1000
11444,11444,0.847524,0.847725,0.847228,0.847477,1000
11445,11445,0.846866,0.847055,0.846694,0.846874,1000
11446,11446,0.846590,0.846610,0.846383,0.846496,1000
11447,11447,0.846383,0.846421,0.846357,0.846389,1000
11448,11448,0.845983,0.846156,0.845957,0.846057,1000
11449,11449,0.846130,0.846104,0.846082,0.846093,1000
11450,11450,0.845989,0.846033,0.845982,0.846008,1000
11451,11451,0.845607,0.845727,0.845487,0.845607,1000
11452,11452,0.845218,0.845395,0.845214,0.845305,1000
11453,11453,0.844732,0.844926,0.844602,0.844764,1000
11454,11454,0.844802,0.844812,0.844790,0.844801,1000
11455,11455,0.844683,0.844689,0.844593,0.844641,1000
11456,11456,0.844106,0.844250,0.843914,0.844082,1000
11457,11457,0.843420,0.843650,0.843280,0.843465,1000
11458,11458,0.842902,0.843033,0.842662,0.842848,1000
11459,11459,0.842020,0.842282,0.841798,0.842040,1000
11460,11460,0.840806,0.841177,0.840439,0.840808,1000
11461,11461,0.840124,0.840316,0.839894,0.840105,1000
11462,11462,0.839411,0.839613,0.839192,0.839403,1000
11463,11463,0.838555,0.838785,0.838256,0.838521,1000
11464,11464,0.837977,0.838080,0.837702,0.837891,1000
11465,11465,0.837460,0.837586,0.837324,0.837455,1000
11466,11466,0.836841,0.837044,0.836691,0.836868,1000
11467,11467,0.836907,0.836949,0.836911,0.836930,1000
11468,11468,0.837084,0.837104,0.837024,0.837064,1000
11469,11469,0.836576,0.836701,0.836391,0.836546,1000
11470,11470,0.836278,0.836331,0.836147,0.836239,1000
11471,11471,0.835602,0.835757,0.835343,0.835550,1000
11472,11472,0.835074,0.835203,0.834905,0.835054,1000
11473,11473,0.834264,0.834511,0.834046,0.834278,1000
11474,11474,0.833083,0.833466,0.832770,0.833118,1000
11475,11475,0.832991,0.833029,0.832952,0.832990,1000
11476,11476,0.832382,0.832534,0.832143,0.832339,1000
11477,11477,0.832365,0.832417,0.832381,0.832399,1000
11478,11478,0.832507,0.832543,0.832477,0.832510,1000
11479,11479,0.831716,0.831939,0.831450,0.831695,1000
11480,11480,0.831468,0.831535,0.831398,0.831466,1000
11481,11481,0.831325,0.831420,0.831381,0.831400,1000
11482,11482,0.831550,0.831665,0.831543,0.831604,1000
11483,11483,0.831140,0.831268,0.830979,0.831123,1000
11484,11484,0.830983,0.830948,0.830798,0.830873,1000
11485,11485,0.830526,0.830629,0.830420,0.830525,1000
11486,11486,0.830324,0.830410,0.830312,0.830361,1000
11487,11487,0.830373,0.830355,0.830350,0.830352,1000
11488,11488,0.829433,0.829706,0.829152,0.829429,1000
11489,11489,0.828957,0.829152,0.828915,0.829033,1000
11490,11490,0.828862,0.828884,0.828756,0.828820,1000
11491,11491,0.828394,0.828553,0.828325,0.828439,1000
11492,11492,0.829155,0.829329,0.828918,0.829123,1000
11493,11493,0.830121,0.830484,0.829856,0.830170,1000
11494,11494,0.830540,0.830692,0.830451,0.830572,1000
11495,11495,0.830909,0.831030,0.830818,0.830924,1000
11496,11496,0.830986,0.831011,0.830971,0.830991,1000
11497,11497,0.830909,0.830877,0.830779,0.830828,1000
11498,11498,0.831070,0.831096,0.830972,0.831034,1000
11499,11499,0.831022,0.831087,0.831063,0.831075,1000
11500,11500,0.831537,0.831569,0.831341,0.831455,1000
11501,11501,0.832028,0.832199,0.831856,0.832028,1000
11502,11502,0.832633,0.832860,0.832476,0.832668,1000
11503,11503,0.832924,0.832894,0.832790,0.832842,1000
11504,11504,0.833041,0.833129,0.832997,0.833063,1000
11505,11505,0.833547,0.833731,0.833423,0.833577,1000
11506,11506,0.833859,0.833963,0.833785,0.833874,1000
11507,11507,0.834859,0.835215,0.834596,0.834905,1000
11508,11508,0.835585,0.835717,0.835342,0.835530,1000
11509,11509,0.835577,0.835581,0.835557,0.835569,1000
11510,11510,0.836271,0.836455,0.836046,0.836250,1000
11511,11511,0.836665,0.836707,0.836496,0.836602,1000
11512,11512,0.837027,0.837251,0.836951,0.837101,1000
11513,11513,0.837134,0.837187,0.837147,0.837167,1000
11514,11514,0.837721,0.837771,0.837492,0.837632,1000
11515,11515,0.838036,0.838190,0.837932,0.838061,1000
11516,11516,0.838471,0.838587,0.838344,0.838466,1000
11517,11517,0.838967,0.839123,0.838819,0.838971,1000
11518,11518,0.839037,0.839041,0.839009,0.839025,1000
11519,11519,0.839696,0.839884,0.839488,0.839686,1000
11520,11520,0.840907,0.841274,0.840541,0.840908,1000
11521,11521,0.841723,0.841925,0.841455,0.841690,1000
11522,11522,0.842296,0.842528,0.842141,0.842335,1000
11523,11523,0.842085,0.842166,0.842022,0.842094,1000
11524,11524,0.842263,0.842345,0.842229,0.842287,1000
11525,11525,0.842704,0.842810,0.842569,0.842689,1000
11526,11526,0.843097,0.843247,0.842990,0.843118,1000
11527,11527,0.843722,0.843955,0.843569,0.843762,1000
11528,11528,0.844413,0.844556,0.844189,0.844373,1000
11529,11529,0.844879,0.845051,0.844738,0.844895,1000
11530,11530,0.845519,0.845791,0.845377,0.845584,1000
11531,11531,0.845770,0.845872,0.845739,0.845806,1000
11532,11532,0.846040,0.846115,0.845972,0.846043,1000
11533,11533,0.846525,0.846635,0.846362,0.846499,1000
11534,11534,0.846877,0.846977,0.846756,0.846867,1000
11535,11535,0.846893,0.846950,0.846911,0.846931,1000
11536,11536,0.846903,0.846932,0.846931,0.846931,1000
11537,11537,0.847407,0.847501,0.847238,0.847370,1000
11538,11538,0.847798,0.847876,0.847642,0.847759,1000
11539,11539,0.847825,0.847761,0.847760,0.847761,1000
11540,11540,0.847469,0.847548,0.847367,0.847458,1000
11541,11541,0.847244,0.847313,0.847189,0.847251,1000
11542,11542,0.846778,0.846932,0.846659,0.846795,1000
11543,11543,0.846488,0.846576,0.846388,0.846482,1000
11544,11544,0.846385,0.846392,0.846314,0.846353,1000
11545,11545,0.846238,0.846275,0.846209,0.846242,1000
11546,11546,0.846326,0.846314,0.846281,0.846298,1000
11547,11547,0.845961,0.846013,0.845769,0.845891,1000
11548,11548,0.845118,0.845395,0.844970,0.845182,1000
11549,11549,0.844215,0.844511,0.843936,0.844223,1000
11550,11550,0.843637,0.843765,0.843373,0.843569,1000
11551,11551,0.843085,0.843270,0.843013,0.843141,1000
11552,11552,0.842839,0.842927,0.842743,0.842835,1000
11553,11553,0.842372,0.842537,0.842283,0.842410,1000
11554,11554,0.842481,0.842492,0.842454,0.842473,1000
11555,11555,0.842081,0.842201,0.841967,0.842084,1000
11556,11556,0.841314,0.841571,0.841132,0.841352,1000
11557,11557,0.840985,0.841090,0.840866,0.840978,1000
11558,11558,0.839999,0.840351,0.839814,0.840083,1000
11559,11559,0.839467,0.839632,0.839246,0.839439,1000
11560,11560,0.839268,0.839301,0.839182,0.839241,1000
11561,11561,0.839058,0.839146,0.839064,0.839105,1000
11562,11562,0.839468,0.839626,0.839385,0.839506,1000
11563,11563,0.839746,0.839824,0.839677,0.839750,1000
11564,11564,0.839856,0.839865,0.839812,0.839839,1000
11565,11565,0.839371,0.839523,0.839253,0.839388,1000
11566,11566,0.838713,0.838916,0.838511,0.838714,1000
11567,11567,0.838501,0.838552,0.838414,0.838483,1000
11568,11568,0.838685,0.838726,0.838614,0.838670,1000
11569,11569,0.838323,0.838463,0.838286,0.838375,1000
11570,11570,0.838217,0.838297,0.838231,0.838264,1000
11571,11571,0.838438,0.838502,0.838392,0.838447,1000
11572,11572,0.839044,0.839156,0.838829,0.838993,1000
11573,11573,0.839911,0.840112,0.839595,0.839854,1000
11574,11574,0.840452,0.840642,0.840278,0.840460,1000
11575,11575,0.841104,0.841318,0.840922,0.841120,1000
11576,11576,0.841470,0.841620,0.841389,0.841505,1000
11577,11577,0.842080,0.842291,0.841928,0.842110,1000
11578,11578,0.842325,0.842340,0.842234,0.842287,1000
11579,11579,0.842776,0.842902,0.842618,0.842760,1000
11580,11580,0.843184,0.843293,0.843047,0.843170,1000
11581,11581,0.843938,0.844199,0.843724,0.843961,1000
11582,11582,0.845098,0.845339,0.844703,0.845021,1000
11583,11583,0.845811,0.846096,0.845600,0.845848,1000
11584,11584,0.846506,0.846657,0.846284,0.846470,1000
11585,11585,0.847308,0.847564,0.847059,0.847311,1000
11586,11586,0.848035,0.848176,0.847777,0.847976,1000
11587,11587,0.848343,0.848478,0.848247,0.848362,1000
11588,11588,0.848578,0.848654,0.848519,0.848587,1000
11589,11589,0.848625,0.848582,0.848578,0.848580,1000
11590,11590,0.848973,0.849034,0.848825,0.848929,1000
11591,11591,0.849344,0.849447,0.849208,0.849327,1000
11592,11592,0.849063,0.849250,0.849184,0.849217,1000
11593,11593,0.849549,0.849616,0.849432,0.849524,1000
11594,11594,0.849722,0.849866,0.849708,0.849787,1000
11595,11595,0.849868,0.849868,0.849830,0.849849,1000
11596,11596,0.850409,0.850468,0.850182,0.850325,1000
11597,11597,0.850929,0.851068,0.850725,0.850896,1000
11598,11598,0.851130,0.851216,0.851069,0.851143,1000
11599,11599,0.851377,0.851407,0.851285,0.851346,1000
11600,11600,0.851408,0.851487,0.851422,0.851455,1000
11601,11601,0.850926,0.851056,0.850715,0.850886,1000
11602,11602,0.850036,0.850260,0.849724,0.849992,1000
11603,11603,0.849074,0.849296,0.848699,0.848997,1000
11604,11604,0.847633,0.848055,0.847249,0.847652,1000
11605,11605,0.846004,0.846530,0.845569,0.846050,1000
11606,11606,0.844213,0.844757,0.843651,0.844204,1000
11607,11607,0.842936,0.843334,0.842588,0.842961,1000
11608,11608,0.841425,0.841877,0.840949,0.841413,1000
11609,11609,0.840176,0.840560,0.839829,0.840194,1000
11610,11610,0.838433,0.838982,0.837944,0.838463,1000
11611,11611,0.836923,0.837374,0.836443,0.836909,1000
11612,11612,0.835675,0.836113,0.835433,0.835773,1000
11613,11613,0.835032,0.835232,0.834768,0.835000,1000
11614,11614,0.834038,0.834358,0.833808,0.834083,1000
11615,11615,0.833109,0.833453,0.832913,0.833183,1000
11616,11616,0.832303,0.832544,0.831997,0.832271,1000
11617,11617,0.830918,0.831380,0.830617,0.830998,1000
11618,11618,0.829268,0.829763,0.828706,0.829235,1000
11619,11619,0.827174,0.827777,0.826529,0.827153,1000
11620,11620,0.825391,0.825955,0.824929,0.825442,1000
11621,11621,0.823910,0.824350,0.823415,0.823883,1000
11622,11622,0.822144,0.822730,0.821743,0.822237,1000
11623,11623,0.820938,0.821336,0.820566,0.820951,1000
11624,11624,0.819869,0.820204,0.819564,0.819884,1000
11625,11625,0.818459,0.818842,0.817950,0.818396,1000
11626,11626,0.817213,0.817584,0.816889,0.817237,1000
11627,11627,0.815591,0.816045,0.815026,0.815536,1000
11628,11628,0.813685,0.814214,0.813084,0.813649,1000
11629,11629,0.811963,0.812501,0.811518,0.812009,1000
11630,11630,0.810896,0.811243,0.810587,0.810915,1000
11631,11631,0.809680,0.810019,0.809252,0.809636,1000
11632,11632,0.808640,0.808941,0.808345,0.808643,1000
11633,11633,0.807788,0.808076,0.807591,0.807834,1000
11634,11634,0.807024,0.807282,0.806809,0.807045,1000
11635,11635,0.806836,0.806897,0.806770,0.806833,1000
11636,11636,0.805923,0.806177,0.805615,0.805896,1000
11637,11637,0.804820,0.805108,0.804433,0.804771,1000
11638,11638,0.804110,0.804336,0.803964,0.804150,1000
11639,11639,0.803407,0.803668,0.803255,0.803462,1000
11640,11640,0.802696,0.802951,0.802514,0.802732,1000
11641,11641,0.802133,0.802362,0.802045,0.802203,1000
11642,11642,0.801742,0.801873,0.801590,0.801731,1000
11643,11643,0.801227,0.801376,0.801072,0.801224,1000
11644,11644,0.800607,0.800811,0.800458,0.800635,1000
11645,11645,0.800257,0.800383,0.800166,0.800274,1000
11646,11646,0.800353,0.800365,0.800323,0.800344,1000
11647,11647,0.800705,0.800872,0.800628,0.800750,1000
11648,11648,0.801001,0.800931,0.800847,0.800889,1000
11649,11649,0.800621,0.800742,0.800617,0.800680,1000
11650,11650,0.800694,0.800739,0.800712,0.800725,1000
11651,11651,0.801031,0.801113,0.800934,0.801024,1000
11652,11652,0.801156,0.801201,0.801119,0.801160,1000
11653,11653,0.800662,0.800812,0.800513,0.800663,1000
11654,11654,0.800080,0.800267,0.799928,0.800098,1000
11655,11655,0.799640,0.799752,0.799455,0.799604,1000
11656,11656,0.798777,0.799001,0.798485,0.798743,1000
11657,11657,0.798056,0.798291,0.797904,0.798098,1000
11658,11658,0.797366,0.797651,0.797269,0.797460,1000
11659,11659,0.796456,0.796800,0.796235,0.796518,1000
11660,11660,0.796092,0.796137,0.795812,0.795974,1000
11661,11661,0.795304,0.795510,0.795113,0.795311,1000
11662,11662,0.794619,0.794886,0.794521,0.794703,1000
11663,11663,0.794149,0.794333,0.794017,0.794175,1000
11664,11664,0.793804,0.793910,0.793682,0.793796,1000
11665,11665,0.793500,0.793570,0.793376,0.793473,1000
11666,11666,0.793527,0.793564,0.793522,0.793543,1000
11667,11667,0.793758,0.793907,0.793739,0.793823,1000
11668,11668,0.794089,0.794164,0.794006,0.794085,1000
11669,11669,0.794722,0.794815,0.794478,0.794646,1000
11670,11670,0.795449,0.795666,0.795195,0.795431,1000
11671,11671,0.796039,0.796258,0.795876,0.796067,1000
11672,11672,0.796264,0.796417,0.796256,0.796336,1000
11673,11673,0.796146,0.796192,0.796069,0.796130,1000
11674,11674,0.795910,0.796007,0.795901,0.795954,1000
11675,11675,0.795364,0.795540,0.795185,0.795362,1000
11676,11676,0.794406,0.794723,0.794175,0.794449,1000
11677,11677,0.794095,0.794175,0.793941,0.794058,1000
11678,11678,0.794122,0.794119,0.794091,0.794105,1000
11679,11679,0.793852,0.793929,0.793779,0.793854,1000
11680,11680,0.793113,0.793341,0.792901,0.793121,1000
11681,11681,0.792122,0.792443,0.791862,0.792152,1000
11682,11682,0.791386,0.791595,0.791117,0.791356,1000
11683,11683,0.791007,0.791096,0.790873,0.790984,1000
11684,11684,0.790540,0.790664,0.790389,0.790526,1000
11685,11685,0.790464,0.790423,0.790335,0.790379,1000
11686,11686,0.790150,0.790214,0.790072,0.790143,1000
11687,11687,0.790184,0.790158,0.790151,0.790155,1000
11688,11688,0.789886,0.789966,0.789805,0.789885,1000
11689,11689,0.789696,0.789759,0.789651,0.789705,1000
11690,11690,0.788990,0.789159,0.788691,0.788925,1000
11691,11691,0.788611,0.788698,0.788503,0.788600,1000
11692,11692,0.788372,0.788467,0.788353,0.788410,1000
11693,11693,0.788017,0.788125,0.787881,0.788003,1000
11694,11694,0.788241,0.788231,0.788126,0.788179,1000
11695,11695,0.788399,0.788473,0.788337,0.788405,1000
11696,11696,0.788263,0.788304,0.788218,0.788261,1000
11697,11697,0.788175,0.788217,0.788179,0.788198,1000
11698,11698,0.788273,0.788306,0.788256,0.788281,1000
11699,11699,0.788434,0.788454,0.788374,0.788414,1000
11700,11700,0.787972,0.788115,0.787858,0.787986,1000
11701,11701,0.788092,0.788027,0.788008,0.788018,1000
11702,11702,0.787416,0.787590,0.787223,0.787407,1000
11703,11703,0.786917,0.787046,0.786737,0.786891,1000
11704,11704,0.785951,0.786219,0.785644,0.785932,1000
11705,11705,0.785878,0.785891,0.785857,0.785874,1000
11706,11706,0.785242,0.785456,0.785097,0.785276,1000
11707,11707,0.785028,0.785111,0.784969,0.785040,1000
11708,11708,0.784361,0.784595,0.784214,0.784404,1000
11709,11709,0.783912,0.784058,0.783762,0.783910,1000
11710,11710,0.784001,0.783995,0.783956,0.783976,1000
11711,11711,0.784208,0.784274,0.784136,0.784205,1000
11712,11712,0.784502,0.784527,0.784379,0.784453,1000
11713,11713,0.784547,0.784667,0.784568,0.784618,1000
11714,11714,0.785071,0.785159,0.784909,0.785034,1000
11715,11715,0.785926,0.786142,0.785630,0.785886,1000
11716,11716,0.786294,0.786393,0.786159,0.786276,1000
11717,11717,0.786724,0.786857,0.786589,0.786723,1000
11718,11718,0.787130,0.787310,0.787039,0.787174,1000
11719,11719,0.787369,0.787385,0.787288,0.787336,1000
11720,11720,0.787757,0.787936,0.787659,0.787798,1000
11721,11721,0.788769,0.789109,0.788503,0.788806,1000
11722,11722,0.789994,0.790249,0.789583,0.789916,1000
11723,11723,0.791203,0.791608,0.790827,0.791217,1000
11724,11724,0.793074,0.793667,0.792535,0.793101,1000
11725,11725,0.795307,0.795880,0.794596,0.795238,1000
11726,11726,0.796975,0.797484,0.796446,0.796965,1000
11727,11727,0.798495,0.799066,0.798095,0.798580,1000
11728,11728,0.799288,0.799507,0.799079,0.799293,1000
11729,11729,0.799540,0.799627,0.799473,0.799550,1000
11730,11730,0.798844,0.799106,0.798726,0.798916,1000
11731,11731,0.798562,0.798598,0.798325,0.798461,1000
11732,11732,0.797943,0.798028,0.797656,0.797842,1000
11733,11733,0.797865,0.797861,0.797852,0.797857,1000
11734,11734,0.798403,0.798510,0.798209,0.798360,1000
11735,11735,0.799069,0.799279,0.798855,0.799067,1000
11736,11736,0.800328,0.800679,0.799935,0.800307,1000
11737,11737,0.801745,0.802138,0.801292,0.801715,1000
11738,11738,0.803008,0.803400,0.802622,0.803011,1000
11739,11739,0.804690,0.805186,0.804182,0.804684,1000
11740,11740,0.806468,0.807042,0.805953,0.806497,1000
11741,11741,0.808157,0.808681,0.807672,0.808176,1000
11742,11742,0.810121,0.810733,0.809552,0.810142,1000
11743,11743,0.811668,0.812153,0.811225,0.811689,1000
11744,11744,0.813052,0.813395,0.812607,0.813001,1000
11745,11745,0.814402,0.814798,0.813968,0.814383,1000
11746,11746,0.815360,0.815477,0.814972,0.815224,1000
11747,11747,0.816754,0.817254,0.816316,0.816785,1000
11748,11748,0.818127,0.818478,0.817696,0.818087,1000
11749,11749,0.819268,0.819568,0.818884,0.819226,1000
11750,11750,0.820286,0.820570,0.819949,0.820260,1000
11751,11751,0.821271,0.821475,0.820914,0.821195,1000
11752,11752,0.822198,0.822529,0.821913,0.822221,1000
11753,11753,0.822733,0.822876,0.822574,0.822725,1000
11754,11754,0.823272,0.823511,0.823148,0.823329,1000
11755,11755,0.823645,0.823830,0.823599,0.823715,1000
11756,11756,0.824014,0.824034,0.823886,0.823960,1000
11757,11757,0.823995,0.824090,0.824030,0.824060,1000
11758,11758,0.824359,0.824399,0.824242,0.824321,1000
11759,11759,0.825168,0.825432,0.824919,0.825175,1000
11760,11760,0.825397,0.825466,0.825332,0.825399,1000
11761,11761,0.826435,0.826651,0.826073,0.826362,1000
11762,11762,0.827356,0.827609,0.827033,0.827321,1000
11763,11763,0.828122,0.828428,0.827917,0.828172,1000
11764,11764,0.828939,0.829254,0.828755,0.829004,1000
11765,11765,0.830302,0.830709,0.829922,0.830316,1000
11766,11766,0.832275,0.832781,0.831642,0.832211,1000
11767,11767,0.834302,0.834853,0.833633,0.834243,1000
11768,11768,0.836065,0.836688,0.835558,0.836123,1000
11769,11769,0.838011,0.838572,0.837441,0.838007,1000
11770,11770,0.839903,0.840429,0.839310,0.839870,1000
11771,11771,0.841879,0.842515,0.841293,0.841904,1000
11772,11772,0.843894,0.844473,0.843286,0.843880,1000
11773,11773,0.845751,0.846368,0.845218,0.845793,1000
11774,11774,0.848029,0.848619,0.847313,0.847966,1000
11775,11775,0.849405,0.849821,0.848964,0.849393,1000
11776,11776,0.850164,0.850425,0.849948,0.850187,1000
11777,11777,0.850022,0.850055,0.849942,0.849998,1000
11778,11778,0.850053,0.850056,0.850029,0.850043,1000
11779,11779,0.849713,0.849804,0.849600,0.849702,1000
11780,11780,0.849453,0.849552,0.849423,0.849487,1000
11781,11781,0.849021,0.849194,0.848942,0.849068,1000
11782,11782,0.848658,0.848786,0.848544,0.848665,1000
11783,11783,0.847895,0.848106,0.847627,0.847867,1000
11784,11784,0.847147,0.847348,0.846903,0.847125,1000
11785,11785,0.846714,0.846788,0.846498,0.846643,1000
11786,11786,0.845968,0.846242,0.845898,0.846070,1000
11787,11787,0.845511,0.845681,0.845349,0.845515,1000
11788,11788,0.845277,0.845352,0.845213,0.845282,1000
11789,11789,0.845191,0.845189,0.845110,0.845149,1000
11790,11790,0.845432,0.845518,0.845348,0.845433,1000
11791,11791,0.845820,0.845993,0.845734,0.845864,1000
11792,11792,0.846290,0.846500,0.846206,0.846353,1000
11793,11793,0.846469,0.846541,0.846454,0.846497,1000
11794,11794,0.847300,0.847444,0.847007,0.847225,1000
11795,11795,0.847981,0.848158,0.847728,0.847943,1000
11796,11796,0.848992,0.849266,0.848655,0.848961,1000
11797,11797,0.849859,0.850180,0.849617,0.849898,1000
11798,11798,0.849961,0.850028,0.849968,0.849998,1000
11799,11799,0.849617,0.849751,0.849539,0.849645,1000
11800,11800,0.848697,0.848943,0.848342,0.848643,1000
11801,11801,0.847743,0.848042,0.847528,0.847785,1000
11802,11802,0.846763,0.847042,0.846406,0.846724,1000
11803,11803,0.845243,0.845649,0.844729,0.845189,1000
11804,11804,0.844450,0.844637,0.844164,0.844400,1000
11805,11805,0.842429,0.842982,0.841769,0.842376,1000
11806,11806,0.840271,0.840906,0.839648,0.840277,1000
11807,11807,0.838521,0.839028,0.837959,0.838494,1000
11808,11808,0.837726,0.837919,0.837427,0.837673,1000
11809,11809,0.836588,0.836944,0.836318,0.836631,1000
11810,11810,0.835468,0.835799,0.835086,0.835442,1000
11811,11811,0.834494,0.834789,0.834230,0.834509,1000
11812,11812,0.833587,0.833863,0.833310,0.833587,1000
11813,11813,0.833392,0.833435,0.833305,0.833370,1000
11814,11814,0.833715,0.833758,0.833579,0.833669,1000
11815,11815,0.833890,0.833941,0.833815,0.833878,1000
11816,11816,0.833341,0.833468,0.833117,0.833293,1000
11817,11817,0.832882,0.833014,0.832775,0.832894,1000
11818,11818,0.832226,0.832366,0.831913,0.832140,1000
11819,11819,0.831225,0.831495,0.830942,0.831218,1000
11820,11820,0.830773,0.830919,0.830662,0.830790,1000
11821,11821,0.830186,0.830314,0.829906,0.830110,1000
11822,11822,0.829784,0.829839,0.829608,0.829723,1000
11823,11823,0.828951,0.829174,0.828703,0.828939,1000
11824,11824,0.827732,0.828106,0.827393,0.827749,1000
11825,11825,0.826839,0.827108,0.826559,0.826834,1000
11826,11826,0.826901,0.826880,0.826859,0.826870,1000
11827,11827,0.827313,0.827384,0.827146,0.827265,1000
11828,11828,0.827696,0.827830,0.827569,0.827700,1000
11829,11829,0.828446,0.828594,0.828181,0.828387,1000
11830,11830,0.829216,0.829367,0.828915,0.829141,1000
11831,11831,0.829882,0.830138,0.829678,0.829908,1000
11832,11832,0.830634,0.830827,0.830403,0.830615,1000
11833,11833,0.831238,0.831373,0.831023,0.831198,1000
11834,11834,0.831561,0.831660,0.831447,0.831553,1000
11835,11835,0.831714,0.831741,0.831654,0.831697,1000
11836,11836,0.831960,0.831891,0.831801,0.831846,1000
11837,11837,0.832290,0.832403,0.832146,0.832275,1000
11838,11838,0.832387,0.832434,0.832360,0.832397,1000
11839,11839,0.832370,0.832319,0.832252,0.832286,1000
11840,11840,0.831758,0.831876,0.831525,0.831700,1000
11841,11841,0.830511,0.830898,0.830211,0.830554,1000
11842,11842,0.829145,0.829513,0.828621,0.829067,1000
11843,11843,0.827754,0.828122,0.827314,0.827718,1000
11844,11844,0.825930,0.826455,0.825375,0.825915,1000
11845,11845,0.824654,0.825072,0.824350,0.824711,1000
11846,11846,0.824341,0.824508,0.824335,0.824421,1000
11847,11847,0.824416,0.824369,0.824324,0.824346,1000
11848,11848,0.823909,0.824099,0.823887,0.823993,1000
11849,11849,0.823640,0.823705,0.823458,0.823582,1000
11850,11850,0.823592,0.823548,0.823520,0.823534,1000
11851,11851,0.823672,0.823808,0.823682,0.823745,1000
11852,11852,0.824749,0.825012,0.824427,0.824719,1000
11853,11853,0.825558,0.825819,0.825311,0.825565,1000
11854,11854,0.826870,0.827204,0.826447,0.826826,1000
11855,11855,0.828142,0.828461,0.827706,0.828083,1000
11856,11856,0.828517,0.828689,0.828409,0.828549,1000
11857,11857,0.828558,0.828579,0.828565,0.828572,1000
11858,11858,0.828565,0.828604,0.828589,0.828597,1000
11859,11859,0.828608,0.828615,0.828607,0.828611,1000
11860,11860,0.828655,0.828667,0.828641,0.828654,1000
11861,11861,0.828695,0.828631,0.828611,0.828621,1000
11862,11862,0.829192,0.829253,0.828961,0.829107,1000
11863,11863,0.829529,0.829724,0.829439,0.829582,1000
11864,11864,0.829698,0.829692,0.829641,0.829667,1000
11865,11865,0.829456,0.829576,0.829498,0.829537,1000
11866,11866,0.828940,0.829097,0.828721,0.828909,1000
11867,11867,0.828311,0.828499,0.828148,0.828324,1000
11868,11868,0.827996,0.828092,0.827894,0.827993,1000
11869,11869,0.827376,0.827540,0.827152,0.827346,1000
11870,11870,0.827281,0.827272,0.827208,0.827240,1000
11871,11871,0.827040,0.827103,0.826985,0.827044,1000
11872,11872,0.826892,0.826940,0.826850,0.826895,1000
11873,11873,0.826567,0.826631,0.826405,0.826518,1000
11874,11874,0.826326,0.826424,0.826344,0.826384,1000
11875,11875,0.826224,0.826250,0.826136,0.826193,1000
11876,11876,0.826132,0.826195,0.826194,0.826194,1000
11877,11877,0.826076,0.826137,0.826087,0.826112,1000
11878,11878,0.826281,0.826348,0.826239,0.826293,1000
11879,11879,0.826621,0.826638,0.826479,0.826559,1000
11880,11880,0.827892,0.828268,0.827479,0.827873,1000
11881,11881,0.828160,0.828219,0.828059,0.828139,1000
11882,11882,0.828123,0.828116,0.828097,0.828106,1000
11883,11883,0.827507,0.827666,0.827289,0.827478,1000
11884,11884,0.827207,0.827284,0.827118,0.827201,1000
11885,11885,0.827756,0.827885,0.827569,0.827727,1000
11886,11886,0.828149,0.828192,0.827977,0.828085,1000
11887,11887,0.828588,0.828803,0.828471,0.828637,1000
11888,11888,0.829843,0.830254,0.829507,0.829881,1000
11889,11889,0.830976,0.831224,0.830603,0.830914,1000
11890,11890,0.831835,0.832120,0.831563,0.831841,1000
11891,11891,0.832062,0.832105,0.831983,0.832044,1000
11892,11892,0.831952,0.831963,0.831893,0.831928,1000
11893,11893,0.832722,0.832932,0.832468,0.832700,1000
11894,11894,0.833335,0.833609,0.833189,0.833399,1000
11895,11895,0.834330,0.834607,0.834049,0.834328,1000
11896,11896,0.835596,0.835954,0.835203,0.835579,1000
11897,11897,0.836334,0.836658,0.836160,0.836409,1000
11898,11898,0.837137,0.837247,0.836860,0.837053,1000
11899,11899,0.838033,0.838428,0.837793,0.838111,1000
11900,11900,0.839691,0.840176,0.839222,0.839699,1000
11901,11901,0.841046,0.841381,0.840604,0.840993,1000
11902,11902,0.842667,0.843240,0.842202,0.842721,1000
11903,11903,0.844172,0.844633,0.843750,0.844192,1000
11904,11904,0.845255,0.845629,0.844965,0.845297,1000
11905,11905,0.846647,0.847142,0.846290,0.846716,1000
11906,11906,0.847627,0.847961,0.847386,0.847674,1000
11907,11907,0.849437,0.849986,0.848918,0.849452,1000
11908,11908,0.850840,0.851364,0.850481,0.850923,1000
11909,11909,0.852044,0.852301,0.851665,0.851983,1000
11910,11910,0.852262,0.852270,0.852138,0.852204,1000
11911,11911,0.852716,0.852764,0.852505,0.852635,1000
11912,11912,0.853225,0.853399,0.853046,0.853223,1000
11913,11913,0.854053,0.854220,0.853759,0.853990,1000
11914,11914,0.853550,0.853684,0.853422,0.853553,1000
11915,11915,0.852966,0.853134,0.852775,0.852955,1000
11916,11916,0.852533,0.852660,0.852407,0.852533,1000
11917,11917,0.852195,0.852260,0.852025,0.852143,1000
11918,11918,0.851871,0.851962,0.851806,0.851884,1000
11919,11919,0.851779,0.851800,0.851727,0.851764,1000
11920,11920,0.851596,0.851614,0.851485,0.851549,1000
11921,11921,0.851541,0.851593,0.851573,0.851583,1000
11922,11922,0.851576,0.851684,0.851637,0.851660,1000
11923,11923,0.851777,0.851784,0.851727,0.851755,1000
11924,11924,0.851539,0.851582,0.851434,0.851508,1000
11925,11925,0.851053,0.851194,0.850925,0.851059,1000
11926,11926,0.850478,0.850582,0.850172,0.850377,1000
11927,11927,0.849769,0.850028,0.849730,0.849879,1000
11928,11928,0.848688,0.849032,0.848306,0.848669,1000
11929,11929,0.847781,0.848036,0.847495,0.847766,1000
11930,11930,0.847365,0.847458,0.847195,0.847327,1000
11931,11931,0.847114,0.847155,0.847009,0.847082,1000
11932,11932,0.847209,0.847304,0.847202,0.847253,1000
11933,11933,0.846846,0.846981,0.846748,0.846865,1000
11934,11934,0.847003,0.846969,0.846921,0.846945,1000
11935,11935,0.847135,0.847131,0.847045,0.847088,1000
11936,11936,0.847122,0.847097,0.847093,0.847095,1000
11937,11937,0.846259,0.846500,0.845990,0.846245,1000
11938,11938,0.845401,0.845618,0.845081,0.845350,1000
11939,11939,0.844210,0.844531,0.843830,0.844180,1000
11940,11940,0.842777,0.843156,0.842279,0.842718,1000
11941,11941,0.841723,0.842047,0.841473,0.841760,1000
11942,11942,0.840924,0.841205,0.840730,0.840968,1000
11943,11943,0.841078,0.840968,0.840968,0.840968,1000
11944,11944,0.840971,0.840912,0.840864,0.840888,1000
11945,11945,0.841665,0.841893,0.841429,0.841661,1000
11946,11946,0.842171,0.842312,0.842012,0.842162,1000
11947,11947,0.842795,0.843068,0.842650,0.842859,1000
11948,11948,0.843541,0.843774,0.843352,0.843563,1000
11949,11949,0.844133,0.844267,0.843942,0.844105,1000
11950,11950,0.844347,0.844449,0.844290,0.844369,1000
11951,11951,0.844753,0.844919,0.844665,0.844792,1000
11952,11952,0.844359,0.844513,0.844275,0.844394,1000
11953,11953,0.845095,0.845322,0.844893,0.845108,1000
11954,11954,0.845357,0.845431,0.845282,0.845356,1000
11955,11955,0.845390,0.845380,0.845369,0.845375,1000
11956,11956,0.845120,0.845188,0.845028,0.845108,1000
11957,11957,0.845354,0.845414,0.845272,0.845343,1000
11958,11958,0.845498,0.845588,0.845475,0.845531,1000
11959,11959,0.845654,0.845741,0.845644,0.845693,1000
11960,11960,0.846017,0.846149,0.845938,0.846044,1000
11961,11961,0.846901,0.847142,0.846635,0.846888,1000
11962,11962,0.847267,0.847415,0.847172,0.847294,1000
11963,11963,0.847051,0.847181,0.847085,0.847133,1000
11964,11964,0.846074,0.846424,0.845818,0.846121,1000
11965,11965,0.844799,0.845187,0.844388,0.844788,1000
11966,11966,0.843804,0.844133,0.843572,0.843852,1000
11967,11967,0.843670,0.843691,0.843553,0.843622,1000
11968,11968,0.843627,0.843639,0.843631,0.843635,1000
11969,11969,0.843522,0.843534,0.843447,0.843490,1000
11970,11970,0.842880,0.843046,0.842665,0.842855,1000
11971,11971,0.842450,0.842572,0.842329,0.842451,1000
11972,11972,0.841456,0.841764,0.841176,0.841470,1000
11973,11973,0.840006,0.840468,0.839610,0.840039,1000
11974,11974,0.838318,0.838852,0.837837,0.838345,1000
11975,11975,0.837036,0.837438,0.836661,0.837050,1000
11976,11976,0.835908,0.836271,0.835605,0.835938,1000
11977,11977,0.834807,0.835129,0.834436,0.834782,1000
11978,11978,0.834765,0.834738,0.834700,0.834719,1000
11979,11979,0.834197,0.834346,0.834027,0.834186,1000
11980,11980,0.833918,0.834002,0.833845,0.833924,1000
11981,11981,0.833474,0.833576,0.833278,0.833427,1000
11982,11982,0.833279,0.833321,0.833230,0.833276,1000
11983,11983,0.834192,0.834449,0.833907,0.834178,1000
11984,11984,0.835026,0.835256,0.834759,0.835007,1000
11985,11985,0.835647,0.835810,0.835439,0.835625,1000
11986,11986,0.835507,0.835490,0.835375,0.835433,1000
11987,11987,0.835479,0.835403,0.835377,0.835390,1000
11988,11988,0.835144,0.835235,0.835102,0.835168,1000
11989,11989,0.834764,0.834911,0.834690,0.834801,1000
11990,11990,0.834049,0.834243,0.833765,0.834004,1000
11991,11991,0.833431,0.833567,0.833192,0.833380,1000
11992,11992,0.832626,0.832848,0.832393,0.832621,1000
11993,11993,0.831533,0.831888,0.831261,0.831575,1000
11994,11994,0.830758,0.831033,0.830570,0.830802,1000
11995,11995,0.830998,0.831018,0.830918,0.830968,1000
11996,11996,0.830613,0.830760,0.830582,0.830671,1000
11997,11997,0.831064,0.831121,0.830913,0.831017,1000
11998,11998,0.831670,0.831928,0.831507,0.831718,1000
11999,11999,0.831849,0.831846,0.831787,0.831817,1000
12000,12000,0.831664,0.831688,0.831578,0.831633,1000
12001,12001,0.831379,0.831458,0.831308,0.831383,1000
12002,12002,0.831193,0.831272,0.831177,0.831225,1000
12003,12003,0.830557,0.830799,0.830434,0.830617,1000
12004,12004,0.830561,0.830586,0.830561,0.830574,1000
12005,12005,0.829746,0.829968,0.829450,0.829709,1000
12006,12006,0.829822,0.829736,0.829723,0.829730,1000
12007,12007,0.829707,0.829754,0.829743,0.829748,1000
12008,12008,0.829825,0.829934,0.829848,0.829891,1000
12009,12009,0.829051,0.829264,0.828728,0.828996,1000
12010,12010,0.828207,0.828432,0.827949,0.828191,1000
12011,12011,0.828080,0.828091,0.828006,0.828049,1000
12012,12012,0.827762,0.827832,0.827646,0.827739,1000
12013,12013,0.827708,0.827713,0.827691,0.827702,1000
12014,12014,0.827819,0.827800,0.827755,0.827777,1000
12015,12015,0.828051,0.828155,0.827981,0.828068,1000
12016,12016,0.828040,0.828015,0.827969,0.827992,1000
12017,12017,0.828511,0.828632,0.828337,0.828484,1000
12018,12018,0.828788,0.828849,0.828681,0.828765,1000
12019,12019,0.829880,0.830214,0.829545,0.829879,1000
12020,12020,0.830700,0.830973,0.830468,0.830720,1000
12021,12021,0.832024,0.832392,0.831620,0.832006,1000
12022,12022,0.832983,0.833225,0.832662,0.832944,1000
12023,12023,0.833947,0.834228,0.833635,0.833931,1000
12024,12024,0.834545,0.834686,0.834337,0.834511,1000
12025,12025,0.834462,0.834475,0.834445,0.834460,1000
12026,12026,0.834002,0.834168,0.833918,0.834043,1000
12027,12027,0.834099,0.834210,0.834133,0.834172,1000
12028,12028,0.834622,0.834792,0.834505,0.834649,1000
12029,12029,0.834807,0.834885,0.834776,0.834830,1000
12030,12030,0.834425,0.834631,0.834459,0.834545,1000
12031,12031,0.833678,0.833929,0.833401,0.833665,1000
12032,12032,0.833344,0.833436,0.833239,0.833338,1000
12033,12033,0.832869,0.832955,0.832627,0.832791,1000
12034,12034,0.831670,0.832009,0.831339,0.831674,1000
12035,12035,0.830870,0.831144,0.830690,0.830917,1000
12036,12036,0.830301,0.830510,0.830161,0.830335,1000
12037,12037,0.830539,0.830553,0.830452,0.830502,1000
12038,12038,0.830552,0.830614,0.830563,0.830588,1000
12039,12039,0.830682,0.830707,0.830652,0.830679,1000
12040,12040,0.830423,0.830557,0.830452,0.830504,1000
12041,12041,0.830436,0.830533,0.830520,0.830526,1000
12042,12042,0.830857,0.830930,0.830744,0.830837,1000
12043,12043,0.831387,0.831568,0.831230,0.831399,1000
12044,12044,0.831798,0.831868,0.831651,0.831760,1000
12045,12045,0.831577,0.831637,0.831533,0.831585,1000
12046,12046,0.831232,0.831332,0.831115,0.831223,1000
12047,12047,0.830799,0.830959,0.830732,0.830845,1000
12048,12048,0.829838,0.830111,0.829482,0.829796,1000
12049,12049,0.828628,0.828940,0.828208,0.828574,1000
12050,12050,0.827058,0.827529,0.826634,0.827082,1000
12051,12051,0.826160,0.826419,0.825852,0.826136,1000
12052,12052,0.824997,0.825347,0.824673,0.825010,1000
12053,12053,0.823859,0.824238,0.823578,0.823908,1000
12054,12054,0.822940,0.823246,0.822679,0.822962,1000
12055,12055,0.822042,0.822307,0.821745,0.822026,1000
12056,12056,0.821397,0.821590,0.821217,0.821404,1000
12057,12057,0.821287,0.821349,0.821303,0.821326,1000
12058,12058,0.820878,0.821058,0.820827,0.820942,1000
12059,12059,0.820246,0.820463,0.820052,0.820258,1000
12060,12060,0.819686,0.819814,0.819434,0.819624,1000
12061,12061,0.818811,0.819049,0.818557,0.818803,1000
12062,12062,0.817988,0.818252,0.817780,0.818016,1000
12063,12063,0.817778,0.817817,0.817645,0.817731,1000
12064,12064,0.818284,0.818494,0.818142,0.818318,1000
12065,12065,0.819136,0.819386,0.818893,0.819139,1000
12066,12066,0.820142,0.820402,0.819819,0.820111,1000
12067,12067,0.820667,0.820797,0.820480,0.820639,1000
12068,12068,0.820963,0.821036,0.820853,0.820944,1000
12069,12069,0.821285,0.821360,0.821168,0.821264,1000
12070,12070,0.821217,0.821237,0.821213,0.821225,1000
12071,12071,0.821589,0.821638,0.821447,0.821543,1000
12072,12072,0.821360,0.821440,0.821352,0.821396,1000
12073,12073,0.821332,0.821354,0.821317,0.821335,1000
12074,12074,0.820803,0.820963,0.820643,0.820803,1000
12075,12075,0.820721,0.820714,0.820637,0.820675,1000
12076,12076,0.821014,0.821097,0.820902,0.821000,1000
12077,12077,0.821810,0.822154,0.821621,0.821887,1000
12078,12078,0.823050,0.823436,0.822721,0.823079,1000
12079,12079,0.823286,0.823267,0.823180,0.823224,1000
12080,12080,0.823680,0.823908,0.823592,0.823750,1000
12081,12081,0.823324,0.823431,0.823158,0.823295,1000
12082,12082,0.822709,0.822856,0.822481,0.822669,1000
12083,12083,0.822433,0.822540,0.822430,0.822485,1000
12084,12084,0.821727,0.821983,0.821553,0.821768,1000
12085,12085,0.821378,0.821444,0.821167,0.821306,1000
12086,12086,0.820857,0.821025,0.820784,0.820904,1000
12087,12087,0.820874,0.820869,0.820838,0.820854,1000
12088,12088,0.820440,0.820510,0.820216,0.820363,1000
12089,12089,0.820066,0.820201,0.820062,0.820131,1000
12090,12090,0.819807,0.819902,0.819706,0.819804,1000
12091,12091,0.819564,0.819669,0.819553,0.819611,1000
12092,12092,0.819055,0.819201,0.818850,0.819026,1000
12093,12093,0.819116,0.819085,0.819058,0.819071,1000
12094,12094,0.819424,0.819602,0.819357,0.819480,1000
12095,12095,0.820333,0.820519,0.820039,0.820279,1000
12096,12096,0.821221,0.821534,0.820954,0.821244,1000
12097,12097,0.821991,0.822221,0.821770,0.821995,1000
12098,12098,0.822530,0.822625,0.822334,0.822480,1000
12099,12099,0.822642,0.822656,0.822574,0.822615,1000
12100,12100,0.822992,0.823109,0.822881,0.822995,1000
12101,12101,0.823600,0.823657,0.823351,0.823504,1000
12102,12102,0.824433,0.824725,0.824162,0.824444,1000
12103,12103,0.824519,0.824546,0.824499,0.824522,1000
12104,12104,0.824549,0.824580,0.824553,0.824567,1000
12105,12105,0.824210,0.824324,0.824117,0.824221,1000
12106,12106,0.823739,0.823880,0.823587,0.823733,1000
12107,12107,0.822981,0.823219,0.822778,0.822998,1000
12108,12108,0.822157,0.822419,0.821922,0.822170,1000
12109,12109,0.821573,0.821796,0.821475,0.821636,1000
12110,12110,0.820982,0.821191,0.820810,0.821001,1000
12111,12111,0.819988,0.820298,0.819696,0.819997,1000
12112,12112,0.819406,0.819621,0.819299,0.819460,1000
12113,12113,0.818851,0.819028,0.818658,0.818843,1000
12114,12114,0.818544,0.818602,0.818396,0.818499,1000
12115,12115,0.818129,0.818225,0.817990,0.818107,1000
12116,12116,0.817918,0.817952,0.817820,0.817886,1000
12117,12117,0.818146,0.818180,0.818045,0.818113,1000
12118,12118,0.818087,0.818075,0.818043,0.818059,1000
12119,12119,0.817595,0.817703,0.817399,0.817551,1000
12120,12120,0.816758,0.816978,0.816486,0.816732,1000
12121,12121,0.816132,0.816267,0.815868,0.816068,1000
12122,12122,0.814763,0.815129,0.814325,0.814727,1000
12123,12123,0.813296,0.813687,0.812796,0.813242,1000
12124,12124,0.812570,0.812716,0.812266,0.812491,1000
12125,12125,0.812022,0.812138,0.811835,0.811986,1000
12126,12126,0.811703,0.811807,0.811654,0.811730,1000
12127,12127,0.810708,0.810974,0.810327,0.810650,1000
12128,12128,0.810167,0.810375,0.810138,0.810256,1000
12129,12129,0.809864,0.809983,0.809749,0.809866,1000
12130,12130,0.809991,0.810109,0.809997,0.810053,1000
12131,12131,0.810184,0.810151,0.810106,0.810128,1000
12132,12132,0.810591,0.810751,0.810463,0.810607,1000
12133,12133,0.810712,0.810782,0.810701,0.810741,1000
12134,12134,0.810567,0.810649,0.810570,0.810610,1000
12135,12135,0.810301,0.810406,0.810231,0.810318,1000
12136,12136,0.810374,0.810466,0.810398,0.810432,1000
12137,12137,0.810870,0.810962,0.810717,0.810840,1000
12138,12138,0.811235,0.811344,0.811111,0.811227,1000
12139,12139,0.811935,0.812108,0.811701,0.811905,1000
12140,12140,0.812783,0.813089,0.812542,0.812815,1000
12141,12141,0.813380,0.813520,0.813195,0.813358,1000
12142,12142,0.813316,0.813341,0.813327,0.813334,1000
12143,12143,0.813407,0.813438,0.813390,0.813414,1000
12144,12144,0.813084,0.813186,0.812990,0.813088,1000
12145,12145,0.812291,0.812518,0.812030,0.812274,1000
12146,12146,0.810847,0.811259,0.810390,0.810824,1000
12147,12147,0.809164,0.809674,0.808690,0.809182,1000
12148,12148,0.808173,0.808472,0.807864,0.808168,1000
12149,12149,0.807396,0.807653,0.807211,0.807432,1000
12150,12150,0.807007,0.807159,0.806924,0.807041,1000
12151,12151,0.806930,0.806937,0.806848,0.806893,1000
12152,12152,0.807338,0.807479,0.807209,0.807344,1000
12153,12153,0.807495,0.807467,0.807410,0.807438,1000
12154,12154,0.808070,0.808258,0.807880,0.808069,1000
12155,12155,0.808907,0.809196,0.808676,0.808936,1000
12156,12156,0.809861,0.810105,0.809565,0.809835,1000
12157,12157,0.810146,0.810159,0.810009,0.810084,1000
12158,12158,0.810476,0.810584,0.810353,0.810469,1000
12159,12159,0.811103,0.811241,0.810884,0.811063,1000
12160,12160,0.810372,0.810584,0.810173,0.810379,1000
12161,12161,0.810434,0.810406,0.810393,0.810400,1000
12162,12162,0.810372,0.810506,0.810457,0.810481,1000
12163,12163,0.809814,0.810018,0.809621,0.809820,1000
12164,12164,0.808909,0.809210,0.808688,0.808949,1000
12165,12165,0.808921,0.808929,0.808911,0.808920,1000
12166,12166,0.808459,0.808612,0.808348,0.808480,1000
12167,12167,0.808075,0.808179,0.807922,0.808050,1000
12168,12168,0.807488,0.807621,0.807253,0.807437,1000
12169,12169,0.806924,0.806998,0.806623,0.806810,1000
12170,12170,0.805320,0.805765,0.804871,0.805318,1000
12171,12171,0.803823,0.804252,0.803339,0.803796,1000
12172,12172,0.802303,0.802740,0.801836,0.802288,1000
12173,12173,0.801311,0.801552,0.800921,0.801236,1000
12174,12174,0.800354,0.800641,0.800132,0.800386,1000
12175,12175,0.799073,0.799513,0.798765,0.799139,1000
12176,12176,0.797599,0.798083,0.797179,0.797631,1000
12177,12177,0.795941,0.796423,0.795390,0.795906,1000
12178,12178,0.794253,0.794742,0.793745,0.794244,1000
12179,12179,0.793095,0.793437,0.792746,0.793091,1000
12180,12180,0.792290,0.792513,0.792017,0.792265,1000
12181,12181,0.790950,0.791301,0.790476,0.790889,1000
12182,12182,0.789983,0.790207,0.789623,0.789915,1000
12183,12183,0.788628,0.789042,0.788294,0.788668,1000
12184,12184,0.787829,0.788093,0.787601,0.787847,1000
12185,12185,0.787190,0.787337,0.786900,0.787119,1000
12186,12186,0.786391,0.786577,0.786112,0.786344,1000
12187,12187,0.785479,0.785719,0.785183,0.785451,1000
12188,12188,0.784236,0.784609,0.783888,0.784249,1000
12189,12189,0.783288,0.783588,0.783021,0.783304,1000
12190,12190,0.782431,0.782685,0.782154,0.782420,1000
12191,12191,0.781443,0.781702,0.781088,0.781395,1000
12192,12192,0.780169,0.780523,0.779775,0.780149,1000
12193,12193,0.779349,0.779627,0.779179,0.779403,1000
12194,12194,0.778240,0.778575,0.777866,0.778221,1000
12195,12195,0.776467,0.776968,0.775896,0.776432,1000
12196,12196,0.775281,0.775619,0.774923,0.775271,1000
12197,12197,0.774369,0.774682,0.774177,0.774429,1000
12198,12198,0.773476,0.773716,0.773106,0.773411,1000
12199,12199,0.772500,0.772731,0.772149,0.772440,1000
12200,12200,0.771522,0.771752,0.771163,0.771457,1000
12201,12201,0.770195,0.770543,0.769759,0.770151,1000
12202,12202,0.768605,0.769054,0.768115,0.768584,1000
12203,12203,0.767679,0.767931,0.767371,0.767651,1000
12204,12204,0.766971,0.767225,0.766859,0.767042,1000
12205,12205,0.766871,0.766864,0.766711,0.766788,1000
12206,12206,0.766916,0.766991,0.766897,0.766944,1000
12207,12207,0.766796,0.766834,0.766740,0.766787,1000
12208,12208,0.766594,0.766690,0.766606,0.766648,1000
12209,12209,0.766153,0.766331,0.766060,0.766196,1000
12210,12210,0.766408,0.766377,0.766293,0.766335,1000
12211,12211,0.766939,0.767128,0.766762,0.766945,1000
12212,12212,0.767276,0.767355,0.767165,0.767260,1000
12213,12213,0.767103,0.767153,0.767061,0.767107,1000
12214,12214,0.766744,0.766864,0.766656,0.766760,1000
12215,12215,0.766289,0.766436,0.766160,0.766298,1000
12216,12216,0.765813,0.765948,0.765648,0.765798,1000
12217,12217,0.765764,0.765788,0.765779,0.765783,1000
12218,12218,0.765520,0.765595,0.765433,0.765514,1000
12219,12219,0.764976,0.765160,0.764857,0.765009,1000
12220,12220,0.764406,0.764602,0.764253,0.764427,1000
12221,12221,0.763334,0.763696,0.763070,0.763383,1000
12222,12222,0.762520,0.762749,0.762206,0.762478,1000
12223,12223,0.761883,0.762087,0.761753,0.761920,1000
12224,12224,0.761505,0.761609,0.761342,0.761476,1000
12225,12225,0.760901,0.761104,0.760786,0.760945,1000
12226,12226,0.759723,0.760106,0.759388,0.759747,1000
12227,12227,0.759246,0.759359,0.759028,0.759194,1000
12228,12228,0.758385,0.758603,0.758097,0.758350,1000
12229,12229,0.757937,0.758054,0.757800,0.757927,1000
12230,12230,0.758352,0.758549,0.758262,0.758405,1000
12231,12231,0.758692,0.758783,0.758609,0.758696,1000
12232,12232,0.758757,0.758811,0.758758,0.758784,1000
12233,12233,0.758604,0.758662,0.758558,0.758610,1000
12234,12234,0.758345,0.758456,0.758324,0.758390,1000
12235,12235,0.758904,0.759000,0.758718,0.758859,1000
12236,12236,0.759380,0.759618,0.759268,0.759443,1000
12237,12237,0.759966,0.760144,0.759820,0.759982,1000
12238,12238,0.760560,0.760620,0.760326,0.760473,1000
12239,12239,0.761302,0.761550,0.761053,0.761301,1000
12240,12240,0.762654,0.763057,0.762246,0.762652,1000
12241,12241,0.764192,0.764544,0.763670,0.764107,1000
12242,12242,0.765546,0.765880,0.765061,0.765471,1000
12243,12243,0.766763,0.767213,0.766408,0.766811,1000
12244,12244,0.767995,0.768308,0.767617,0.767963,1000
12245,12245,0.768911,0.769229,0.768644,0.768937,1000
12246,12246,0.769862,0.770148,0.769589,0.769868,1000
12247,12247,0.770460,0.770701,0.770316,0.770509,1000
12248,12248,0.771071,0.771268,0.770917,0.771093,1000
12249,12249,0.771545,0.771614,0.771373,0.771494,1000
12250,12250,0.771374,0.771385,0.771292,0.771339,1000
12251,12251,0.770523,0.770759,0.770262,0.770510,1000
12252,12252,0.769857,0.770029,0.769616,0.769822,1000
12253,12253,0.768980,0.769235,0.768732,0.768984,1000
12254,12254,0.767876,0.768258,0.767637,0.767948,1000
12255,12255,0.767243,0.767438,0.767002,0.767220,1000
12256,12256,0.767135,0.767177,0.767140,0.767158,1000
12257,12257,0.767282,0.767404,0.767290,0.767347,1000
12258,12258,0.767393,0.767473,0.767415,0.767444,1000
12259,12259,0.767384,0.767397,0.767356,0.767376,1000
12260,12260,0.767438,0.767514,0.767450,0.767482,1000
12261,12261,0.767127,0.767224,0.767003,0.767114,1000
12262,12262,0.766732,0.766822,0.766573,0.766698,1000
12263,12263,0.766578,0.766650,0.766609,0.766629,1000
12264,12264,0.766260,0.766355,0.766120,0.766237,1000
12265,12265,0.765762,0.765877,0.765569,0.765723,1000
12266,12266,0.765613,0.765667,0.765620,0.765644,1000
12267,12267,0.764531,0.764903,0.764269,0.764586,1000
12268,12268,0.763288,0.763647,0.762843,0.763245,1000
12269,12269,0.762737,0.762870,0.762548,0.762709,1000
12270,12270,0.762362,0.762430,0.762190,0.762310,1000
12271,12271,0.762163,0.762225,0.762152,0.762189,1000
12272,12272,0.762419,0.762446,0.762327,0.762387,1000
12273,12273,0.762535,0.762695,0.762553,0.762624,1000
12274,12274,0.762876,0.762949,0.762799,0.762874,1000
12275,12275,0.763134,0.763141,0.763018,0.763079,1000
12276,12276,0.763475,0.763634,0.763378,0.763506,1000
12277,12277,0.764141,0.764366,0.763969,0.764168,1000
12278,12278,0.765006,0.765313,0.764784,0.765049,1000
12279,12279,0.765454,0.765476,0.765279,0.765377,1000
12280,12280,0.766258,0.766504,0.765984,0.766244,1000
12281,12281,0.766848,0.766976,0.766638,0.766807,1000
12282,12282,0.767327,0.767505,0.767183,0.767344,1000
12283,12283,0.767074,0.767140,0.766966,0.767053,1000
12284,12284,0.767157,0.767182,0.767123,0.767153,1000
12285,12285,0.767858,0.768049,0.767635,0.767842,1000
12286,12286,0.768073,0.768109,0.767986,0.768047,1000
12287,12287,0.768410,0.768552,0.768319,0.768435,1000
12288,12288,0.769089,0.769258,0.768878,0.769068,1000
12289,12289,0.769891,0.770037,0.769590,0.769813,1000
12290,12290,0.770345,0.770477,0.770170,0.770324,1000
12291,12291,0.771119,0.771379,0.770892,0.771135,1000
12292,12292,0.771313,0.771394,0.771274,0.771334,1000
12293,12293,0.771432,0.771450,0.771396,0.771423,1000
12294,12294,0.771538,0.771629,0.771534,0.771581,1000
12295,12295,0.771663,0.771640,0.771613,0.771626,1000
12296,12296,0.771745,0.771842,0.771742,0.771792,1000
12297,12297,0.771463,0.771546,0.771334,0.771440,1000
12298,12298,0.771867,0.771938,0.771708,0.771823,1000
12299,12299,0.771684,0.771740,0.771670,0.771705,1000
12300,12300,0.771672,0.771659,0.771620,0.771639,1000
12301,12301,0.771245,0.771396,0.771187,0.771291,1000
12302,12302,0.770479,0.770758,0.770302,0.770530,1000
12303,12303,0.769971,0.770130,0.769787,0.769958,1000
12304,12304,0.769011,0.769259,0.768661,0.768960,1000
12305,12305,0.768392,0.768560,0.768218,0.768389,1000
12306,12306,0.768143,0.768178,0.767997,0.768088,1000
12307,12307,0.767417,0.767611,0.767204,0.767407,1000
12308,12308,0.767349,0.767366,0.767331,0.767349,1000
12309,12309,0.766910,0.767039,0.766774,0.766907,1000
12310,12310,0.766794,0.766838,0.766779,0.766809,1000
12311,12311,0.766790,0.766841,0.766826,0.766833,1000
12312,12312,0.767590,0.767841,0.767376,0.767609,1000
12313,12313,0.768500,0.768667,0.768178,0.768423,1000
12314,12314,0.768407,0.768488,0.768458,0.768473,1000
12315,12315,0.768778,0.768822,0.768661,0.768741,1000
12316,12316,0.768595,0.768676,0.768620,0.768648,1000
12317,12317,0.768833,0.768843,0.768753,0.768798,1000
12318,12318,0.768655,0.768702,0.768619,0.768660,1000
12319,12319,0.768545,0.768597,0.768542,0.768569,1000
12320,12320,0.768714,0.768791,0.768689,0.768740,1000
12321,12321,0.768478,0.768603,0.768486,0.768545,1000
12322,12322,0.768216,0.768288,0.768068,0.768178,1000
12323,12323,0.768396,0.768420,0.768308,0.768364,1000
12324,12324,0.768005,0.768116,0.767904,0.768010,1000
12325,12325,0.767462,0.767649,0.767339,0.767494,1000
12326,12326,0.767566,0.767607,0.767554,0.767580,1000
12327,12327,0.767460,0.767467,0.767369,0.767418,1000
12328,12328,0.766797,0.766956,0.766561,0.766759,1000
12329,12329,0.765939,0.766165,0.765656,0.765910,1000
12330,12330,0.765656,0.765725,0.765567,0.765646,1000
12331,12331,0.765654,0.765678,0.765663,0.765671,1000
12332,12332,0.765379,0.765455,0.765271,0.765363,1000
12333,12333,0.765831,0.765986,0.765699,0.765842,1000
12334,12334,0.766013,0.766158,0.766012,0.766085,1000
12335,12335,0.766269,0.766346,0.766226,0.766286,1000
12336,12336,0.766052,0.766133,0.766001,0.766067,1000
12337,12337,0.765925,0.765960,0.765868,0.765914,1000
12338,12338,0.765488,0.765625,0.765377,0.765501,1000
12339,12339,0.765324,0.765329,0.765183,0.765256,1000
12340,12340,0.765539,0.765639,0.765462,0.765551,1000
12341,12341,0.766099,0.766252,0.765928,0.766090,1000
12342,12342,0.765945,0.765995,0.765913,0.765954,1000
12343,12343,0.765657,0.765736,0.765550,0.765643,1000
12344,12344,0.764889,0.765152,0.764732,0.764942,1000
12345,12345,0.764295,0.764499,0.764119,0.764309,1000
12346,12346,0.764110,0.764142,0.763998,0.764070,1000
12347,12347,0.764510,0.764674,0.764395,0.764535,1000
12348,12348,0.764833,0.764936,0.764751,0.764843,1000
12349,12349,0.765131,0.765296,0.765087,0.765191,1000
12350,12350,0.765690,0.765768,0.765502,0.765635,1000
12351,12351,0.765762,0.765791,0.765719,0.765755,1000
12352,12352,0.766029,0.766103,0.765942,0.766023,1000
12353,12353,0.766887,0.767205,0.766659,0.766932,1000
12354,12354,0.767810,0.768032,0.767524,0.767778,1000
12355,12355,0.768836,0.769204,0.768545,0.768874,1000
12356,12356,0.769955,0.770278,0.769630,0.769954,1000
12357,12357,0.771544,0.771993,0.771051,0.771522,1000
12358,12358,0.772535,0.772737,0.772176,0.772456,1000
12359,12359,0.773176,0.773413,0.772971,0.773192,1000
12360,12360,0.774809,0.775299,0.774326,0.774813,1000
12361,12361,0.775843,0.776157,0.775536,0.775847,1000
12362,12362,0.777032,0.777427,0.776697,0.777062,1000
12363,12363,0.778526,0.779010,0.778111,0.778561,1000
12364,12364,0.780046,0.780510,0.779610,0.780060,1000
12365,12365,0.781769,0.782224,0.781225,0.781724,1000
12366,12366,0.783403,0.783831,0.782858,0.783345,1000
12367,12367,0.784186,0.784493,0.783963,0.784228,1000
12368,12368,0.784600,0.784804,0.784538,0.784671,1000
12369,12369,0.784930,0.784963,0.784828,0.784896,1000
12370,12370,0.785225,0.785350,0.785140,0.785245,1000
12371,12371,0.785233,0.785229,0.785216,0.785223,1000
12372,12372,0.784937,0.785042,0.784888,0.784965,1000
12373,12373,0.785013,0.784952,0.784942,0.784947,1000
12374,12374,0.785178,0.785173,0.785069,0.785121,1000
12375,12375,0.784806,0.784878,0.784670,0.784774,1000
12376,12376,0.785004,0.785019,0.784906,0.784963,1000
12377,12377,0.784996,0.784994,0.784980,0.784987,1000
12378,12378,0.785741,0.785928,0.785494,0.785711,1000
12379,12379,0.785747,0.785822,0.785771,0.785797,1000
12380,12380,0.785273,0.785472,0.785194,0.785333,1000
12381,12381,0.784247,0.784602,0.783976,0.784289,1000
12382,12382,0.783665,0.783860,0.783492,0.783676,1000
12383,12383,0.782827,0.783039,0.782494,0.782766,1000
12384,12384,0.782123,0.782387,0.782062,0.782225,1000
12385,12385,0.780866,0.781269,0.780450,0.780859,1000
12386,12386,0.779573,0.779993,0.779251,0.779622,1000
12387,12387,0.778716,0.778972,0.778416,0.778694,1000
12388,12388,0.778157,0.778310,0.777981,0.778145,1000
12389,12389,0.777954,0.778033,0.777936,0.777984,1000
12390,12390,0.778245,0.778411,0.778214,0.778313,1000
12391,12391,0.778595,0.778706,0.778524,0.778615,1000
12392,12392,0.778999,0.779114,0.778884,0.778999,1000
12393,12393,0.779014,0.778989,0.778980,0.778984,1000
12394,12394,0.779750,0.779955,0.779507,0.779731,1000
12395,12395,0.780752,0.781002,0.780415,0.780708,1000
12396,12396,0.781753,0.782142,0.781480,0.781811,1000
12397,12397,0.782928,0.783337,0.782632,0.782984,1000
12398,12398,0.783963,0.784216,0.783648,0.783932,1000
12399,12399,0.784744,0.784972,0.784492,0.784732,1000
12400,12400,0.785261,0.785433,0.785110,0.785271,1000
12401,12401,0.785329,0.785345,0.785311,0.785328,1000
12402,12402,0.785271,0.785295,0.785267,0.785281,1000
12403,12403,0.785147,0.785187,0.785105,0.785146,1000
12404,12404,0.785069,0.785072,0.785009,0.785041,1000
12405,12405,0.785764,0.785949,0.785529,0.785739,1000
12406,12406,0.786576,0.786849,0.786337,0.786593,1000
12407,12407,0.788211,0.788644,0.787696,0.788170,1000
12408,12408,0.788592,0.788767,0.788492,0.788629,1000
12409,12409,0.789598,0.789892,0.789309,0.789600,1000
12410,12410,0.790549,0.790851,0.790274,0.790563,1000
12411,12411,0.791656,0.791967,0.791319,0.791643,1000
12412,12412,0.792588,0.792826,0.792280,0.792553,1000
12413,12413,0.793813,0.794111,0.793392,0.793751,1000
12414,12414,0.794980,0.795402,0.794639,0.795021,1000
12415,12415,0.796671,0.797100,0.796139,0.796619,1000
12416,12416,0.797735,0.798112,0.797423,0.797768,1000
12417,12417,0.798780,0.799101,0.798485,0.798793,1000
12418,12418,0.798884,0.798881,0.798841,0.798861,1000
12419,12419,0.799009,0.799105,0.798992,0.799048,1000
12420,12420,0.799230,0.799229,0.799146,0.799187,1000
12421,12421,0.799909,0.800075,0.799665,0.799870,1000
12422,12422,0.800465,0.800674,0.800303,0.800488,1000
12423,12423,0.801708,0.802116,0.801364,0.801740,1000
12424,12424,0.802990,0.803322,0.802591,0.802957,1000
12425,12425,0.803944,0.804280,0.803669,0.803974,1000
12426,12426,0.804646,0.804871,0.804457,0.804664,1000
12427,12427,0.805430,0.805623,0.805180,0.805402,1000
12428,12428,0.806203,0.806491,0.805988,0.806240,1000
12429,12429,0.806843,0.807028,0.806664,0.806846,1000
12430,12430,0.807143,0.807301,0.807091,0.807196,1000
12431,12431,0.807469,0.807510,0.807365,0.807437,1000
12432,12432,0.807828,0.808049,0.807766,0.807907,1000
12433,12433,0.808840,0.809079,0.808538,0.808808,1000
12434,12434,0.809099,0.809300,0.809073,0.809187,1000
12435,12435,0.809842,0.809958,0.809602,0.809780,1000
12436,12436,0.810303,0.810443,0.810137,0.810290,1000
12437,12437,0.810841,0.810969,0.810655,0.810812,1000
12438,12438,0.811089,0.811196,0.811019,0.811108,1000
12439,12439,0.811189,0.811222,0.811169,0.811196,1000
12440,12440,0.811289,0.811315,0.811260,0.811288,1000
12441,12441,0.811948,0.812150,0.811752,0.811951,1000
12442,12442,0.812553,0.812768,0.812391,0.812579,1000
12443,12443,0.813460,0.813709,0.813187,0.813448,1000
12444,12444,0.814199,0.814392,0.813956,0.814174,1000
12445,12445,0.814903,0.815186,0.814719,0.814952,1000
12446,12446,0.815651,0.815848,0.815435,0.815641,1000
12447,12447,0.816459,0.816755,0.816241,0.816498,1000
12448,12448,0.817140,0.817399,0.816983,0.817191,1000
12449,12449,0.817624,0.817661,0.817444,0.817552,1000
12450,12450,0.818260,0.818438,0.818029,0.818234,1000
12451,12451,0.818377,0.818459,0.818355,0.818407,1000
12452,12452,0.818588,0.818697,0.818563,0.818630,1000
12453,12453,0.818955,0.819026,0.818843,0.818935,1000
12454,12454,0.818787,0.818810,0.818703,0.818757,1000
12455,12455,0.818975,0.819063,0.818922,0.818993,1000
12456,12456,0.819157,0.819141,0.819073,0.819107,1000
12457,12457,0.819401,0.819608,0.819377,0.819492,1000
12458,12458,0.820100,0.820317,0.819936,0.820126,1000
12459,12459,0.820884,0.821191,0.820700,0.820945,1000
12460,12460,0.821639,0.821865,0.821441,0.821653,1000
12461,12461,0.822558,0.822780,0.822259,0.822520,1000
12462,12462,0.823602,0.823912,0.823269,0.823590,1000
12463,12463,0.824505,0.824739,0.824209,0.824474,1000
12464,12464,0.824985,0.825157,0.824842,0.825000,1000
12465,12465,0.825774,0.826093,0.825588,0.825840,1000
12466,12466,0.826736,0.827035,0.826483,0.826759,1000
12467,12467,0.827710,0.828014,0.827435,0.827725,1000
12468,12468,0.828157,0.828317,0.828044,0.828180,1000
12469,12469,0.828149,0.828168,0.828158,0.828163,1000
12470,12470,0.827679,0.827769,0.827432,0.827601,1000
12471,12471,0.827454,0.827514,0.827439,0.827477,1000
12472,12472,0.827678,0.827764,0.827631,0.827698,1000
12473,12473,0.828728,0.829032,0.828416,0.828724,1000
12474,12474,0.829618,0.829919,0.829367,0.829643,1000
12475,12475,0.830734,0.831100,0.830427,0.830763,1000
12476,12476,0.831772,0.832059,0.831461,0.831760,1000
12477,12477,0.832593,0.832755,0.832296,0.832525,1000
12478,12478,0.832988,0.833013,0.832788,0.832900,1000
12479,12479,0.833293,0.833376,0.833156,0.833266,1000
12480,12480,0.833328,0.833372,0.833323,0.833348,1000
12481,12481,0.833239,0.833252,0.833171,0.833212,1000
12482,12482,0.833348,0.833449,0.833340,0.833395,1000
12483,12483,0.833569,0.833571,0.833490,0.833530,1000
12484,12484,0.833334,0.833401,0.833289,0.833345,1000
12485,12485,0.832849,0.833062,0.832819,0.832940,1000
12486,12486,0.833096,0.833138,0.833047,0.833093,1000
12487,12487,0.832628,0.832788,0.832526,0.832657,1000
12488,12488,0.831872,0.832112,0.831645,0.831879,1000
12489,12489,0.831374,0.831492,0.831161,0.831326,1000
12490,12490,0.831266,0.831288,0.831256,0.831272,1000
12491,12491,0.830618,0.830819,0.830430,0.830624,1000
12492,12492,0.830014,0.830222,0.829877,0.830049,1000
12493,12493,0.829563,0.829750,0.829494,0.829622,1000
12494,12494,0.829577,0.829617,0.829612,0.829614,1000
12495,12495,0.829350,0.829408,0.829232,0.829320,1000
12496,12496,0.829733,0.829807,0.829582,0.829695,1000
12497,12497,0.829907,0.829988,0.829853,0.829921,1000
12498,12498,0.829974,0.829983,0.829954,0.829969,1000
12499,12499,0.829728,0.829770,0.829600,0.829685,1000
12500,12500,0.829361,0.829419,0.829190,0.829304,1000
12501,12501,0.829128,0.829101,0.828927,0.829014,1000
12502,12502,0.828712,0.828771,0.828562,0.828666,1000
12503,12503,0.828202,0.828326,0.828034,0.828180,1000
12504,12504,0.827847,0.827923,0.827703,0.827813,1000
12505,12505,0.826895,0.827137,0.826559,0.826848,1000
12506,12506,0.826319,0.826508,0.826216,0.826362,1000
12507,12507,0.825557,0.825791,0.825302,0.825547,1000
12508,12508,0.824866,0.825082,0.824684,0.824883,1000
12509,12509,0.824211,0.824449,0.824077,0.824263,1000
12510,12510,0.823712,0.823854,0.823503,0.823679,1000
12511,12511,0.822740,0.823031,0.822476,0.822754,1000
12512,12512,0.821218,0.821713,0.820823,0.821268,1000
12513,12513,0.820063,0.820409,0.819674,0.820042,1000
12514,12514,0.818972,0.819280,0.818627,0.818953,1000
12515,12515,0.817972,0.818253,0.817652,0.817953,1000
12516,12516,0.816527,0.816966,0.816121,0.816544,1000
12517,12517,0.815442,0.815790,0.815145,0.815468,1000
12518,12518,0.814683,0.814883,0.814382,0.814633,1000
12519,12519,0.814534,0.814576,0.814528,0.814552,1000
12520,12520,0.815568,0.815818,0.815234,0.815526,1000
12521,12521,0.816096,0.816249,0.815915,0.816082,1000
12522,12522,0.816457,0.816620,0.816372,0.816496,1000
12523,12523,0.816831,0.816995,0.816764,0.816879,1000
12524,12524,0.816823,0.816893,0.816887,0.816890,1000
12525,12525,0.816952,0.816953,0.816924,0.816939,1000
12526,12526,0.816255,0.816485,0.816097,0.816291,1000
12527,12527,0.815408,0.815660,0.815119,0.815390,1000
12528,12528,0.814583,0.814815,0.814322,0.814568,1000
12529,12529,0.813575,0.813845,0.813226,0.813535,1000
12530,12530,0.812591,0.812860,0.812282,0.812571,1000
12531,12531,0.811604,0.811872,0.811274,0.811573,1000
12532,12532,0.810866,0.811122,0.810735,0.810928,1000
12533,12533,0.810487,0.810615,0.810346,0.810481,1000
12534,12534,0.810161,0.810253,0.810058,0.810156,1000
12535,12535,0.810067,0.810056,0.809971,0.810014,1000
12536,12536,0.810067,0.810070,0.810044,0.810057,1000
12537,12537,0.809915,0.809946,0.809851,0.809899,1000
12538,12538,0.809890,0.809868,0.809841,0.809854,1000
12539,12539,0.809647,0.809735,0.809633,0.809684,1000
12540,12540,0.809775,0.809706,0.809696,0.809701,1000
12541,12541,0.809702,0.809698,0.809696,0.809697,1000
12542,12542,0.809421,0.809499,0.809329,0.809414,1000
12543,12543,0.808580,0.808816,0.808304,0.808560,1000
12544,12544,0.808186,0.808302,0.808082,0.808192,1000
12545,12545,0.807059,0.807418,0.806756,0.807087,1000
12546,12546,0.805946,0.806295,0.805617,0.805956,1000
12547,12547,0.805461,0.805611,0.805315,0.805463,1000
12548,12548,0.805249,0.805335,0.805226,0.805281,1000
12549,12549,0.804519,0.804713,0.804228,0.804471,1000
12550,12550,0.803781,0.803987,0.803572,0.803779,1000
12551,12551,0.802730,0.803044,0.802414,0.802729,1000
12552,12552,0.801539,0.801875,0.801145,0.801510,1000
12553,12553,0.800239,0.800595,0.799812,0.800203,1000
12554,12554,0.799195,0.799474,0.798849,0.799161,1000
12555,12555,0.797945,0.798281,0.797527,0.797904,1000
12556,12556,0.796907,0.797196,0.796589,0.796892,1000
12557,12557,0.796082,0.796321,0.795832,0.796077,1000
12558,12558,0.795969,0.796015,0.795962,0.795988,1000
12559,12559,0.796003,0.796009,0.795999,0.796004,1000
12560,12560,0.796203,0.796226,0.796124,0.796175,1000
12561,12561,0.795753,0.795885,0.795636,0.795760,1000
12562,12562,0.795591,0.795627,0.795512,0.795569,1000
12563,12563,0.795606,0.795578,0.795574,0.795576,1000
12564,12564,0.795351,0.795410,0.795267,0.795338,1000
12565,12565,0.795291,0.795288,0.795246,0.795267,1000
12566,12566,0.794976,0.795066,0.794894,0.794980,1000
12567,12567,0.794656,0.794738,0.794531,0.794635,1000
12568,12568,0.794059,0.794272,0.793961,0.794116,1000
12569,12569,0.793610,0.793759,0.793454,0.793607,1000
12570,12570,0.793376,0.793443,0.793304,0.793373,1000
12571,12571,0.793387,0.793319,0.793272,0.793295,1000
12572,12572,0.794062,0.794190,0.793777,0.793984,1000
12573,12573,0.794794,0.794989,0.794525,0.794757,1000
12574,12574,0.795366,0.795467,0.795139,0.795303,1000
12575,12575,0.796070,0.796442,0.795916,0.796179,1000
12576,12576,0.797799,0.798307,0.797324,0.797815,1000
12577,12577,0.798731,0.798987,0.798446,0.798717,1000
12578,12578,0.799372,0.799635,0.799211,0.799423,1000
12579,12579,0.799951,0.800069,0.799771,0.799920,1000
12580,12580,0.800490,0.800704,0.800342,0.800523,1000
12581,12581,0.801102,0.801318,0.800951,0.801134,1000
12582,12582,0.801725,0.801917,0.801556,0.801737,1000
12583,12583,0.801996,0.802006,0.801882,0.801944,1000
12584,12584,0.802048,0.802090,0.802023,0.802057,1000
12585,12585,0.802040,0.802040,0.802026,0.802033,1000
12586,12586,0.801566,0.801692,0.801399,0.801545,1000
12587,12587,0.800646,0.800966,0.800470,0.800718,1000
12588,12588,0.800932,0.800915,0.800824,0.800869,1000
12589,12589,0.800466,0.800595,0.800360,0.800477,1000
12590,12590,0.799907,0.800046,0.799676,0.799861,1000
12591,12591,0.799512,0.799618,0.799411,0.799514,1000
12592,12592,0.799352,0.799414,0.799327,0.799370,1000
12593,12593,0.799313,0.799289,0.799220,0.799255,1000
12594,12594,0.799357,0.799433,0.799351,0.799392,1000
12595,12595,0.799491,0.799498,0.799449,0.799474,1000
12596,12596,0.799284,0.799317,0.799182,0.799250,1000
12597,12597,0.799156,0.799180,0.799121,0.799150,1000
12598,12598,0.799029,0.799064,0.798990,0.799027,1000
12599,12599,0.799342,0.799468,0.799264,0.799366,1000
12600,12600,0.799628,0.799649,0.799518,0.799583,1000
12601,12601,0.800025,0.800260,0.799948,0.800104,1000
12602,12602,0.800393,0.800459,0.800295,0.800377,1000
12603,12603,0.800663,0.800800,0.800605,0.800702,1000
12604,12604,0.801138,0.801300,0.801024,0.801162,1000
12605,12605,0.801507,0.801683,0.801443,0.801563,1000
12606,12606,0.801666,0.801728,0.801652,0.801690,1000
12607,12607,0.801250,0.801353,0.801064,0.801208,1000
12608,12608,0.800302,0.800572,0.800028,0.800300,1000
12609,12609,0.800159,0.800215,0.800142,0.800178,1000
12610,12610,0.800048,0.800086,0.800008,0.800047,1000
12611,12611,0.800822,0.801042,0.800583,0.800813,1000
12612,12612,0.801396,0.801606,0.801240,0.801423,1000
12613,12613,0.803094,0.803575,0.802581,0.803078,1000
12614,12614,0.804971,0.805515,0.804389,0.804952,1000
12615,12615,0.806502,0.806935,0.806019,0.806477,1000
12616,12616,0.807561,0.807875,0.807230,0.807553,1000
12617,12617,0.808983,0.809526,0.808614,0.809070,1000
12618,12618,0.810857,0.811364,0.810304,0.810834,1000
12619,12619,0.812923,0.813596,0.812320,0.812958,1000
12620,12620,0.814561,0.815028,0.814072,0.814550,1000
12621,12621,0.816358,0.816888,0.815808,0.816348,1000
12622,12622,0.817852,0.818203,0.817346,0.817775,1000
12623,12623,0.819524,0.820057,0.819003,0.819530,1000
12624,12624,0.822105,0.822848,0.821315,0.822081,1000
12625,12625,0.824323,0.825061,0.823685,0.824373,1000
12626,12626,0.825975,0.826483,0.825508,0.825995,1000
12627,12627,0.827309,0.827684,0.826904,0.827294,1000
12628,12628,0.829176,0.829695,0.828586,0.829140,1000
12629,12629,0.830888,0.831357,0.830333,0.830845,1000
12630,12630,0.831808,0.832097,0.831519,0.831808,1000
12631,12631,0.833152,0.833548,0.832744,0.833146,1000
12632,12632,0.834395,0.834757,0.834013,0.834385,1000
12633,12633,0.835484,0.835761,0.835126,0.835443,1000
12634,12634,0.836367,0.836612,0.836072,0.836342,1000
12635,12635,0.837464,0.837858,0.837158,0.837508,1000
12636,12636,0.837613,0.837760,0.837644,0.837702,1000
12637,12637,0.838399,0.838610,0.838191,0.838400,1000
12638,12638,0.839260,0.839495,0.838990,0.839242,1000
12639,12639,0.839798,0.839979,0.839639,0.839809,1000
12640,12640,0.840716,0.841004,0.840452,0.840728,1000
12641,12641,0.841223,0.841288,0.841030,0.841159,1000
12642,12642,0.841495,0.841630,0.841413,0.841521,1000
12643,12643,0.841431,0.841387,0.841272,0.841329,1000
12644,12644,0.841660,0.841780,0.841572,0.841676,1000
12645,12645,0.841835,0.841925,0.841810,0.841868,1000
12646,12646,0.841719,0.841783,0.841711,0.841747,1000
12647,12647,0.841150,0.841336,0.840984,0.841160,1000
12648,12648,0.840304,0.840593,0.840107,0.840350,1000
12649,12649,0.839623,0.839798,0.839325,0.839562,1000
12650,12650,0.839252,0.839330,0.839132,0.839231,1000
12651,12651,0.838871,0.838957,0.838722,0.838839,1000
12652,12652,0.837943,0.838207,0.837666,0.837936,1000
12653,12653,0.836820,0.837157,0.836489,0.836823,1000
12654,12654,0.835688,0.835984,0.835266,0.835625,1000
12655,12655,0.834481,0.834839,0.834165,0.834502,1000
12656,12656,0.833449,0.833741,0.833090,0.833416,1000
12657,12657,0.832667,0.832836,0.832339,0.832587,1000
12658,12658,0.831636,0.831913,0.831336,0.831625,1000
12659,12659,0.831330,0.831471,0.831340,0.831406,1000
12660,12660,0.831042,0.831156,0.830943,0.831050,1000
12661,12661,0.830536,0.830663,0.830332,0.830497,1000
12662,12662,0.830142,0.830302,0.830134,0.830218,1000
12663,12663,0.829539,0.829774,0.829393,0.829583,1000
12664,12664,0.829270,0.829342,0.829135,0.829239,1000
12665,12665,0.828785,0.828882,0.828577,0.828730,1000
12666,12666,0.827744,0.828054,0.827475,0.827765,1000
12667,12667,0.826334,0.826845,0.826058,0.826452,1000
12668,12668,0.825373,0.825660,0.824982,0.825321,1000
12669,12669,0.824572,0.824719,0.824203,0.824461,1000
12670,12670,0.822870,0.823357,0.822412,0.822885,1000
12671,12671,0.821291,0.821790,0.820853,0.821321,1000
12672,12672,0.820075,0.820425,0.819657,0.820041,1000
12673,12673,0.818796,0.819160,0.818406,0.818783,1000
12674,12674,0.817700,0.818040,0.817404,0.817722,1000
12675,12675,0.816392,0.816764,0.815944,0.816354,1000
12676,12676,0.814741,0.815266,0.814335,0.814801,1000
12677,12677,0.813243,0.813719,0.812794,0.813257,1000
12678,12678,0.811812,0.812254,0.811396,0.811825,1000
12679,12679,0.810499,0.810867,0.810048,0.810458,1000
12680,12680,0.809858,0.810026,0.809655,0.809840,1000
12681,12681,0.809197,0.809396,0.809016,0.809206,1000
12682,12682,0.808595,0.808796,0.808445,0.808621,1000
12683,12683,0.807811,0.808072,0.807601,0.807836,1000
12684,12684,0.807390,0.807566,0.807335,0.807450,1000
12685,12685,0.806877,0.807017,0.806646,0.806831,1000
12686,12686,0.806123,0.806273,0.805796,0.806035,1000
12687,12687,0.805373,0.805550,0.805134,0.805342,1000
12688,12688,0.804622,0.804834,0.804399,0.804617,1000
12689,12689,0.804819,0.804759,0.804693,0.804726,1000
12690,12690,0.804799,0.804802,0.804767,0.804785,1000
12691,12691,0.804685,0.804691,0.804610,0.804650,1000
12692,12692,0.804211,0.804344,0.804081,0.804212,1000
12693,12693,0.803981,0.804059,0.803927,0.803993,1000
12694,12694,0.803931,0.803965,0.803942,0.803954,1000
12695,12695,0.803758,0.803828,0.803721,0.803774,1000
12696,12696,0.803176,0.803374,0.803032,0.803203,1000
12697,12697,0.803330,0.803327,0.803270,0.803298,1000
12698,12698,0.803034,0.803138,0.803001,0.803070,1000
12699,12699,0.803487,0.803578,0.803343,0.803460,1000
12700,12700,0.803710,0.803799,0.803643,0.803721,1000
12701,12701,0.804091,0.804320,0.804043,0.804181,1000
12702,12702,0.804673,0.804755,0.804490,0.804622,1000
12703,12703,0.805444,0.805582,0.805139,0.805360,1000
12704,12704,0.806009,0.806183,0.805803,0.805993,1000
12705,12705,0.806600,0.806788,0.806421,0.806604,1000
12706,12706,0.806983,0.807163,0.806905,0.807034,1000
12707,12707,0.807572,0.807727,0.807407,0.807567,1000
12708,12708,0.807893,0.808056,0.807831,0.807943,1000
12709,12709,0.808105,0.808180,0.808071,0.808125,1000
12710,12710,0.808017,0.808052,0.807990,0.808021,1000
12711,12711,0.809016,0.809333,0.808727,0.809030,1000
12712,12712,0.810219,0.810588,0.809869,0.810228,1000
12713,12713,0.811397,0.811745,0.811045,0.811395,1000
12714,12714,0.812850,0.813244,0.812390,0.812817,1000
12715,12715,0.814228,0.814768,0.813867,0.814317,1000
12716,12716,0.815559,0.815965,0.815204,0.815585,1000
12717,12717,0.816902,0.817331,0.816525,0.816928,1000
12718,12718,0.817882,0.818240,0.817634,0.817937,1000
12719,12719,0.818568,0.818678,0.818336,0.818507,1000
12720,12720,0.819456,0.819774,0.819189,0.819482,1000
12721,12721,0.820251,0.820442,0.819999,0.820221,1000
12722,12722,0.821217,0.821472,0.820894,0.821183,1000
12723,12723,0.821772,0.821949,0.821595,0.821772,1000
12724,12724,0.822228,0.822417,0.822119,0.822268,1000
12725,12725,0.822675,0.822746,0.822526,0.822636,1000
12726,12726,0.823058,0.823214,0.822947,0.823081,1000
12727,12727,0.823398,0.823488,0.823300,0.823394,1000
12728,12728,0.823848,0.824048,0.823746,0.823897,1000
12729,12729,0.823892,0.823990,0.823947,0.823969,1000
12730,12730,0.823991,0.824023,0.823998,0.824011,1000
12731,12731,0.824391,0.824604,0.824330,0.824467,1000
12732,12732,0.825428,0.825694,0.825128,0.825411,1000
12733,12733,0.826222,0.826451,0.825971,0.826211,1000
12734,12734,0.827039,0.827356,0.826827,0.827091,1000
12735,12735,0.828416,0.828741,0.827979,0.828360,1000
12736,12736,0.829442,0.829721,0.829092,0.829407,1000
12737,12737,0.830370,0.830654,0.830078,0.830366,1000
12738,12738,0.831533,0.831891,0.831187,0.831539,1000
12739,12739,0.832323,0.832520,0.832067,0.832294,1000
12740,12740,0.833537,0.833918,0.833168,0.833543,1000
12741,12741,0.834717,0.835020,0.834338,0.834679,1000
12742,12742,0.836071,0.836467,0.835641,0.836054,1000
12743,12743,0.837028,0.837390,0.836773,0.837081,1000
12744,12744,0.836908,0.836956,0.836849,0.836903,1000
12745,12745,0.837209,0.837317,0.837126,0.837221,1000
12746,12746,0.837274,0.837332,0.837281,0.837307,1000
12747,12747,0.837269,0.837264,0.837227,0.837245,1000
12748,12748,0.836817,0.836936,0.836671,0.836804,1000
12749,12749,0.836895,0.836985,0.836901,0.836943,1000
12750,12750,0.837732,0.837965,0.837493,0.837729,1000
12751,12751,0.837580,0.837658,0.837596,0.837627,1000
12752,12752,0.837524,0.837532,0.837450,0.837491,1000
12753,12753,0.838137,0.838305,0.837929,0.838117,1000
12754,12754,0.838860,0.839129,0.838662,0.838895,1000
12755,12755,0.839140,0.839204,0.839062,0.839133,1000
12756,12756,0.838723,0.838869,0.838643,0.838756,1000
12757,12757,0.838695,0.838720,0.838689,0.838705,1000
12758,12758,0.838748,0.838702,0.838699,0.838700,1000
12759,12759,0.839267,0.839365,0.839058,0.839211,1000
12760,12760,0.839141,0.839120,0.839042,0.839081,1000
12761,12761,0.837946,0.838273,0.837581,0.837927,1000
12762,12762,0.836699,0.837059,0.836316,0.836687,1000
12763,12763,0.835540,0.835937,0.835295,0.835616,1000
12764,12764,0.835144,0.835271,0.834975,0.835123,1000
12765,12765,0.835343,0.835483,0.835317,0.835400,1000
12766,12766,0.835719,0.835873,0.835655,0.835764,1000
12767,12767,0.836468,0.836712,0.836274,0.836493,1000
12768,12768,0.837599,0.837824,0.837209,0.837517,1000
12769,12769,0.838957,0.839319,0.838486,0.838903,1000
12770,12770,0.839991,0.840307,0.839659,0.839983,1000
12771,12771,0.840320,0.840441,0.840230,0.840336,1000
12772,12772,0.840048,0.840119,0.839934,0.840027,1000
12773,12773,0.840020,0.840043,0.840036,0.840039,1000
12774,12774,0.839913,0.839971,0.839912,0.839941,1000
12775,12775,0.840253,0.840331,0.840151,0.840241,1000
12776,12776,0.840389,0.840376,0.840313,0.840344,1000
12777,12777,0.840288,0.840413,0.840381,0.840397,1000
12778,12778,0.841052,0.841236,0.840849,0.841042,1000
12779,12779,0.841459,0.841626,0.841357,0.841491,1000
12780,12780,0.841969,0.842088,0.841812,0.841950,1000
12781,12781,0.841796,0.841824,0.841716,0.841770,1000
12782,12782,0.841984,0.841880,0.841829,0.841855,1000
12783,12783,0.842487,0.842607,0.842260,0.842433,1000
12784,12784,0.843205,0.843494,0.843004,0.843249,1000
12785,12785,0.843491,0.843594,0.843435,0.843514,1000
12786,12786,0.844251,0.844361,0.843970,0.844166,1000
12787,12787,0.844584,0.844737,0.844473,0.844605,1000
12788,12788,0.845388,0.845650,0.845168,0.845409,1000
12789,12789,0.846095,0.846329,0.845904,0.846116,1000
12790,12790,0.846647,0.846809,0.846489,0.846649,1000
12791,12791,0.846651,0.846643,0.846638,0.846641,1000
12792,12792,0.847177,0.847182,0.846932,0.847057,1000
12793,12793,0.847619,0.847839,0.847478,0.847659,1000
12794,12794,0.847459,0.847505,0.847373,0.847439,1000
12795,12795,0.847169,0.847296,0.847175,0.847235,1000
12796,12796,0.847370,0.847481,0.847368,0.847425,1000
12797,12797,0.846773,0.847004,0.846645,0.846824,1000
12798,12798,0.846897,0.846939,0.846886,0.846913,1000
12799,12799,0.846830,0.846863,0.846821,0.846842,1000
12800,12800,0.847241,0.847328,0.847104,0.847216,1000
12801,12801,0.848265,0.848559,0.847939,0.848249,1000
12802,12802,0.849850,0.850274,0.849339,0.849807,1000
12803,12803,0.851592,0.852318,0.851158,0.851738,1000
12804,12804,0.853469,0.854010,0.852960,0.853485,1000
12805,12805,0.855270,0.855782,0.854721,0.855252,1000
12806,12806,0.856222,0.856480,0.855913,0.856197,1000
12807,12807,0.856531,0.856664,0.856448,0.856556,1000
12808,12808,0.857106,0.857272,0.856942,0.857107,1000
12809,12809,0.857749,0.857958,0.857565,0.857761,1000
12810,12810,0.858624,0.858864,0.858355,0.858609,1000
12811,12811,0.858977,0.859066,0.858855,0.858960,1000
12812,12812,0.859718,0.859959,0.859498,0.859728,1000
12813,12813,0.860155,0.860255,0.860012,0.860133,1000
12814,12814,0.861002,0.861220,0.860718,0.860969,1000
12815,12815,0.861627,0.861852,0.861445,0.861649,1000
12816,12816,0.862837,0.863240,0.862505,0.862872,1000
12817,12817,0.863954,0.864265,0.863622,0.863943,1000
12818,12818,0.865060,0.865403,0.864729,0.865066,1000
12819,12819,0.866191,0.866560,0.865870,0.866215,1000
12820,12820,0.868270,0.868851,0.867633,0.868242,1000
12821,12821,0.870350,0.870883,0.869663,0.870273,1000
12822,12822,0.871958,0.872494,0.871468,0.871981,1000
12823,12823,0.873758,0.874300,0.873229,0.873765,1000
12824,12824,0.875066,0.875396,0.874643,0.875019,1000
12825,12825,0.875719,0.875879,0.875482,0.875681,1000
12826,12826,0.876713,0.876972,0.876376,0.876674,1000
12827,12827,0.876382,0.876465,0.876286,0.876375,1000
12828,12828,0.876150,0.876218,0.876083,0.876151,1000
12829,12829,0.875745,0.875892,0.875670,0.875781,1000
12830,12830,0.874992,0.875268,0.874828,0.875048,1000
12831,12831,0.875064,0.875039,0.875032,0.875036,1000
12832,12832,0.875737,0.876014,0.875562,0.875788,1000
12833,12833,0.876977,0.877396,0.876653,0.877025,1000
12834,12834,0.878110,0.878427,0.877779,0.878103,1000
12835,12835,0.879375,0.879795,0.879014,0.879404,1000
12836,12836,0.880507,0.880882,0.880200,0.880541,1000
12837,12837,0.881136,0.881213,0.880903,0.881058,1000
12838,12838,0.881807,0.881992,0.881561,0.881777,1000
12839,12839,0.882300,0.882425,0.882126,0.882275,1000
12840,12840,0.882220,0.882265,0.882255,0.882260,1000
12841,12841,0.882309,0.882350,0.882308,0.882329,1000
12842,12842,0.881857,0.882022,0.881758,0.881890,1000
12843,12843,0.881827,0.881848,0.881813,0.881830,1000
12844,12844,0.881923,0.881981,0.881912,0.881947,1000
12845,12845,0.881420,0.881559,0.881226,0.881393,1000
12846,12846,0.880815,0.881013,0.880688,0.880850,1000
12847,12847,0.880964,0.881016,0.880939,0.880977,1000
12848,12848,0.881016,0.880983,0.880980,0.880981,1000
12849,12849,0.880923,0.880879,0.880791,0.880835,1000
12850,12850,0.880696,0.880671,0.880531,0.880601,1000
12851,12851,0.880595,0.880577,0.880556,0.880566,1000
12852,12852,0.880390,0.880441,0.880333,0.880387,1000
12853,12853,0.880641,0.880719,0.880566,0.880643,1000
12854,12854,0.881325,0.881689,0.881206,0.881447,1000
12855,12855,0.881390,0.881419,0.881394,0.881407,1000
12856,12856,0.881567,0.881489,0.881451,0.881470,1000
12857,12857,0.881247,0.881365,0.881275,0.881320,1000
12858,12858,0.881074,0.881210,0.881115,0.881162,1000
12859,12859,0.881842,0.882069,0.881650,0.881859,1000
12860,12860,0.882140,0.882273,0.882082,0.882178,1000
12861,12861,0.882999,0.883260,0.882760,0.883010,1000
12862,12862,0.883030,0.883019,0.883015,0.883017,1000
12863,12863,0.883301,0.883432,0.883241,0.883336,1000
12864,12864,0.883469,0.883468,0.883407,0.883438,1000
12865,12865,0.883356,0.883366,0.883305,0.883336,1000
12866,12866,0.883260,0.883309,0.883286,0.883298,1000
12867,12867,0.882914,0.883034,0.882808,0.882921,1000
12868,12868,0.882080,0.882327,0.881818,0.882073,1000
12869,12869,0.881604,0.881754,0.881480,0.881617,1000
12870,12870,0.881154,0.881336,0.881095,0.881216,1000
12871,12871,0.880791,0.880933,0.880691,0.880812,1000
12872,12872,0.880626,0.880646,0.880503,0.880575,1000
12873,12873,0.880527,0.880522,0.880478,0.880500,1000
12874,12874,0.880723,0.880751,0.880635,0.880693,1000
12875,12875,0.881167,0.881315,0.881028,0.881172,1000
12876,12876,0.881386,0.881440,0.881316,0.881378,1000
12877,12877,0.882319,0.882567,0.882018,0.882292,1000
12878,12878,0.882423,0.882418,0.882360,0.882389,1000
12879,12879,0.882571,0.882670,0.882540,0.882605,1000
12880,12880,0.882782,0.882860,0.882742,0.882801,1000
12881,12881,0.882583,0.882701,0.882615,0.882658,1000
12882,12882,0.882839,0.882863,0.882768,0.882816,1000
12883,12883,0.883315,0.883474,0.883170,0.883322,1000
12884,12884,0.882934,0.883014,0.882750,0.882882,1000
12885,12885,0.882148,0.882350,0.881894,0.882122,1000
12886,12886,0.881797,0.881876,0.881665,0.881770,1000
12887,12887,0.881658,0.881708,0.881654,0.881681,1000
12888,12888,0.880902,0.881155,0.880704,0.880929,1000
12889,12889,0.880347,0.880504,0.880139,0.880322,1000
12890,12890,0.879855,0.880019,0.879760,0.879890,1000
12891,12891,0.879621,0.879692,0.879523,0.879608,1000
12892,12892,0.879179,0.879344,0.879118,0.879231,1000
12893,12893,0.877921,0.878312,0.877525,0.877918,1000
12894,12894,0.877241,0.877459,0.877065,0.877262,1000
12895,12895,0.876190,0.876602,0.876037,0.876320,1000
12896,12896,0.875547,0.875774,0.875306,0.875540,1000
12897,12897,0.875010,0.875182,0.874876,0.875029,1000
12898,12898,0.874765,0.874851,0.874699,0.874775,1000
12899,12899,0.874708,0.874709,0.874651,0.874680,1000
12900,12900,0.874436,0.874514,0.874373,0.874444,1000
12901,12901,0.874372,0.874445,0.874444,0.874444,1000
12902,12902,0.874923,0.875074,0.874783,0.874929,1000
12903,12903,0.874568,0.874738,0.874575,0.874657,1000
12904,12904,0.874922,0.875032,0.874859,0.874946,1000
12905,12905,0.874954,0.874985,0.874967,0.874976,1000
12906,12906,0.874948,0.874922,0.874876,0.874899,1000
12907,12907,0.874482,0.874583,0.874311,0.874447,1000
12908,12908,0.873772,0.874013,0.873642,0.873828,1000
12909,12909,0.873441,0.873591,0.873388,0.873489,1000
12910,12910,0.872565,0.872838,0.872280,0.872559,1000
12911,12911,0.871699,0.871935,0.871401,0.871668,1000
12912,12912,0.871220,0.871360,0.871097,0.871229,1000
12913,12913,0.871292,0.871208,0.871190,0.871199,1000
12914,12914,0.870757,0.870877,0.870602,0.870739,1000
12915,12915,0.870034,0.870225,0.869784,0.870004,1000
12916,12916,0.869364,0.869560,0.869179,0.869370,1000
12917,12917,0.869081,0.869197,0.869048,0.869122,1000
12918,12918,0.868578,0.868745,0.868422,0.868584,1000
12919,12919,0.868803,0.868874,0.868740,0.868807,1000
12920,12920,0.869103,0.869123,0.868977,0.869050,1000
12921,12921,0.868919,0.868918,0.868804,0.868861,1000
12922,12922,0.869201,0.869348,0.869123,0.869235,1000
12923,12923,0.869393,0.869540,0.869400,0.869470,1000
12924,12924,0.869701,0.869826,0.869662,0.869744,1000
12925,12925,0.870380,0.870563,0.870185,0.870374,1000
12926,12926,0.870638,0.870582,0.870486,0.870534,1000
12927,12927,0.870660,0.870762,0.870657,0.870709,1000
12928,12928,0.870735,0.870767,0.870741,0.870754,1000
12929,12929,0.870591,0.870619,0.870502,0.870560,1000
12930,12930,0.870337,0.870414,0.870289,0.870352,1000
12931,12931,0.870904,0.871134,0.870773,0.870953,1000
12932,12932,0.872252,0.872618,0.871849,0.872233,1000
12933,12933,0.873672,0.874084,0.873229,0.873656,1000
12934,12934,0.874620,0.874814,0.874280,0.874547,1000
12935,12935,0.874993,0.875171,0.874883,0.875027,1000
12936,12936,0.875616,0.875796,0.875441,0.875618,1000
12937,12937,0.876022,0.876128,0.875893,0.876010,1000
12938,12938,0.876884,0.877099,0.876596,0.876848,1000
12939,12939,0.877547,0.877905,0.877417,0.877661,1000
12940,12940,0.879073,0.879403,0.878599,0.879001,1000
12941,12941,0.880360,0.880756,0.879945,0.880350,1000
12942,12942,0.881690,0.882063,0.881272,0.881668,1000
12943,12943,0.883256,0.883743,0.882785,0.883264,1000
12944,12944,0.884444,0.884889,0.884139,0.884514,1000
12945,12945,0.885663,0.886060,0.885346,0.885703,1000
12946,12946,0.886593,0.886807,0.886297,0.886552,1000
12947,12947,0.886799,0.886895,0.886737,0.886816,1000
12948,12948,0.886998,0.887057,0.886946,0.887001,1000
12949,12949,0.887427,0.887503,0.887271,0.887387,1000
12950,12950,0.888327,0.888739,0.888115,0.888427,1000
12951,12951,0.889344,0.889632,0.889075,0.889353,1000
12952,12952,0.889941,0.890177,0.889797,0.889987,1000
12953,12953,0.890862,0.891069,0.890570,0.890819,1000
12954,12954,0.891685,0.891943,0.891424,0.891684,1000
12955,12955,0.892635,0.892875,0.892325,0.892600,1000
12956,12956,0.893009,0.893093,0.892865,0.892979,1000
12957,12957,0.893515,0.893760,0.893400,0.893580,1000
12958,12958,0.894170,0.894302,0.893969,0.894136,1000
12959,12959,0.894996,0.895144,0.894679,0.894911,1000
12960,12960,0.895104,0.895107,0.895017,0.895062,1000
12961,12961,0.895078,0.895048,0.895037,0.895043,1000
12962,12962,0.895231,0.895238,0.895148,0.895193,1000
12963,12963,0.895583,0.895640,0.895433,0.895536,1000
12964,12964,0.896292,0.896536,0.896074,0.896305,1000
12965,12965,0.897112,0.897370,0.896878,0.897124,1000
12966,12966,0.896842,0.896916,0.896738,0.896827,1000
12967,12967,0.895917,0.896209,0.895680,0.895944,1000
12968,12968,0.894653,0.895021,0.894230,0.894625,1000
12969,12969,0.893647,0.893944,0.893360,0.893652,1000
12970,12970,0.892749,0.893023,0.892485,0.892754,1000
12971,12971,0.892208,0.892379,0.892058,0.892219,1000
12972,12972,0.891388,0.891667,0.891195,0.891431,1000
12973,12973,0.891002,0.891123,0.890860,0.890992,1000
12974,12974,0.889828,0.890181,0.889487,0.889834,1000
12975,12975,0.888895,0.889196,0.888650,0.888923,1000
12976,12976,0.888710,0.888764,0.888627,0.888696,1000
12977,12977,0.887938,0.888180,0.887738,0.887959,1000
12978,12978,0.886760,0.887167,0.886488,0.886828,1000
12979,12979,0.886438,0.886535,0.886284,0.886409,1000
12980,12980,0.886768,0.886932,0.886691,0.886812,1000
12981,12981,0.886253,0.886429,0.886100,0.886264,1000
12982,12982,0.885786,0.885952,0.885685,0.885819,1000
12983,12983,0.885447,0.885553,0.885326,0.885440,1000
12984,12984,0.884769,0.884988,0.884602,0.884795,1000
12985,12985,0.884674,0.884721,0.884658,0.884689,1000
12986,12986,0.884725,0.884733,0.884713,0.884723,1000
12987,12987,0.885245,0.885414,0.885095,0.885255,1000
12988,12988,0.886096,0.886350,0.885844,0.886097,1000
12989,12989,0.886847,0.887049,0.886609,0.886829,1000
12990,12990,0.887227,0.887284,0.887074,0.887179,1000
12991,12991,0.888508,0.888865,0.888087,0.888476,1000
12992,12992,0.889971,0.890473,0.889551,0.890012,1000
12993,12993,0.890533,0.890733,0.890400,0.890566,1000
12994,12994,0.890810,0.890876,0.890733,0.890804,1000
12995,12995,0.891262,0.891380,0.891114,0.891247,1000
12996,12996,0.891736,0.891812,0.891551,0.891681,1000
12997,12997,0.892685,0.893008,0.892395,0.892702,1000
12998,12998,0.893255,0.893490,0.893126,0.893308,1000
12999,12999,0.893353,0.893317,0.893313,0.893315,1000
13000,13000,0.893141,0.893195,0.893093,0.893144,1000
13001,13001,0.893022,0.893046,0.892962,0.893004,1000
13002,13002,0.892353,0.892511,0.892089,0.892300,1000
13003,13003,0.891895,0.892030,0.891797,0.891913,1000
13004,13004,0.892349,0.892443,0.892198,0.892321,1000
13005,13005,0.892583,0.892702,0.892526,0.892614,1000
13006,13006,0.893460,0.893617,0.893154,0.893385,1000
13007,13007,0.895061,0.895499,0.894523,0.895011,1000
13008,13008,0.896956,0.897408,0.896301,0.896854,1000
13009,13009,0.898239,0.898613,0.897801,0.898207,1000
13010,13010,0.899372,0.899737,0.899030,0.899384,1000
13011,13011,0.900623,0.901021,0.900265,0.900643,1000
13012,13012,0.901500,0.901736,0.901231,0.901484,1000
13013,13013,0.901928,0.902103,0.901817,0.901960,1000
13014,13014,0.903062,0.903504,0.902791,0.903148,1000
13015,13015,0.905016,0.905607,0.904471,0.905039,1000
13016,13016,0.906516,0.906831,0.906004,0.906417,1000
13017,13017,0.907399,0.907729,0.907123,0.907426,1000
13018,13018,0.908202,0.908434,0.907968,0.908201,1000
13019,13019,0.908402,0.908505,0.908365,0.908435,1000
13020,13020,0.909180,0.909316,0.908909,0.909113,1000
13021,13021,0.909272,0.909293,0.909210,0.909252,1000
13022,13022,0.909817,0.910094,0.909705,0.909899,1000
13023,13023,0.910810,0.911084,0.910537,0.910810,1000
13024,13024,0.911486,0.911598,0.911234,0.911416,1000
13025,13025,0.911465,0.911518,0.911471,0.911494,1000
13026,13026,0.911493,0.911511,0.911503,0.911507,1000
13027,13027,0.911948,0.912034,0.911791,0.911913,1000
13028,13028,0.912311,0.912430,0.912191,0.912311,1000
13029,13029,0.912796,0.913003,0.912683,0.912843,1000
13030,13030,0.913354,0.913482,0.913187,0.913334,1000
13031,13031,0.914068,0.914319,0.913864,0.914092,1000
13032,13032,0.915145,0.915474,0.914835,0.915154,1000
13033,13033,0.916088,0.916258,0.915748,0.916003,1000
13034,13034,0.917230,0.917731,0.916933,0.917332,1000
13035,13035,0.918770,0.919143,0.918306,0.918725,1000
13036,13036,0.919189,0.919434,0.919106,0.919270,1000
13037,13037,0.919780,0.919966,0.919645,0.919806,1000
13038,13038,0.919629,0.919678,0.919569,0.919624,1000
13039,13039,0.919085,0.919302,0.919027,0.919165,1000
13040,13040,0.918749,0.918899,0.918671,0.918785,1000
13041,13041,0.918616,0.918704,0.918635,0.918669,1000
13042,13042,0.918437,0.918489,0.918334,0.918412,1000
13043,13043,0.918671,0.918712,0.918573,0.918642,1000
13044,13044,0.919091,0.919206,0.918946,0.919076,1000
13045,13045,0.919174,0.919178,0.919131,0.919155,1000
13046,13046,0.919117,0.919107,0.919066,0.919087,1000
13047,13047,0.919089,0.919077,0.919068,0.919072,1000
13048,13048,0.919115,0.919032,0.918997,0.919014,1000
13049,13049,0.918632,0.918766,0.918553,0.918659,1000
13050,13050,0.918664,0.918628,0.918601,0.918614,1000
13051,13051,0.918167,0.918332,0.918090,0.918211,1000
13052,13052,0.917779,0.917934,0.917696,0.917815,1000
13053,13053,0.917345,0.917518,0.917264,0.917391,1000
13054,13054,0.917057,0.917204,0.917045,0.917124,1000
13055,13055,0.916884,0.916960,0.916819,0.916889,1000
13056,13056,0.917460,0.917650,0.917299,0.917475,1000
13057,13057,0.917937,0.918132,0.917829,0.917980,1000
13058,13058,0.917872,0.917877,0.917789,0.917833,1000
13059,13059,0.917124,0.917358,0.916951,0.917154,1000
13060,13060,0.916746,0.916842,0.916573,0.916708,1000
13061,13061,0.916043,0.916238,0.915837,0.916037,1000
13062,13062,0.915381,0.915563,0.915156,0.915360,1000
13063,13063,0.913860,0.914375,0.913531,0.913953,1000
13064,13064,0.913285,0.913480,0.913075,0.913278,1000
13065,13065,0.912549,0.912774,0.912342,0.912558,1000
13066,13066,0.912039,0.912217,0.911925,0.912071,1000
13067,13067,0.911956,0.911993,0.911927,0.911960,1000
13068,13068,0.911424,0.911586,0.911266,0.911426,1000
13069,13069,0.911179,0.911254,0.911107,0.911181,1000
13070,13070,0.910505,0.910746,0.910374,0.910560,1000
13071,13071,0.910444,0.910460,0.910373,0.910416,1000
13072,13072,0.909913,0.910103,0.909834,0.909969,1000
13073,13073,0.909255,0.909506,0.909110,0.909308,1000
13074,13074,0.908737,0.908913,0.908574,0.908743,1000
13075,13075,0.907944,0.908233,0.907796,0.908014,1000
13076,13076,0.907208,0.907480,0.907023,0.907252,1000
13077,13077,0.906209,0.906562,0.905971,0.906267,1000
13078,13078,0.905293,0.905607,0.905042,0.905324,1000
13079,13079,0.904783,0.904970,0.904666,0.904818,1000
13080,13080,0.904510,0.904598,0.904409,0.904503,1000
13081,13081,0.903911,0.904106,0.903766,0.903936,1000
13082,13082,0.902684,0.903043,0.902278,0.902660,1000
13083,13083,0.902026,0.902282,0.901958,0.902120,1000
13084,13084,0.901455,0.901665,0.901276,0.901470,1000
13085,13085,0.900870,0.901033,0.900658,0.900845,1000
13086,13086,0.900251,0.900413,0.900042,0.900227,1000
13087,13087,0.900310,0.900371,0.900304,0.900337,1000
13088,13088,0.900944,0.901104,0.900750,0.900927,1000
13089,13089,0.901818,0.902114,0.901566,0.901840,1000
13090,13090,0.902549,0.902763,0.902337,0.902550,1000
13091,13091,0.902640,0.902638,0.902597,0.902617,1000
13092,13092,0.902809,0.902842,0.902738,0.902790,1000
13093,13093,0.902269,0.902421,0.902105,0.902263,1000
13094,13094,0.901338,0.901663,0.901150,0.901407,1000
13095,13095,0.900091,0.900469,0.899665,0.900067,1000
13096,13096,0.899030,0.899335,0.898708,0.899021,1000
13097,13097,0.898576,0.898692,0.898411,0.898552,1000
13098,13098,0.898466,0.898529,0.898510,0.898520,1000
13099,13099,0.899417,0.899641,0.899124,0.899382,1000
13100,13100,0.899688,0.899716,0.899562,0.899639,1000
13101,13101,0.900476,0.900622,0.900168,0.900395,1000
13102,13102,0.901039,0.901328,0.900897,0.901112,1000
13103,13103,0.901439,0.901536,0.901340,0.901438,1000
13104,13104,0.901427,0.901411,0.901388,0.901400,1000
13105,13105,0.901706,0.901758,0.901593,0.901676,1000
13106,13106,0.901866,0.901910,0.901802,0.901856,1000
13107,13107,0.902273,0.902304,0.902097,0.902201,1000
13108,13108,0.902856,0.903072,0.902670,0.902871,1000
13109,13109,0.903947,0.904342,0.903663,0.904002,1000
13110,13110,0.905071,0.905482,0.904799,0.905140,1000
13111,13111,0.905356,0.905415,0.905288,0.905352,1000
13112,13112,0.905787,0.905807,0.905597,0.905702,1000
13113,13113,0.906055,0.906097,0.905915,0.906006,1000
13114,13114,0.905460,0.905618,0.905286,0.905452,1000
13115,13115,0.905589,0.905563,0.905512,0.905537,1000
13116,13116,0.905846,0.905993,0.905783,0.905888,1000
13117,13117,0.905505,0.905547,0.905255,0.905401,1000
13118,13118,0.905416,0.905405,0.905403,0.905404,1000
13119,13119,0.905302,0.905357,0.905317,0.905337,1000
13120,13120,0.905953,0.906224,0.905815,0.906019,1000
13121,13121,0.906286,0.906350,0.906197,0.906274,1000
13122,13122,0.906065,0.906155,0.906054,0.906105,1000
13123,13123,0.906210,0.906231,0.906172,0.906202,1000
13124,13124,0.905679,0.905852,0.905552,0.905702,1000
13125,13125,0.905079,0.905267,0.904895,0.905081,1000
13126,13126,0.904283,0.904522,0.904042,0.904282,1000
13127,13127,0.903403,0.903681,0.903166,0.903423,1000
13128,13128,0.903121,0.903170,0.902953,0.903061,1000
13129,13129,0.903360,0.903401,0.903244,0.903322,1000
13130,13130,0.903436,0.903331,0.903327,0.903329,1000
13131,13131,0.903238,0.903337,0.903333,0.903335,1000
13132,13132,0.903084,0.903144,0.902980,0.903062,1000
13133,13133,0.902934,0.902949,0.902852,0.902900,1000
13134,13134,0.902995,0.902954,0.902929,0.902941,1000
13135,13135,0.902032,0.902346,0.901837,0.902092,1000
13136,13136,0.901392,0.901686,0.901339,0.901513,1000
13137,13137,0.900320,0.900660,0.899929,0.900294,1000
13138,13138,0.898606,0.899205,0.898272,0.898738,1000
13139,13139,0.898053,0.898255,0.897842,0.898048,1000
13140,13140,0.896834,0.897188,0.896451,0.896819,1000
13141,13141,0.895254,0.895750,0.894835,0.895292,1000
13142,13142,0.893848,0.894302,0.893454,0.893878,1000
13143,13143,0.893408,0.893599,0.893359,0.893479,1000
13144,13144,0.893399,0.893416,0.893363,0.893390,1000
13145,13145,0.893407,0.893483,0.893440,0.893461,1000
13146,13146,0.892930,0.893141,0.892866,0.893003,1000
13147,13147,0.892173,0.892383,0.891851,0.892117,1000
13148,13148,0.891904,0.891966,0.891836,0.891901,1000
13149,13149,0.891079,0.891334,0.890848,0.891091,1000
13150,13150,0.890719,0.890781,0.890515,0.890648,1000
13151,13151,0.890131,0.890288,0.889980,0.890134,1000
13152,13152,0.889823,0.889917,0.889731,0.889824,1000
13153,13153,0.888927,0.889210,0.888685,0.888948,1000
13154,13154,0.888140,0.888390,0.887913,0.888152,1000
13155,13155,0.886976,0.887342,0.886649,0.886995,1000
13156,13156,0.885994,0.886313,0.885728,0.886020,1000
13157,13157,0.885266,0.885441,0.884944,0.885193,1000
13158,13158,0.884791,0.884862,0.884578,0.884720,1000
13159,13159,0.884514,0.884589,0.884477,0.884533,1000
13160,13160,0.884137,0.884302,0.884104,0.884203,1000
13161,13161,0.883863,0.883970,0.883771,0.883871,1000
13162,13162,0.883289,0.883428,0.883049,0.883239,1000
13163,13163,0.882334,0.882619,0.882087,0.882353,1000
13164,13164,0.881355,0.881682,0.881107,0.881395,1000
13165,13165,0.880187,0.880577,0.879876,0.880226,1000
13166,13166,0.879283,0.879483,0.878846,0.879165,1000
13167,13167,0.877934,0.878341,0.877635,0.877988,1000
13168,13168,0.876805,0.877145,0.876423,0.876784,1000
13169,13169,0.874883,0.875447,0.874302,0.874874,1000
13170,13170,0.872762,0.873417,0.872169,0.872793,1000
13171,13171,0.870911,0.871525,0.870440,0.870982,1000
13172,13172,0.868488,0.869222,0.867717,0.868470,1000
13173,13173,0.865866,0.866643,0.865082,0.865863,1000
13174,13174,0.863990,0.864553,0.863433,0.863993,1000
13175,13175,0.861880,0.862517,0.861254,0.861885,1000
13176,13176,0.860826,0.861227,0.860663,0.860945,1000
13177,13177,0.860145,0.860324,0.859793,0.860058,1000
13178,13178,0.859484,0.859702,0.859397,0.859550,1000
13179,13179,0.859177,0.859328,0.859138,0.859233,1000
13180,13180,0.858038,0.858325,0.857547,0.857936,1000
13181,13181,0.856317,0.856787,0.855804,0.856295,1000
13182,13182,0.854074,0.854754,0.853436,0.854095,1000
13183,13183,0.851960,0.852606,0.851333,0.851970,1000
13184,13184,0.850296,0.850803,0.849805,0.850304,1000
13185,13185,0.848279,0.848923,0.847741,0.848332,1000
13186,13186,0.846825,0.847279,0.846378,0.846829,1000
13187,13187,0.846097,0.846347,0.845934,0.846141,1000
13188,13188,0.844687,0.845158,0.844316,0.844737,1000
13189,13189,0.843250,0.843745,0.842895,0.843320,1000
13190,13190,0.841667,0.842158,0.841163,0.841661,1000
13191,13191,0.840291,0.840687,0.839854,0.840271,1000
13192,13192,0.838960,0.839347,0.838557,0.838952,1000
13193,13193,0.837079,0.837625,0.836488,0.837057,1000
13194,13194,0.835662,0.836070,0.835225,0.835648,1000
13195,13195,0.834245,0.834722,0.833930,0.834326,1000
13196,13196,0.832754,0.833214,0.832263,0.832739,1000
13197,13197,0.831444,0.831818,0.831030,0.831424,1000
13198,13198,0.829968,0.830381,0.829488,0.829935,1000
13199,13199,0.827740,0.828377,0.827044,0.827710,1000
13200,13200,0.826354,0.826740,0.825909,0.826324,1000
13201,13201,0.824878,0.825272,0.824371,0.824822,1000
13202,13202,0.823788,0.824058,0.823403,0.823731,1000
13203,13203,0.821992,0.822564,0.821566,0.822065,1000
13204,13204,0.820761,0.821218,0.820493,0.820856,1000
13205,13205,0.819796,0.820147,0.819540,0.819843,1000
13206,13206,0.818912,0.819144,0.818544,0.818844,1000
13207,13207,0.817266,0.817728,0.816772,0.817250,1000
13208,13208,0.816633,0.816811,0.816435,0.816623,1000
13209,13209,0.816133,0.816273,0.815973,0.816123,1000
13210,13210,0.816236,0.816305,0.816221,0.816263,1000
13211,13211,0.815546,0.815714,0.815244,0.815479,1000
13212,13212,0.814075,0.814501,0.813664,0.814083,1000
13213,13213,0.812526,0.813030,0.812129,0.812579,1000
13214,13214,0.811134,0.811492,0.810561,0.811026,1000
13215,13215,0.810309,0.810543,0.810130,0.810337,1000
13216,13216,0.810154,0.810233,0.810145,0.810189,1000
13217,13217,0.809809,0.809967,0.809777,0.809872,1000
13218,13218,0.810296,0.810422,0.810168,0.810295,1000
13219,13219,0.810705,0.810721,0.810524,0.810622,1000
13220,13220,0.811111,0.811269,0.810970,0.811120,1000
13221,13221,0.811849,0.812040,0.811615,0.811828,1000
13222,13222,0.812445,0.812649,0.812270,0.812459,1000
13223,13223,0.813169,0.813409,0.812971,0.813190,1000
13224,13224,0.814562,0.814981,0.814154,0.814568,1000
13225,13225,0.815758,0.816157,0.815423,0.815790,1000
13226,13226,0.816506,0.816789,0.816327,0.816558,1000
13227,13227,0.817524,0.817912,0.817287,0.817600,1000
13228,13228,0.818637,0.819027,0.818368,0.818697,1000
13229,13229,0.820108,0.820528,0.819682,0.820105,1000
13230,13230,0.821107,0.821379,0.820791,0.821085,1000
13231,13231,0.821557,0.821695,0.821414,0.821554,1000
13232,13232,0.822038,0.822225,0.821915,0.822070,1000
13233,13233,0.822555,0.822665,0.822390,0.822528,1000
13234,13234,0.823799,0.824260,0.823460,0.823860,1000
13235,13235,0.825180,0.825571,0.824781,0.825176,1000
13236,13236,0.826626,0.827034,0.826176,0.826605,1000
13237,13237,0.827610,0.827953,0.827330,0.827642,1000
13238,13238,0.828944,0.829356,0.828565,0.828961,1000
13239,13239,0.830451,0.830883,0.829995,0.830439,1000
13240,13240,0.831989,0.832543,0.831571,0.832057,1000
13241,13241,0.832944,0.833158,0.832649,0.832904,1000
13242,13242,0.833650,0.833908,0.833444,0.833676,1000
13243,13243,0.833809,0.833878,0.833785,0.833831,1000
13244,13244,0.833650,0.833740,0.833662,0.833701,1000
13245,13245,0.832801,0.833063,0.832516,0.832790,1000
13246,13246,0.831520,0.831894,0.831127,0.831510,1000
13247,13247,0.830743,0.830911,0.830397,0.830654,1000
13248,13248,0.830003,0.830221,0.829849,0.830035,1000
13249,13249,0.829604,0.829739,0.829486,0.829613,1000
13250,13250,0.829079,0.829252,0.828943,0.829098,1000
13251,13251,0.829192,0.829166,0.829134,0.829150,1000
13252,13252,0.829498,0.829666,0.829428,0.829547,1000
13253,13253,0.829839,0.830012,0.829797,0.829905,1000
13254,13254,0.829945,0.829958,0.829933,0.829945,1000
13255,13255,0.829994,0.830011,0.829981,0.829996,1000
13256,13256,0.829861,0.829923,0.829860,0.829892,1000
13257,13257,0.830082,0.830101,0.830004,0.830053,1000
13258,13258,0.830316,0.830417,0.830249,0.830333,1000
13259,13259,0.829526,0.829778,0.829302,0.829540,1000
13260,13260,0.829253,0.829307,0.829107,0.829207,1000
13261,13261,0.828443,0.828657,0.828185,0.828421,1000
13262,13262,0.827517,0.827730,0.827139,0.827435,1000
13263,13263,0.826763,0.826986,0.826601,0.826793,1000
13264,13264,0.826195,0.826416,0.826092,0.826254,1000
13265,13265,0.825056,0.825427,0.824719,0.825073,1000
13266,13266,0.824236,0.824517,0.824041,0.824279,1000
13267,13267,0.823595,0.823796,0.823382,0.823589,1000
13268,13268,0.822855,0.823061,0.822609,0.822835,1000
13269,13269,0.822439,0.822561,0.822326,0.822444,1000
13270,13270,0.821452,0.821748,0.821152,0.821450,1000
13271,13271,0.820400,0.820733,0.820119,0.820426,1000
13272,13272,0.819263,0.819568,0.818833,0.819200,1000
13273,13273,0.817580,0.818089,0.817138,0.817614,1000
13274,13274,0.816378,0.816704,0.815925,0.816315,1000
13275,13275,0.816177,0.816200,0.816102,0.816151,1000
13276,13276,0.816027,0.816048,0.815959,0.816003,1000
13277,13277,0.815780,0.815840,0.815700,0.815770,1000
13278,13278,0.815695,0.815735,0.815706,0.815721,1000
13279,13279,0.816421,0.816674,0.816234,0.816454,1000
13280,13280,0.817025,0.817163,0.816836,0.816999,1000
13281,13281,0.816641,0.816723,0.816486,0.816604,1000
13282,13282,0.816413,0.816513,0.816435,0.816474,1000
13283,13283,0.817037,0.817202,0.816866,0.817034,1000
13284,13284,0.817955,0.818201,0.817662,0.817931,1000
13285,13285,0.819128,0.819468,0.818759,0.819114,1000
13286,13286,0.819677,0.819842,0.819505,0.819674,1000
13287,13287,0.819737,0.819779,0.819730,0.819754,1000
13288,13288,0.819892,0.819912,0.819839,0.819875,1000
13289,13289,0.819265,0.819439,0.819065,0.819252,1000
13290,13290,0.819119,0.819164,0.819089,0.819127,1000
13291,13291,0.818567,0.818750,0.818428,0.818589,1000
13292,13292,0.817579,0.817871,0.817256,0.817564,1000
13293,13293,0.816126,0.816558,0.815697,0.816127,1000
13294,13294,0.814739,0.815178,0.814365,0.814772,1000
13295,13295,0.813203,0.813698,0.812780,0.813239,1000
13296,13296,0.812049,0.812423,0.811725,0.812074,1000
13297,13297,0.810460,0.810977,0.810039,0.810508,1000
13298,13298,0.809310,0.809687,0.808984,0.809336,1000
13299,13299,0.808730,0.808902,0.808530,0.808716,1000
13300,13300,0.808052,0.808220,0.807795,0.808007,1000
13301,13301,0.807074,0.807342,0.806772,0.807057,1000
13302,13302,0.806009,0.806334,0.805714,0.806024,1000
13303,13303,0.805381,0.805553,0.805150,0.805351,1000
13304,13304,0.804205,0.804572,0.803905,0.804239,1000
13305,13305,0.802705,0.803166,0.802248,0.802707,1000
13306,13306,0.801095,0.801553,0.800565,0.801059,1000
13307,13307,0.799776,0.800105,0.799287,0.799696,1000
13308,13308,0.798673,0.799005,0.798413,0.798709,1000
13309,13309,0.797442,0.797835,0.797086,0.797460,1000
13310,13310,0.796099,0.796501,0.795680,0.796090,1000
13311,13311,0.794509,0.794956,0.793986,0.794471,1000
13312,13312,0.792216,0.792895,0.791547,0.792221,1000
13313,13313,0.790438,0.790928,0.789821,0.790374,1000
13314,13314,0.788724,0.789182,0.788161,0.788672,1000
13315,13315,0.787111,0.787531,0.786556,0.787044,1000
13316,13316,0.786427,0.786631,0.786278,0.786455,1000
13317,13317,0.785833,0.785987,0.785587,0.785787,1000
13318,13318,0.785033,0.785263,0.784814,0.785038,1000
13319,13319,0.784359,0.784544,0.784121,0.784333,1000
13320,13320,0.784191,0.784220,0.784123,0.784171,1000
13321,13321,0.783500,0.783694,0.783285,0.783489,1000
13322,13322,0.782753,0.782967,0.782520,0.782743,1000
13323,13323,0.782354,0.782496,0.782284,0.782390,1000
13324,13324,0.782573,0.782709,0.782562,0.782635,1000
13325,13325,0.783459,0.783810,0.783267,0.783538,1000
13326,13326,0.784116,0.784312,0.783955,0.784134,1000
13327,13327,0.784060,0.784046,0.783971,0.784009,1000
13328,13328,0.784409,0.784513,0.784280,0.784397,1000
13329,13329,0.784753,0.784878,0.784656,0.784767,1000
13330,13330,0.785673,0.785904,0.785379,0.785642,1000
13331,13331,0.786062,0.786173,0.785928,0.786051,1000
13332,13332,0.786338,0.786408,0.786243,0.786326,1000
13333,13333,0.786501,0.786587,0.786467,0.786527,1000
13334,13334,0.786523,0.786598,0.786565,0.786582,1000
13335,13335,0.786786,0.786810,0.786705,0.786757,1000
13336,13336,0.787090,0.787151,0.786969,0.787060,1000
13337,13337,0.787590,0.787702,0.787406,0.787554,1000
13338,13338,0.787618,0.787613,0.787586,0.787599,1000
13339,13339,0.787439,0.787473,0.787365,0.787419,1000
13340,13340,0.787060,0.787188,0.786989,0.787089,1000
13341,13341,0.786761,0.786878,0.786698,0.786788,1000
13342,13342,0.786590,0.786653,0.786538,0.786595,1000
13343,13343,0.785591,0.785868,0.785245,0.785556,1000
13344,13344,0.784928,0.785123,0.784752,0.784937,1000
13345,13345,0.784786,0.784850,0.784776,0.784813,1000
13346,13346,0.784418,0.784560,0.784344,0.784452,1000
13347,13347,0.784063,0.784187,0.783959,0.784073,1000
13348,13348,0.783701,0.783783,0.783534,0.783659,1000
13349,13349,0.783779,0.783824,0.783747,0.783786,1000
13350,13350,0.783700,0.783757,0.783732,0.783744,1000
13351,13351,0.783193,0.783378,0.783065,0.783222,1000
13352,13352,0.782484,0.782726,0.782302,0.782514,1000
13353,13353,0.781685,0.781961,0.781487,0.781724,1000
13354,13354,0.781802,0.781793,0.781761,0.781777,1000
13355,13355,0.781831,0.781774,0.781771,0.781772,1000
13356,13356,0.781416,0.781479,0.781228,0.781354,1000
13357,13357,0.781476,0.781539,0.781453,0.781496,1000
13358,13358,0.781974,0.782131,0.781838,0.781985,1000
13359,13359,0.782178,0.782230,0.782117,0.782173,1000
13360,13360,0.782596,0.782769,0.782494,0.782631,1000
13361,13361,0.783061,0.783208,0.782942,0.783075,1000
13362,13362,0.783375,0.783502,0.783305,0.783403,1000
13363,13363,0.783978,0.784083,0.783769,0.783926,1000
13364,13364,0.784299,0.784459,0.784213,0.784336,1000
13365,13365,0.785110,0.785313,0.784862,0.785088,1000
13366,13366,0.785825,0.786100,0.785632,0.785866,1000
13367,13367,0.786852,0.787124,0.786543,0.786833,1000
13368,13368,0.788142,0.788623,0.787797,0.788210,1000
13369,13369,0.790199,0.790764,0.789584,0.790174,1000
13370,13370,0.791601,0.792035,0.791176,0.791606,1000
13371,13371,0.793074,0.793529,0.792641,0.793085,1000
13372,13372,0.794160,0.794506,0.793850,0.794178,1000
13373,13373,0.796037,0.796609,0.795486,0.796048,1000
13374,13374,0.797546,0.797976,0.797086,0.797531,1000
13375,13375,0.799495,0.800078,0.798902,0.799490,1000
13376,13376,0.800327,0.800569,0.800071,0.800320,1000
13377,13377,0.801218,0.801504,0.800958,0.801231,1000
13378,13378,0.801978,0.802123,0.801711,0.801917,1000
13379,13379,0.802778,0.803072,0.802538,0.802805,1000
13380,13380,0.803620,0.803830,0.803357,0.803594,1000
13381,13381,0.803629,0.803751,0.803678,0.803714,1000
13382,13382,0.803125,0.803233,0.802821,0.803027,1000
13383,13383,0.802515,0.802699,0.802418,0.802558,1000
13384,13384,0.802126,0.802271,0.802024,0.802148,1000
13385,13385,0.801486,0.801695,0.801308,0.801502,1000
13386,13386,0.801267,0.801332,0.801187,0.801260,1000
13387,13387,0.800864,0.800977,0.800734,0.800856,1000
13388,13388,0.800045,0.800325,0.799870,0.800098,1000
13389,13389,0.799277,0.799536,0.799054,0.799295,1000
13390,13390,0.798312,0.798643,0.798085,0.798364,1000
13391,13391,0.797396,0.797678,0.797090,0.797384,1000
13392,13392,0.796788,0.796951,0.796581,0.796766,1000
13393,13393,0.796248,0.796360,0.796012,0.796186,1000
13394,13394,0.795356,0.795600,0.795098,0.795349,1000
13395,13395,0.794147,0.794437,0.793656,0.794047,1000
13396,13396,0.793175,0.793426,0.792895,0.793161,1000
13397,13397,0.792400,0.792608,0.792134,0.792371,1000
13398,13398,0.791622,0.791833,0.791373,0.791603,1000
13399,13399,0.790382,0.790723,0.789970,0.790346,1000
13400,13400,0.789441,0.789713,0.789171,0.789442,1000
13401,13401,0.789080,0.789178,0.788952,0.789065,1000
13402,13402,0.788763,0.788893,0.788745,0.788819,1000
13403,13403,0.788353,0.788503,0.788232,0.788367,1000
13404,13404,0.787802,0.787945,0.787582,0.787764,1000
13405,13405,0.786268,0.786805,0.785985,0.786395,1000
13406,13406,0.785010,0.785410,0.784566,0.784988,1000
13407,13407,0.784203,0.784479,0.784043,0.784261,1000
13408,13408,0.782919,0.783352,0.782574,0.782963,1000
13409,13409,0.782029,0.782297,0.781727,0.782012,1000
13410,13410,0.781003,0.781257,0.780610,0.780934,1000
13411,13411,0.779926,0.780236,0.779638,0.779937,1000
13412,13412,0.778597,0.779025,0.778244,0.778635,1000
13413,13413,0.777586,0.777933,0.777333,0.777633,1000
13414,13414,0.776784,0.777039,0.776529,0.776784,1000
13415,13415,0.776560,0.776677,0.776585,0.776631,1000
13416,13416,0.776651,0.776678,0.776656,0.776667,1000
13417,13417,0.776353,0.776445,0.776254,0.776349,1000
13418,13418,0.776548,0.776589,0.776478,0.776534,1000
13419,13419,0.776827,0.776963,0.776765,0.776864,1000
13420,13420,0.777352,0.777433,0.777170,0.777302,1000
13421,13421,0.776997,0.777062,0.776856,0.776959,1000
13422,13422,0.776554,0.776658,0.776400,0.776529,1000
13423,13423,0.776357,0.776394,0.776279,0.776336,1000
13424,13424,0.776247,0.776302,0.776273,0.776288,1000
13425,13425,0.775651,0.775844,0.775463,0.775653,1000
13426,13426,0.775574,0.775615,0.775581,0.775598,1000
13427,13427,0.774881,0.775153,0.774772,0.774962,1000
13428,13428,0.774157,0.774429,0.773972,0.774201,1000
13429,13429,0.773859,0.773916,0.773672,0.773794,1000
13430,13430,0.773509,0.773637,0.773503,0.773570,1000
13431,13431,0.773088,0.773260,0.772995,0.773128,1000
13432,13432,0.772741,0.772895,0.772695,0.772795,1000
13433,13433,0.772724,0.772735,0.772684,0.772709,1000
13434,13434,0.772651,0.772644,0.772587,0.772616,1000
13435,13435,0.772973,0.773095,0.772874,0.772984,1000
13436,13436,0.773969,0.774310,0.773698,0.774004,1000
13437,13437,0.774408,0.774509,0.774276,0.774393,1000
13438,13438,0.775182,0.775423,0.774947,0.775185,1000
13439,13439,0.775388,0.775440,0.775323,0.775381,1000
13440,13440,0.775061,0.775128,0.774911,0.775020,1000
13441,13441,0.774598,0.774767,0.774551,0.774659,1000
13442,13442,0.773983,0.774215,0.773834,0.774024,1000
13443,13443,0.773427,0.773600,0.773238,0.773419,1000
13444,13444,0.772894,0.773038,0.772711,0.772874,1000
13445,13445,0.771745,0.772069,0.771380,0.771724,1000
13446,13446,0.770452,0.770848,0.770098,0.770473,1000
13447,13447,0.769972,0.770083,0.769750,0.769917,1000
13448,13448,0.769148,0.769376,0.768912,0.769144,1000
13449,13449,0.768353,0.768621,0.768173,0.768397,1000
13450,13450,0.767784,0.767958,0.767583,0.767771,1000
13451,13451,0.767127,0.767324,0.766941,0.767132,1000
13452,13452,0.766296,0.766583,0.766113,0.766348,1000
13453,13453,0.764807,0.765306,0.764415,0.764861,1000
13454,13454,0.763630,0.764025,0.763310,0.763667,1000
13455,13455,0.762723,0.763033,0.762489,0.762761,1000
13456,13456,0.762175,0.762335,0.761969,0.762152,1000
13457,13457,0.762014,0.762061,0.761982,0.762022,1000
13458,13458,0.761572,0.761692,0.761409,0.761551,1000
13459,13459,0.760836,0.761018,0.760562,0.760790,1000
13460,13460,0.759905,0.760115,0.759536,0.759825,1000
13461,13461,0.758860,0.759184,0.758634,0.758909,1000
13462,13462,0.758199,0.758419,0.758000,0.758209,1000
13463,13463,0.757268,0.757554,0.756992,0.757273,1000
13464,13464,0.756402,0.756615,0.756052,0.756333,1000
13465,13465,0.755587,0.755828,0.755396,0.755612,1000
13466,13466,0.755399,0.755465,0.755339,0.755402,1000
13467,13467,0.754919,0.755066,0.754778,0.754922,1000
13468,13468,0.753948,0.754220,0.753619,0.753920,1000
13469,13469,0.753605,0.753721,0.753550,0.753635,1000
13470,13470,0.752910,0.753134,0.752704,0.752919,1000
13471,13471,0.752146,0.752415,0.751983,0.752199,1000
13472,13472,0.750860,0.751266,0.750467,0.750867,1000
13473,13473,0.749453,0.749880,0.749034,0.749457,1000
13474,13474,0.748055,0.748488,0.747659,0.748074,1000
13475,13475,0.746133,0.746720,0.745562,0.746141,1000
13476,13476,0.744689,0.745111,0.744229,0.744670,1000
13477,13477,0.743559,0.743917,0.743272,0.743595,1000
13478,13478,0.742579,0.742879,0.742266,0.742572,1000
13479,13479,0.742030,0.742195,0.741872,0.742033,1000
13480,13480,0.742168,0.742119,0.742080,0.742099,1000
13481,13481,0.742522,0.742546,0.742340,0.742443,1000
13482,13482,0.742573,0.742608,0.742532,0.742570,1000
13483,13483,0.743008,0.743107,0.742859,0.742983,1000
13484,13484,0.743205,0.743192,0.743096,0.743144,1000
13485,13485,0.743111,0.743096,0.743054,0.743075,1000
13486,13486,0.743137,0.743184,0.743134,0.743159,1000
13487,13487,0.743048,0.743069,0.742992,0.743030,1000
13488,13488,0.742636,0.742794,0.742591,0.742692,1000
13489,13489,0.742592,0.742603,0.742526,0.742565,1000
13490,13490,0.742717,0.742669,0.742621,0.742645,1000
13491,13491,0.742297,0.742427,0.742240,0.742334,1000
13492,13492,0.742026,0.742109,0.741917,0.742013,1000
13493,13493,0.741714,0.741804,0.741625,0.741715,1000
13494,13494,0.741386,0.741510,0.741334,0.741422,1000
13495,13495,0.741338,0.741363,0.741312,0.741337,1000
13496,13496,0.740972,0.741093,0.740883,0.740988,1000
13497,13497,0.741011,0.741006,0.740997,0.741002,1000
13498,13498,0.740895,0.740897,0.740808,0.740852,1000
13499,13499,0.740690,0.740751,0.740663,0.740707,1000
13500,13500,0.740042,0.740311,0.739971,0.740141,1000
13501,13501,0.739655,0.739824,0.739552,0.739688,1000
13502,13502,0.739639,0.739664,0.739644,0.739654,1000
13503,13503,0.739952,0.739979,0.739829,0.739904,1000
13504,13504,0.740344,0.740425,0.740184,0.740304,1000
13505,13505,0.740724,0.740835,0.740590,0.740712,1000
13506,13506,0.740942,0.740985,0.740859,0.740922,1000
13507,13507,0.740904,0.740945,0.740934,0.740939,1000
13508,13508,0.741363,0.741384,0.741179,0.741282,1000
13509,13509,0.741156,0.741203,0.741135,0.741169,1000
13510,13510,0.741122,0.741148,0.741130,0.741139,1000
13511,13511,0.740444,0.740653,0.740237,0.740445,1000
13512,13512,0.740426,0.740419,0.740397,0.740408,1000
13513,13513,0.740220,0.740288,0.740186,0.740237,1000
13514,13514,0.739939,0.740049,0.739887,0.739968,1000
13515,13515,0.739346,0.739520,0.739137,0.739328,1000
13516,13516,0.738767,0.738985,0.738692,0.738839,1000
13517,13517,0.738632,0.738698,0.738578,0.738638,1000
13518,13518,0.738163,0.738285,0.737982,0.738133,1000
13519,13519,0.737311,0.737546,0.737043,0.737295,1000
13520,13520,0.736127,0.736479,0.735781,0.736130,1000
13521,13521,0.735090,0.735428,0.734828,0.735128,1000
13522,13522,0.734602,0.734783,0.734487,0.734635,1000
13523,13523,0.734376,0.734439,0.734271,0.734355,1000
13524,13524,0.734440,0.734458,0.734410,0.734434,1000
13525,13525,0.734385,0.734420,0.734408,0.734414,1000
13526,13526,0.733927,0.734032,0.733704,0.733868,1000
13527,13527,0.733027,0.733254,0.732729,0.732991,1000
13528,13528,0.732575,0.732698,0.732446,0.732572,1000
13529,13529,0.732522,0.732564,0.732557,0.732560,1000
13530,13530,0.732540,0.732592,0.732577,0.732585,1000
13531,13531,0.732472,0.732498,0.732423,0.732460,1000
13532,13532,0.732250,0.732307,0.732176,0.732241,1000
13533,13533,0.731785,0.731923,0.731649,0.731786,1000
13534,13534,0.731699,0.731734,0.731688,0.731711,1000
13535,13535,0.731271,0.731445,0.731217,0.731331,1000
13536,13536,0.730616,0.730859,0.730455,0.730657,1000
13537,13537,0.729880,0.730109,0.729639,0.729874,1000
13538,13538,0.729435,0.729574,0.729316,0.729445,1000
13539,13539,0.728448,0.728728,0.728114,0.728421,1000
13540,13540,0.728221,0.728257,0.728116,0.728186,1000
13541,13541,0.727816,0.727925,0.727702,0.727813,1000
13542,13542,0.726800,0.727122,0.726529,0.726825,1000
13543,13543,0.725820,0.726098,0.725475,0.725786,1000
13544,13544,0.725472,0.725578,0.725399,0.725488,1000
13545,13545,0.725539,0.725519,0.725505,0.725512,1000
13546,13546,0.726152,0.726366,0.725972,0.726169,1000
13547,13547,0.727044,0.727290,0.726772,0.727031,1000
13548,13548,0.727448,0.727614,0.727345,0.727480,1000
13549,13549,0.727645,0.727662,0.727578,0.727620,1000
13550,13550,0.727679,0.727596,0.727577,0.727586,1000
13551,13551,0.727535,0.727487,0.727403,0.727445,1000
13552,13552,0.727769,0.727854,0.727665,0.727760,1000
13553,13553,0.728043,0.728091,0.727938,0.728015,1000
13554,13554,0.728441,0.728540,0.728298,0.728419,1000
13555,13555,0.728963,0.729185,0.728831,0.729008,1000
13556,13556,0.729787,0.729974,0.729528,0.729751,1000
13557,13557,0.730275,0.730525,0.730168,0.730347,1000
13558,13558,0.730773,0.730887,0.730638,0.730762,1000
13559,13559,0.731629,0.731914,0.731382,0.731648,1000
13560,13560,0.732480,0.732750,0.732241,0.732496,1000
13561,13561,0.733395,0.733750,0.733171,0.733461,1000
13562,13562,0.734403,0.734771,0.734166,0.734469,1000
13563,13563,0.735123,0.735275,0.734903,0.735089,1000
13564,13564,0.735924,0.736208,0.735691,0.735949,1000
13565,13565,0.736768,0.736976,0.736502,0.736739,1000
13566,13566,0.736952,0.737026,0.736893,0.736960,1000
13567,13567,0.736937,0.736975,0.736968,0.736972,1000
13568,13568,0.737482,0.737682,0.737354,0.737518,1000
13569,13569,0.737954,0.737996,0.737775,0.737885,1000
13570,13570,0.737652,0.737714,0.737568,0.737641,1000
13571,13571,0.737574,0.737582,0.737532,0.737557,1000
13572,13572,0.737659,0.737643,0.737603,0.737623,1000
13573,13573,0.737039,0.737220,0.736874,0.737047,1000
13574,13574,0.736829,0.736926,0.736822,0.736874,1000
13575,13575,0.736695,0.736740,0.736625,0.736683,1000
13576,13576,0.737352,0.737533,0.737141,0.737337,1000
13577,13577,0.737508,0.737597,0.737477,0.737537,1000
13578,13578,0.737285,0.737368,0.737224,0.737296,1000
13579,13579,0.736980,0.737131,0.736990,0.737060,1000
13580,13580,0.737189,0.737183,0.737126,0.737154,1000
13581,13581,0.736481,0.736725,0.736358,0.736542,1000
13582,13582,0.736267,0.736347,0.736180,0.736263,1000
13583,13583,0.735764,0.735945,0.735672,0.735809,1000
13584,13584,0.735422,0.735530,0.735292,0.735411,1000
13585,13585,0.735306,0.735373,0.735340,0.735357,1000
13586,13586,0.734549,0.734797,0.734317,0.734557,1000
13587,13587,0.733820,0.734006,0.733534,0.733770,1000
13588,13588,0.733186,0.733346,0.732983,0.733165,1000
13589,13589,0.732001,0.732335,0.731625,0.731980,1000
13590,13590,0.730948,0.731295,0.730708,0.731001,1000
13591,13591,0.729962,0.730285,0.729672,0.729979,1000
13592,13592,0.728876,0.729190,0.728514,0.728852,1000
13593,13593,0.727741,0.728062,0.727386,0.727724,1000
13594,13594,0.726993,0.727200,0.726751,0.726975,1000
13595,13595,0.725927,0.726250,0.725629,0.725940,1000
13596,13596,0.724999,0.725287,0.724729,0.725008,1000
13597,13597,0.724697,0.724783,0.724589,0.724686,1000
13598,13598,0.724237,0.724381,0.724119,0.724250,1000
13599,13599,0.723473,0.723720,0.723266,0.723493,1000
13600,13600,0.723148,0.723238,0.723020,0.723129,1000
13601,13601,0.722877,0.722964,0.722824,0.722894,1000
13602,13602,0.722726,0.722741,0.722610,0.722675,1000
13603,13603,0.723008,0.723091,0.722899,0.722995,1000
13604,13604,0.722899,0.722926,0.722868,0.722897,1000
13605,13605,0.723054,0.723167,0.723042,0.723105,1000
13606,13606,0.723451,0.723591,0.723366,0.723478,1000
13607,13607,0.723423,0.723450,0.723426,0.723438,1000
13608,13608,0.723842,0.723923,0.723699,0.723811,1000
13609,13609,0.724196,0.724325,0.724088,0.724206,1000
13610,13610,0.724988,0.725173,0.724727,0.724950,1000
13611,13611,0.725243,0.725332,0.725156,0.725244,1000
13612,13612,0.725196,0.725182,0.725130,0.725156,1000
13613,13613,0.725474,0.725538,0.725362,0.725450,1000
13614,13614,0.725839,0.725968,0.725729,0.725848,1000
13615,13615,0.726365,0.726565,0.726234,0.726399,1000
13616,13616,0.726708,0.726834,0.726634,0.726734,1000
13617,13617,0.727183,0.727346,0.727063,0.727204,1000
13618,13618,0.727854,0.728030,0.727649,0.727839,1000
13619,13619,0.728115,0.728238,0.728054,0.728146,1000
13620,13620,0.728630,0.728758,0.728475,0.728617,1000
13621,13621,0.728716,0.728735,0.728680,0.728708,1000
13622,13622,0.728881,0.728896,0.728809,0.728853,1000
13623,13623,0.729344,0.729480,0.729191,0.729335,1000
13624,13624,0.729798,0.729967,0.729675,0.729821,1000
13625,13625,0.730334,0.730546,0.730211,0.730378,1000
13626,13626,0.730879,0.731121,0.730778,0.730950,1000
13627,13627,0.731369,0.731515,0.731254,0.731384,1000
13628,13628,0.731288,0.731309,0.731245,0.731277,1000
13629,13629,0.731571,0.731645,0.731475,0.731560,1000
13630,13630,0.732010,0.732120,0.731861,0.731991,1000
13631,13631,0.732477,0.732621,0.732330,0.732476,1000
13632,13632,0.732364,0.732394,0.732323,0.732359,1000
13633,13633,0.731675,0.731905,0.731517,0.731711,1000
13634,13634,0.731179,0.731244,0.730844,0.731044,1000
13635,13635,0.731469,0.731609,0.731348,0.731479,1000
13636,13636,0.732232,0.732448,0.732000,0.732224,1000
13637,13637,0.732671,0.732819,0.732544,0.732682,1000
13638,13638,0.733544,0.733720,0.733241,0.733481,1000
13639,13639,0.734031,0.734173,0.733853,0.734013,1000
13640,13640,0.734841,0.735079,0.734587,0.734833,1000
13641,13641,0.735859,0.736161,0.735548,0.735854,1000
13642,13642,0.736833,0.737069,0.736508,0.736788,1000
13643,13643,0.737713,0.738030,0.737457,0.737744,1000
13644,13644,0.739002,0.739470,0.738673,0.739071,1000
13645,13645,0.740280,0.740714,0.739955,0.740334,1000
13646,13646,0.741428,0.741620,0.741026,0.741323,1000
13647,13647,0.742556,0.742898,0.742170,0.742534,1000
13648,13648,0.743794,0.744211,0.743436,0.743823,1000
13649,13649,0.744988,0.745383,0.744663,0.745023,1000
13650,13650,0.745803,0.746002,0.745550,0.745776,1000
13651,13651,0.746504,0.746779,0.746316,0.746547,1000
13652,13652,0.747440,0.747699,0.747167,0.747433,1000
13653,13653,0.747646,0.747804,0.747633,0.747718,1000
13654,13654,0.748320,0.748501,0.748140,0.748321,1000
13655,13655,0.749217,0.749406,0.748905,0.749155,1000
13656,13656,0.749602,0.749665,0.749430,0.749547,1000
13657,13657,0.749905,0.750049,0.749818,0.749934,1000
13658,13658,0.749660,0.749779,0.749646,0.749713,1000
13659,13659,0.749620,0.749631,0.749561,0.749596,1000
13660,13660,0.749989,0.750129,0.749883,0.750006,1000
13661,13661,0.750260,0.750370,0.750202,0.750286,1000
13662,13662,0.750957,0.751238,0.750799,0.751018,1000
13663,13663,0.751942,0.752228,0.751670,0.751949,1000
13664,13664,0.752904,0.753189,0.752616,0.752902,1000
13665,13665,0.753404,0.753500,0.753224,0.753362,1000
13666,13666,0.754146,0.754403,0.753923,0.754163,1000
13667,13667,0.754995,0.755202,0.754722,0.754962,1000
13668,13668,0.755998,0.756282,0.755672,0.755977,1000
13669,13669,0.756814,0.757051,0.756555,0.756803,1000
13670,13670,0.757172,0.757278,0.757059,0.757168,1000
13671,13671,0.757573,0.757763,0.757488,0.757626,1000
13672,13672,0.757968,0.758055,0.757857,0.757956,1000
13673,13673,0.757745,0.757831,0.757724,0.757777,1000
13674,13674,0.757604,0.757684,0.757604,0.757644,1000
13675,13675,0.757381,0.757416,0.757220,0.757318,1000
13676,13676,0.757171,0.757233,0.757159,0.757196,1000
13677,13677,0.757850,0.757942,0.757598,0.757770,1000
13678,13678,0.758647,0.759021,0.758443,0.758732,1000
13679,13679,0.759893,0.760284,0.759568,0.759926,1000
13680,13680,0.760774,0.761055,0.760534,0.760794,1000
13681,13681,0.761892,0.762204,0.761553,0.761879,1000
13682,13682,0.762746,0.762962,0.762462,0.762712,1000
13683,13683,0.763488,0.763779,0.763286,0.763533,1000
13684,13684,0.764683,0.765035,0.764341,0.764688,1000
13685,13685,0.765669,0.765943,0.765364,0.765653,1000
13686,13686,0.766735,0.767088,0.766425,0.766756,1000
13687,13687,0.767478,0.767744,0.767288,0.767516,1000
13688,13688,0.767846,0.767897,0.767722,0.767810,1000
13689,13689,0.768651,0.768863,0.768377,0.768620,1000
13690,13690,0.769445,0.769627,0.769162,0.769394,1000
13691,13691,0.769808,0.770023,0.769733,0.769878,1000
13692,13692,0.770712,0.770925,0.770442,0.770684,1000
13693,13693,0.771707,0.772093,0.771442,0.771767,1000
13694,13694,0.772598,0.772941,0.772399,0.772670,1000
13695,13695,0.773904,0.774272,0.773532,0.773902,1000
13696,13696,0.774627,0.774795,0.774383,0.774589,1000
13697,13697,0.775473,0.775795,0.775238,0.775517,1000
13698,13698,0.775759,0.775929,0.775738,0.775833,1000
13699,13699,0.776043,0.776111,0.775983,0.776047,1000
13700,13700,0.775814,0.775880,0.775736,0.775808,1000
13701,13701,0.775375,0.775493,0.775224,0.775358,1000
13702,13702,0.775023,0.775122,0.774920,0.775021,1000
13703,13703,0.775247,0.775308,0.775175,0.775242,1000
13704,13704,0.774776,0.774918,0.774640,0.774779,1000
13705,13705,0.773686,0.774007,0.773346,0.773676,1000
13706,13706,0.772338,0.772762,0.771980,0.772371,1000
13707,13707,0.771439,0.771733,0.771187,0.771460,1000
13708,13708,0.770111,0.770541,0.769754,0.770148,1000
13709,13709,0.768970,0.769336,0.768641,0.768988,1000
13710,13710,0.767924,0.768248,0.767615,0.767931,1000
13711,13711,0.766603,0.767014,0.766230,0.766622,1000
13712,13712,0.764993,0.765457,0.764459,0.764958,1000
13713,13713,0.763454,0.763950,0.763088,0.763519,1000
13714,13714,0.762437,0.762806,0.762196,0.762501,1000
13715,13715,0.761150,0.761503,0.760649,0.761076,1000
13716,13716,0.759880,0.760227,0.759501,0.759864,1000
13717,13717,0.758748,0.759028,0.758312,0.758670,1000
13718,13718,0.757725,0.758004,0.757433,0.757718,1000
13719,13719,0.756396,0.756769,0.755956,0.756363,1000
13720,13720,0.755391,0.755702,0.755136,0.755419,1000
13721,13721,0.754542,0.754788,0.754247,0.754518,1000
13722,13722,0.753704,0.753912,0.753394,0.753653,1000
13723,13723,0.752585,0.752909,0.752273,0.752591,1000
13724,13724,0.751182,0.751625,0.750797,0.751211,1000
13725,13725,0.749962,0.750315,0.749549,0.749932,1000
13726,13726,0.749236,0.749457,0.749051,0.749254,1000
13727,13727,0.748612,0.748853,0.748510,0.748681,1000
13728,13728,0.748893,0.748901,0.748800,0.748850,1000
13729,13729,0.749421,0.749574,0.749240,0.749407,1000
13730,13730,0.749821,0.750000,0.749726,0.749863,1000
13731,13731,0.750634,0.750792,0.750363,0.750577,1000
13732,13732,0.750724,0.750709,0.750648,0.750678,1000
13733,13733,0.750166,0.750337,0.750044,0.750190,1000
13734,13734,0.749215,0.749507,0.748923,0.749215,1000
13735,13735,0.748243,0.748502,0.747891,0.748196,1000
13736,13736,0.746945,0.747274,0.746484,0.746879,1000
13737,13737,0.745555,0.745982,0.745214,0.745598,1000
13738,13738,0.744524,0.744846,0.744201,0.744524,1000
13739,13739,0.743723,0.743956,0.743469,0.743712,1000
13740,13740,0.743077,0.743223,0.742805,0.743014,1000
13741,13741,0.742379,0.742569,0.742188,0.742379,1000
13742,13742,0.742006,0.742069,0.741804,0.741937,1000
13743,13743,0.741412,0.741583,0.741280,0.741432,1000
13744,13744,0.741395,0.741399,0.741370,0.741385,1000
13745,13745,0.742141,0.742333,0.741895,0.742114,1000
13746,13746,0.742101,0.742100,0.742087,0.742093,1000
13747,13747,0.742170,0.742218,0.742160,0.742189,1000
13748,13748,0.742236,0.742236,0.742214,0.742225,1000
13749,13749,0.742109,0.742143,0.742074,0.742109,1000
13750,13750,0.742011,0.742022,0.741948,0.741985,1000
13751,13751,0.741584,0.741685,0.741429,0.741557,1000
13752,13752,0.740764,0.741032,0.740583,0.740807,1000
13753,13753,0.739587,0.739983,0.739277,0.739630,1000
13754,13754,0.738466,0.738834,0.738152,0.738493,1000
13755,13755,0.737167,0.737558,0.736757,0.737157,1000
13756,13756,0.735551,0.736065,0.735130,0.735597,1000
13757,13757,0.735029,0.735240,0.734933,0.735086,1000
13758,13758,0.734706,0.734796,0.734547,0.734672,1000
13759,13759,0.734200,0.734347,0.734069,0.734208,1000
13760,13760,0.734221,0.734201,0.734195,0.734198,1000
13761,13761,0.734146,0.734175,0.734155,0.734165,1000
13762,13762,0.734183,0.734146,0.734130,0.734138,1000
13763,13763,0.734236,0.734339,0.734246,0.734293,1000
13764,13764,0.734846,0.734960,0.734652,0.734806,1000
13765,13765,0.735763,0.736017,0.735458,0.735738,1000
13766,13766,0.736937,0.737344,0.736602,0.736973,1000
13767,13767,0.737548,0.737690,0.737359,0.737524,1000
13768,13768,0.738347,0.738628,0.738118,0.738373,1000
13769,13769,0.739266,0.739568,0.739016,0.739292,1000
13770,13770,0.740460,0.740833,0.740121,0.740477,1000
13771,13771,0.741287,0.741607,0.741085,0.741346,1000
13772,13772,0.742345,0.742645,0.742045,0.742345,1000
13773,13773,0.744183,0.744702,0.743613,0.744158,1000
13774,13774,0.746198,0.746781,0.745569,0.746175,1000
13775,13775,0.747872,0.748296,0.747316,0.747806,1000
13776,13776,0.748746,0.748949,0.748421,0.748685,1000
13777,13777,0.749819,0.750231,0.749517,0.749874,1000
13778,13778,0.751398,0.751775,0.750897,0.751336,1000
13779,13779,0.753167,0.753717,0.752617,0.753167,1000
13780,13780,0.755133,0.755641,0.754498,0.755069,1000
13781,13781,0.756339,0.756770,0.755985,0.756377,1000
13782,13782,0.757864,0.758329,0.757428,0.757878,1000
13783,13783,0.759266,0.759724,0.758872,0.759298,1000
13784,13784,0.760834,0.761260,0.760354,0.760807,1000
13785,13785,0.762380,0.762855,0.761909,0.762382,1000
13786,13786,0.763545,0.763951,0.763226,0.763589,1000
13787,13787,0.765570,0.766140,0.764961,0.765551,1000
13788,13788,0.767367,0.767908,0.766819,0.767363,1000
13789,13789,0.768829,0.769269,0.768389,0.768829,1000
13790,13790,0.769779,0.770008,0.769463,0.769735,1000
13791,13791,0.770520,0.770723,0.770267,0.770495,1000
13792,13792,0.771500,0.771806,0.771201,0.771503,1000
13793,13793,0.771887,0.772086,0.771817,0.771951,1000
13794,13794,0.772274,0.772400,0.772193,0.772296,1000
13795,13795,0.772988,0.773154,0.772758,0.772956,1000
13796,13796,0.774577,0.775044,0.774079,0.774562,1000
13797,13797,0.775739,0.776091,0.775385,0.775738,1000
13798,13798,0.776798,0.777135,0.776489,0.776812,1000
13799,13799,0.777672,0.777875,0.777384,0.777629,1000
13800,13800,0.778428,0.778713,0.778212,0.778463,1000
13801,13801,0.779648,0.779957,0.779267,0.779612,1000
13802,13802,0.781261,0.781722,0.780748,0.781235,1000
13803,13803,0.782462,0.782862,0.782111,0.782487,1000
13804,13804,0.783740,0.784118,0.783365,0.783741,1000
13805,13805,0.784369,0.784664,0.784238,0.784451,1000
13806,13806,0.785113,0.785247,0.784879,0.785063,1000
13807,13807,0.786040,0.786280,0.785718,0.785999,1000
13808,13808,0.786622,0.786844,0.786454,0.786649,1000
13809,13809,0.787339,0.787555,0.787137,0.787346,1000
13810,13810,0.789043,0.789550,0.788532,0.789041,1000
13811,13811,0.790611,0.791125,0.790162,0.790643,1000
13812,13812,0.792159,0.792632,0.791713,0.792173,1000
13813,13813,0.793843,0.794334,0.793335,0.793835,1000
13814,13814,0.795494,0.795964,0.794981,0.795473,1000
13815,13815,0.796477,0.796697,0.796131,0.796414,1000
13816,13816,0.797768,0.798155,0.797351,0.797753,1000
13817,13817,0.798215,0.798345,0.798072,0.798208,1000
13818,13818,0.798508,0.798517,0.798375,0.798446,1000
13819,13819,0.799410,0.799701,0.799121,0.799411,1000
13820,13820,0.800282,0.800536,0.800016,0.800276,1000
13821,13821,0.801359,0.801615,0.800996,0.801306,1000
13822,13822,0.802358,0.802587,0.801995,0.802291,1000
13823,13823,0.803505,0.803869,0.803141,0.803505,1000
13824,13824,0.805008,0.805443,0.804548,0.804995,1000
13825,13825,0.806842,0.807358,0.806267,0.806813,1000
13826,13826,0.808592,0.809092,0.808039,0.808565,1000
13827,13827,0.810594,0.811135,0.809948,0.810542,1000
13828,13828,0.812551,0.813182,0.811962,0.812572,1000
13829,13829,0.814266,0.814822,0.813783,0.814303,1000
13830,13830,0.815590,0.815992,0.815212,0.815602,1000
13831,13831,0.816770,0.817086,0.816401,0.816743,1000
13832,13832,0.817056,0.817117,0.816944,0.817031,1000
13833,13833,0.816865,0.816921,0.816828,0.816875,1000
13834,13834,0.816481,0.816649,0.816456,0.816553,1000
13835,13835,0.816209,0.816326,0.816132,0.816229,1000
13836,13836,0.815235,0.815543,0.814954,0.815248,1000
13837,13837,0.814035,0.814398,0.813669,0.814033,1000
13838,13838,0.812813,0.813146,0.812386,0.812766,1000
13839,13839,0.811362,0.811842,0.811051,0.811447,1000
13840,13840,0.810250,0.810617,0.809906,0.810262,1000
13841,13841,0.808882,0.809282,0.808443,0.808862,1000
13842,13842,0.808283,0.808418,0.808037,0.808227,1000
13843,13843,0.807286,0.807601,0.807065,0.807333,1000
13844,13844,0.807235,0.807286,0.807245,0.807266,1000
13845,13845,0.807554,0.807602,0.807447,0.807524,1000
13846,13846,0.807850,0.807927,0.807741,0.807834,1000
13847,13847,0.808385,0.808559,0.808225,0.808392,1000
13848,13848,0.808392,0.808476,0.808437,0.808457,1000
13849,13849,0.808635,0.808742,0.808610,0.808676,1000
13850,13850,0.808230,0.808390,0.808144,0.808267,1000
13851,13851,0.808295,0.808276,0.808272,0.808274,1000
13852,13852,0.808773,0.808913,0.808618,0.808765,1000
13853,13853,0.808810,0.808829,0.808800,0.808815,1000
13854,13854,0.808628,0.808746,0.808688,0.808717,1000
13855,13855,0.808922,0.808967,0.808852,0.808910,1000
13856,13856,0.808876,0.808877,0.808849,0.808863,1000
13857,13857,0.809053,0.809007,0.808940,0.808974,1000
13858,13858,0.808933,0.808925,0.808883,0.808904,1000
13859,13859,0.808497,0.808591,0.808323,0.808457,1000
13860,13860,0.808484,0.808467,0.808462,0.808464,1000
13861,13861,0.808660,0.808597,0.808536,0.808566,1000
13862,13862,0.808892,0.808993,0.808796,0.808894,1000
13863,13863,0.809137,0.809290,0.809107,0.809199,1000
13864,13864,0.809875,0.809976,0.809617,0.809796,1000
13865,13865,0.809822,0.809826,0.809813,0.809819,1000
13866,13866,0.809560,0.809637,0.809480,0.809558,1000
13867,13867,0.809339,0.809388,0.809242,0.809315,1000
13868,13868,0.808850,0.809041,0.808806,0.808923,1000
13869,13869,0.809090,0.809191,0.809067,0.809129,1000
13870,13870,0.809232,0.809275,0.809208,0.809242,1000
13871,13871,0.809339,0.809351,0.809300,0.809326,1000
13872,13872,0.809710,0.809811,0.809587,0.809699,1000
13873,13873,0.809318,0.809459,0.809254,0.809357,1000
13874,13874,0.809369,0.809396,0.809378,0.809387,1000
13875,13875,0.809882,0.809991,0.809713,0.809852,1000
13876,13876,0.810976,0.811379,0.810674,0.811026,1000
13877,13877,0.811964,0.812257,0.811688,0.811973,1000
13878,13878,0.813378,0.813826,0.812970,0.813398,1000
13879,13879,0.814678,0.815083,0.814305,0.814694,1000
13880,13880,0.816253,0.816786,0.815819,0.816303,1000
13881,13881,0.817343,0.817714,0.817062,0.817388,1000
13882,13882,0.818149,0.818302,0.817880,0.818091,1000
13883,13883,0.819320,0.819758,0.818988,0.819373,1000
13884,13884,0.821133,0.821639,0.820592,0.821115,1000
13885,13885,0.821718,0.821936,0.821557,0.821746,1000
13886,13886,0.822465,0.822645,0.822230,0.822437,1000
13887,13887,0.823093,0.823348,0.822928,0.823138,1000
13888,13888,0.823778,0.823972,0.823587,0.823779,1000
13889,13889,0.824391,0.824634,0.824239,0.824437,1000
13890,13890,0.825355,0.825557,0.825040,0.825299,1000
13891,13891,0.826772,0.827198,0.826321,0.826759,1000
13892,13892,0.828143,0.828562,0.827729,0.828146,1000
13893,13893,0.829399,0.829803,0.829038,0.829420,1000
13894,13894,0.830701,0.831125,0.830338,0.830732,1000
13895,13895,0.832282,0.832737,0.831811,0.832274,1000
13896,13896,0.833847,0.834310,0.833369,0.833840,1000
13897,13897,0.835349,0.835727,0.834855,0.835291,1000
13898,13898,0.836460,0.836915,0.836165,0.836540,1000
13899,13899,0.837803,0.838123,0.837392,0.837758,1000
13900,13900,0.839242,0.839698,0.838802,0.839250,1000
13901,13901,0.840602,0.841018,0.840202,0.840610,1000
13902,13902,0.841636,0.841944,0.841328,0.841636,1000
13903,13903,0.842215,0.842413,0.842054,0.842233,1000
13904,13904,0.842698,0.842819,0.842549,0.842684,1000
13905,13905,0.843578,0.843769,0.843268,0.843518,1000
13906,13906,0.844409,0.844705,0.844157,0.844431,1000
13907,13907,0.845737,0.846072,0.845314,0.845693,1000
13908,13908,0.846462,0.846706,0.846239,0.846472,1000
13909,13909,0.847531,0.847863,0.847221,0.847542,1000
13910,13910,0.848773,0.849145,0.848405,0.848775,1000
13911,13911,0.848628,0.848666,0.848574,0.848620,1000
13912,13912,0.848925,0.848994,0.848821,0.848907,1000
13913,13913,0.849500,0.849772,0.849373,0.849572,1000
13914,13914,0.849907,0.849929,0.849764,0.849847,1000
13915,13915,0.850287,0.850383,0.850135,0.850259,1000
13916,13916,0.850625,0.850754,0.850526,0.850640,1000
13917,13917,0.850257,0.850371,0.850141,0.850256,1000
13918,13918,0.849049,0.849435,0.848732,0.849083,1000
13919,13919,0.847602,0.848066,0.847195,0.847631,1000
13920,13920,0.846150,0.846603,0.845723,0.846163,1000
13921,13921,0.844850,0.845221,0.844415,0.844818,1000
13922,13922,0.843366,0.843823,0.842972,0.843398,1000
13923,13923,0.841726,0.842220,0.841212,0.841716,1000
13924,13924,0.840143,0.840636,0.839711,0.840174,1000
13925,13925,0.839307,0.839588,0.839086,0.839337,1000
13926,13926,0.838492,0.838740,0.838228,0.838484,1000
13927,13927,0.837385,0.837650,0.836936,0.837293,1000
13928,13928,0.835908,0.836345,0.835534,0.835940,1000
13929,13929,0.834388,0.834830,0.833879,0.834354,1000
13930,13930,0.833214,0.833581,0.832919,0.833250,1000
13931,13931,0.833245,0.833241,0.833234,0.833238,1000
13932,13932,0.832807,0.832952,0.832708,0.832830,1000
13933,13933,0.832272,0.832440,0.832107,0.832274,1000
13934,13934,0.831665,0.831858,0.831501,0.831679,1000
13935,13935,0.831540,0.831588,0.831509,0.831548,1000
13936,13936,0.831721,0.831701,0.831630,0.831666,1000
13937,13937,0.831387,0.831442,0.831250,0.831346,1000
13938,13938,0.830790,0.830915,0.830546,0.830730,1000
13939,13939,0.830302,0.830465,0.830237,0.830351,1000
13940,13940,0.829936,0.830043,0.829779,0.829911,1000
13941,13941,0.829470,0.829627,0.829383,0.829505,1000
13942,13942,0.828724,0.828997,0.828561,0.828779,1000
13943,13943,0.827819,0.828090,0.827500,0.827795,1000
13944,13944,0.826768,0.827114,0.826532,0.826823,1000
13945,13945,0.825408,0.825778,0.824884,0.825331,1000
13946,13946,0.824214,0.824526,0.823837,0.824182,1000
13947,13947,0.823296,0.823530,0.822971,0.823250,1000
13948,13948,0.822203,0.822520,0.821894,0.822207,1000
13949,13949,0.821184,0.821519,0.820930,0.821225,1000
13950,13950,0.820376,0.820654,0.820166,0.820410,1000
13951,13951,0.820409,0.820425,0.820418,0.820421,1000
13952,13952,0.820706,0.820751,0.820599,0.820675,1000
13953,13953,0.821285,0.821492,0.821115,0.821304,1000
13954,13954,0.821750,0.821867,0.821607,0.821737,1000
13955,13955,0.822090,0.822152,0.821960,0.822056,1000
13956,13956,0.822596,0.822719,0.822413,0.822566,1000
13957,13957,0.822988,0.823092,0.822849,0.822970,1000
13958,13958,0.823564,0.823691,0.823358,0.823525,1000
13959,13959,0.823831,0.824050,0.823807,0.823929,1000
13960,13960,0.824451,0.824592,0.824286,0.824439,1000
13961,13961,0.824563,0.824558,0.824503,0.824531,1000
13962,13962,0.825052,0.825232,0.824908,0.825070,1000
13963,13963,0.825185,0.825265,0.825175,0.825220,1000
13964,13964,0.825407,0.825407,0.825321,0.825364,1000
13965,13965,0.825786,0.825978,0.825695,0.825837,1000
13966,13966,0.826341,0.826497,0.826192,0.826345,1000
13967,13967,0.827143,0.827371,0.826897,0.827134,1000
13968,13968,0.827678,0.827908,0.827551,0.827730,1000
13969,13969,0.828488,0.828742,0.828274,0.828508,1000
13970,13970,0.829600,0.829908,0.829261,0.829584,1000
13971,13971,0.830597,0.830912,0.830299,0.830606,1000
13972,13972,0.831570,0.831855,0.831278,0.831567,1000
13973,13973,0.831360,0.831407,0.831271,0.831339,1000
13974,13974,0.830572,0.830815,0.830367,0.830591,1000
13975,13975,0.830397,0.830443,0.830316,0.830380,1000
13976,13976,0.830151,0.830177,0.830004,0.830090,1000
13977,13977,0.830021,0.830095,0.830093,0.830094,1000
13978,13978,0.829894,0.829893,0.829720,0.829806,1000
13979,13979,0.829150,0.829335,0.828930,0.829133,1000
13980,13980,0.828715,0.828817,0.828547,0.828682,1000
13981,13981,0.828664,0.828623,0.828573,0.828598,1000
13982,13982,0.828679,0.828694,0.828650,0.828672,1000
13983,13983,0.828536,0.828513,0.828376,0.828445,1000
13984,13984,0.828866,0.829011,0.828750,0.828880,1000
13985,13985,0.828744,0.828760,0.828657,0.828708,1000
13986,13986,0.829188,0.829295,0.829024,0.829159,1000
13987,13987,0.829569,0.829697,0.829449,0.829573,1000
13988,13988,0.830359,0.830630,0.830142,0.830386,1000
13989,13989,0.830761,0.830886,0.830655,0.830771,1000
13990,13990,0.831724,0.832025,0.831446,0.831735,1000
13991,13991,0.832271,0.832564,0.832182,0.832373,1000
13992,13992,0.833138,0.833376,0.832913,0.833145,1000
13993,13993,0.833552,0.833646,0.833414,0.833530,1000
13994,13994,0.834089,0.834273,0.833930,0.834101,1000
13995,13995,0.834434,0.834537,0.834336,0.834436,1000
13996,13996,0.834164,0.834241,0.834074,0.834157,1000
13997,13997,0.834155,0.834131,0.834108,0.834120,1000
13998,13998,0.833989,0.834072,0.834032,0.834052,1000
13999,13999,0.833846,0.833885,0.833742,0.833814,1000
14000,14000,0.832556,0.832970,0.832248,0.832609,1000
14001,14001,0.830730,0.831323,0.830222,0.830772,1000
14002,14002,0.830026,0.830265,0.829831,0.830048,1000
14003,14003,0.829421,0.829681,0.829365,0.829523,1000
14004,14004,0.828690,0.828931,0.828423,0.828677,1000
14005,14005,0.828431,0.828478,0.828307,0.828393,1000
14006,14006,0.828423,0.828383,0.828375,0.828379,1000
14007,14007,0.828290,0.828301,0.828235,0.828268,1000
14008,14008,0.828006,0.828108,0.827970,0.828039,1000
14009,14009,0.828376,0.828585,0.828333,0.828459,1000
14010,14010,0.828612,0.828602,0.828536,0.828569,1000
14011,14011,0.828481,0.828506,0.828452,0.828479,1000
14012,14012,0.829049,0.829197,0.828865,0.829031,1000
14013,14013,0.829129,0.829301,0.829176,0.829239,1000
14014,14014,0.829463,0.829597,0.829432,0.829514,1000
14015,14015,0.829786,0.829793,0.829665,0.829729,1000
14016,14016,0.829918,0.830016,0.829883,0.829950,1000
14017,14017,0.829884,0.829948,0.829947,0.829948,1000
14018,14018,0.830307,0.830389,0.830185,0.830287,1000
14019,14019,0.830400,0.830511,0.830408,0.830459,1000
14020,14020,0.830956,0.831198,0.830857,0.831028,1000
14021,14021,0.832078,0.832355,0.831742,0.832048,1000
14022,14022,0.833126,0.833462,0.832809,0.833136,1000
14023,14023,0.834206,0.834483,0.833861,0.834172,1000
14024,14024,0.834967,0.835304,0.834781,0.835042,1000
14025,14025,0.835523,0.835586,0.835335,0.835460,1000
14026,14026,0.835394,0.835481,0.835472,0.835477,1000
14027,14027,0.836155,0.836365,0.835955,0.836160,1000
14028,14028,0.836024,0.836083,0.836017,0.836050,1000
14029,14029,0.836241,0.836238,0.836151,0.836194,1000
14030,14030,0.836570,0.836615,0.836421,0.836518,1000
14031,14031,0.836498,0.836495,0.836475,0.836485,1000
14032,14032,0.836535,0.836503,0.836495,0.836499,1000
14033,14033,0.836005,0.836152,0.835856,0.836004,1000
14034,14034,0.835884,0.835926,0.835860,0.835893,1000
14035,14035,0.836027,0.835982,0.835941,0.835961,1000
14036,14036,0.835174,0.835447,0.835006,0.835226,1000
14037,14037,0.834112,0.834408,0.833707,0.834057,1000
14038,14038,0.833081,0.833396,0.832830,0.833113,1000
14039,14039,0.832450,0.832615,0.832188,0.832401,1000
14040,14040,0.831917,0.832083,0.831811,0.831947,1000
14041,14041,0.830788,0.831129,0.830428,0.830779,1000
14042,14042,0.830113,0.830331,0.829947,0.830139,1000
14043,14043,0.829841,0.829915,0.829722,0.829819,1000
14044,14044,0.828745,0.829070,0.828429,0.828749,1000
14045,14045,0.828284,0.828376,0.828057,0.828217,1000
14046,14046,0.827977,0.828048,0.827904,0.827976,1000
14047,14047,0.827901,0.827895,0.827826,0.827860,1000
14048,14048,0.827322,0.827477,0.827149,0.827313,1000
14049,14049,0.826688,0.826887,0.826522,0.826704,1000
14050,14050,0.825562,0.825913,0.825235,0.825574,1000
14051,14051,0.823924,0.824404,0.823403,0.823903,1000
14052,14052,0.822927,0.823226,0.822646,0.822936,1000
14053,14053,0.822277,0.822518,0.822160,0.822339,1000
14054,14054,0.822436,0.822430,0.822388,0.822409,1000
14055,14055,0.822338,0.822351,0.822301,0.822326,1000
14056,14056,0.821960,0.822089,0.821885,0.821987,1000
14057,14057,0.821335,0.821503,0.821088,0.821296,1000
14058,14058,0.820751,0.820881,0.820526,0.820703,1000
14059,14059,0.819519,0.819862,0.819141,0.819502,1000
14060,14060,0.818197,0.818653,0.817926,0.818290,1000
14061,14061,0.817398,0.817689,0.817174,0.817432,1000
14062,14062,0.816661,0.816852,0.816355,0.816603,1000
14063,14063,0.816314,0.816400,0.816225,0.816312,1000
14064,14064,0.815843,0.815952,0.815643,0.815797,1000
14065,14065,0.814947,0.815145,0.814586,0.814865,1000
14066,14066,0.813819,0.814118,0.813477,0.813798,1000
14067,14067,0.812367,0.812809,0.811963,0.812386,1000
14068,14068,0.810801,0.811313,0.810395,0.810854,1000
14069,14069,0.809998,0.810249,0.809731,0.809990,1000
14070,14070,0.808272,0.808818,0.807816,0.808317,1000
14071,14071,0.807371,0.807626,0.807033,0.807330,1000
14072,14072,0.806574,0.806810,0.806365,0.806587,1000
14073,14073,0.806246,0.806360,0.806166,0.806263,1000
14074,14074,0.805680,0.805871,0.805536,0.805703,1000
14075,14075,0.805289,0.805419,0.805175,0.805297,1000
14076,14076,0.804504,0.804740,0.804262,0.804501,1000
14077,14077,0.803880,0.804023,0.803614,0.803819,1000
14078,14078,0.802802,0.803120,0.802522,0.802821,1000
14079,14079,0.802064,0.802293,0.801841,0.802067,1000
14080,14080,0.801342,0.801601,0.801202,0.801401,1000
14081,14081,0.801816,0.801789,0.801610,0.801700,1000
14082,14082,0.802181,0.802292,0.802019,0.802155,1000
14083,14083,0.802229,0.802303,0.802235,0.802269,1000
14084,14084,0.802371,0.802336,0.802305,0.802321,1000
14085,14085,0.802798,0.802788,0.802572,0.802680,1000
14086,14086,0.803007,0.803110,0.802912,0.803011,1000
14087,14087,0.802809,0.802896,0.802798,0.802847,1000
14088,14088,0.803315,0.803437,0.803165,0.803301,1000
14089,14089,0.804058,0.804421,0.803904,0.804163,1000
14090,14090,0.805214,0.805528,0.804897,0.805213,1000
14091,14091,0.806069,0.806399,0.805851,0.806125,1000
14092,14092,0.806884,0.807119,0.806660,0.806890,1000
14093,14093,0.807583,0.807795,0.807377,0.807586,1000
14094,14094,0.807509,0.807539,0.807499,0.807519,1000
14095,14095,0.808169,0.808254,0.807915,0.808084,1000
14096,14096,0.808752,0.808999,0.808577,0.808788,1000
14097,14097,0.809448,0.809614,0.809233,0.809423,1000
14098,14098,0.810150,0.810304,0.809898,0.810101,1000
14099,14099,0.810760,0.810965,0.810566,0.810766,1000
14100,14100,0.811215,0.811365,0.811089,0.811227,1000
14101,14101,0.812158,0.812482,0.811903,0.812192,1000
14102,14102,0.812712,0.812893,0.812570,0.812731,1000
14103,14103,0.814062,0.814501,0.813684,0.814093,1000
14104,14104,0.815291,0.815703,0.814959,0.815331,1000
14105,14105,0.816783,0.817275,0.816377,0.816826,1000
14106,14106,0.817671,0.817901,0.817405,0.817653,1000
14107,14107,0.818842,0.819134,0.818450,0.818792,1000
14108,14108,0.820194,0.820627,0.819779,0.820203,1000
14109,14109,0.822087,0.822676,0.821534,0.822105,1000
14110,14110,0.824087,0.824642,0.823470,0.824056,1000
14111,14111,0.826387,0.827069,0.825677,0.826373,1000
14112,14112,0.828316,0.828952,0.827761,0.828356,1000
14113,14113,0.830590,0.831263,0.829920,0.830591,1000
14114,14114,0.832667,0.833174,0.831981,0.832578,1000
14115,14115,0.834840,0.835373,0.834082,0.834727,1000
14116,14116,0.836256,0.836822,0.835855,0.836338,1000
14117,14117,0.838349,0.838923,0.837729,0.838326,1000
14118,14118,0.840859,0.841611,0.840093,0.840852,1000
14119,14119,0.842817,0.843483,0.842268,0.842875,1000
14120,14120,0.844232,0.844582,0.843794,0.844188,1000
14121,14121,0.845430,0.845830,0.845071,0.845451,1000
14122,14122,0.846940,0.847401,0.846500,0.846950,1000
14123,14123,0.848911,0.849532,0.848339,0.848935,1000
14124,14124,0.849955,0.850315,0.849678,0.849997,1000
14125,14125,0.850780,0.850999,0.850536,0.850768,1000
14126,14126,0.851973,0.852319,0.851603,0.851961,1000
14127,14127,0.853153,0.853507,0.852793,0.853150,1000
14128,14128,0.854839,0.855335,0.854326,0.854830,1000
14129,14129,0.856453,0.857017,0.856007,0.856512,1000
14130,14130,0.857291,0.857636,0.857117,0.857376,1000
14131,14131,0.858207,0.858496,0.857979,0.858238,1000
14132,14132,0.858868,0.859108,0.858706,0.858907,1000
14133,14133,0.860208,0.860559,0.859796,0.860177,1000
14134,14134,0.860935,0.861175,0.860714,0.860945,1000
14135,14135,0.862440,0.862833,0.861961,0.862397,1000
14136,14136,0.863744,0.864117,0.863323,0.863720,1000
14137,14137,0.865328,0.865867,0.864876,0.865371,1000
14138,14138,0.867142,0.867666,0.866606,0.867136,1000
14139,14139,0.869156,0.869710,0.868521,0.869116,1000
14140,14140,0.871367,0.872090,0.870716,0.871403,1000
14141,14141,0.873314,0.873969,0.872784,0.873376,1000
14142,14142,0.875514,0.876182,0.874886,0.875534,1000
14143,14143,0.876950,0.877312,0.876491,0.876901,1000
14144,14144,0.878145,0.878537,0.877782,0.878159,1000
14145,14145,0.879493,0.879915,0.879104,0.879510,1000
14146,14146,0.880290,0.880482,0.880033,0.880258,1000
14147,14147,0.881218,0.881623,0.880993,0.881308,1000
14148,14148,0.882144,0.882391,0.881891,0.882141,1000
14149,14149,0.883293,0.883572,0.882911,0.883242,1000
14150,14150,0.884533,0.884870,0.884118,0.884494,1000
14151,14151,0.885597,0.886002,0.885306,0.885654,1000
14152,14152,0.886989,0.887441,0.886616,0.887029,1000
14153,14153,0.888710,0.889313,0.888258,0.888785,1000
14154,14154,0.890075,0.890461,0.889687,0.890074,1000
14155,14155,0.891454,0.891870,0.891041,0.891455,1000
14156,14156,0.893156,0.893629,0.892625,0.893127,1000
14157,14157,0.894533,0.895042,0.894158,0.894600,1000
14158,14158,0.895782,0.896177,0.895449,0.895813,1000
14159,14159,0.898423,0.899223,0.897647,0.898435,1000
14160,14160,0.900609,0.901187,0.899916,0.900552,1000
14161,14161,0.902629,0.903262,0.902010,0.902636,1000
14162,14162,0.903950,0.904428,0.903600,0.904014,1000
14163,14163,0.905911,0.906427,0.905312,0.905870,1000
14164,14164,0.908042,0.908725,0.907406,0.908065,1000
14165,14165,0.910153,0.910884,0.909582,0.910233,1000
14166,14166,0.912229,0.912887,0.911661,0.912274,1000
14167,14167,0.913263,0.913554,0.912963,0.913258,1000
14168,14168,0.913371,0.913447,0.913360,0.913403,1000
14169,14169,0.913870,0.913949,0.913697,0.913823,1000
14170,14170,0.914004,0.914070,0.913956,0.914013,1000
14171,14171,0.914011,0.914116,0.914069,0.914092,1000
14172,14172,0.914687,0.914914,0.914535,0.914724,1000
14173,14173,0.915973,0.916364,0.915607,0.915986,1000
14174,14174,0.917568,0.918056,0.917100,0.917578,1000
14175,14175,0.918166,0.918393,0.918017,0.918205,1000
14176,14176,0.918639,0.918727,0.918486,0.918607,1000
14177,14177,0.919629,0.919994,0.919353,0.919673,1000
14178,14178,0.919672,0.919642,0.919616,0.919629,1000
14179,14179,0.919253,0.919347,0.919106,0.919227,1000
14180,14180,0.918641,0.918842,0.918513,0.918678,1000
14181,14181,0.918416,0.918522,0.918389,0.918455,1000
14182,14182,0.918150,0.918272,0.918114,0.918193,1000
14183,14183,0.918211,0.918210,0.918202,0.918206,1000
14184,14184,0.918284,0.918263,0.918236,0.918250,1000
14185,14185,0.918700,0.918950,0.918627,0.918788,1000
14186,14186,0.918600,0.918712,0.918646,0.918679,1000
14187,14187,0.919154,0.919239,0.918980,0.919110,1000
14188,14188,0.918568,0.918699,0.918347,0.918523,1000
14189,14189,0.917545,0.917856,0.917286,0.917571,1000
14190,14190,0.917352,0.917403,0.917260,0.917331,1000
14191,14191,0.917352,0.917353,0.917343,0.917348,1000
14192,14192,0.917860,0.917937,0.917665,0.917801,1000
14193,14193,0.917835,0.917979,0.917896,0.917938,1000
14194,14194,0.918061,0.918048,0.917997,0.918023,1000
14195,14195,0.918058,0.918147,0.918090,0.918118,1000
14196,14196,0.918539,0.918655,0.918407,0.918531,1000
14197,14197,0.919294,0.919583,0.919098,0.919341,1000
14198,14198,0.920106,0.920451,0.919938,0.920194,1000
14199,14199,0.920818,0.921152,0.920710,0.920931,1000
14200,14200,0.922376,0.922816,0.921945,0.922380,1000
14201,14201,0.923961,0.924385,0.923459,0.923922,1000
14202,14202,0.925742,0.926313,0.925208,0.925761,1000
14203,14203,0.927338,0.927818,0.926868,0.927343,1000
14204,14204,0.929097,0.929607,0.928561,0.929084,1000
14205,14205,0.931082,0.931588,0.930431,0.931010,1000
14206,14206,0.932808,0.933286,0.932235,0.932760,1000
14207,14207,0.934353,0.934867,0.933894,0.934380,1000
14208,14208,0.936335,0.936986,0.935782,0.936384,1000
14209,14209,0.937924,0.938291,0.937410,0.937851,1000
14210,14210,0.938963,0.939317,0.938640,0.938979,1000
14211,14211,0.940050,0.940361,0.939723,0.940042,1000
14212,14212,0.942428,0.943074,0.941673,0.942374,1000
14213,14213,0.945107,0.945987,0.944318,0.945153,1000
14214,14214,0.948072,0.948917,0.947178,0.948047,1000
14215,14215,0.950293,0.950886,0.949575,0.950231,1000
14216,14216,0.951751,0.952165,0.951272,0.951719,1000
14217,14217,0.953303,0.953690,0.952780,0.953235,1000
14218,14218,0.954375,0.954685,0.954016,0.954350,1000
14219,14219,0.955610,0.955869,0.955168,0.955518,1000
14220,14220,0.956433,0.956715,0.956162,0.956439,1000
14221,14221,0.957720,0.958050,0.957306,0.957678,1000
14222,14222,0.958958,0.959254,0.958526,0.958890,1000
14223,14223,0.960664,0.961351,0.960215,0.960783,1000
14224,14224,0.962577,0.963221,0.962095,0.962658,1000
14225,14225,0.964554,0.965123,0.963984,0.964554,1000
14226,14226,0.966686,0.967318,0.966041,0.966680,1000
14227,14227,0.969018,0.969744,0.968328,0.969036,1000
14228,14228,0.970841,0.971360,0.970286,0.970823,1000
14229,14229,0.972200,0.972517,0.971735,0.972126,1000
14230,14230,0.973555,0.974053,0.973163,0.973608,1000
14231,14231,0.974791,0.975113,0.974418,0.974766,1000
14232,14232,0.976641,0.977187,0.976069,0.976628,1000
14233,14233,0.978497,0.979127,0.977973,0.978550,1000
14234,14234,0.979976,0.980379,0.979534,0.979957,1000
14235,14235,0.980233,0.980355,0.980171,0.980263,1000
14236,14236,0.980157,0.980175,0.980100,0.980137,1000
14237,14237,0.979404,0.979603,0.979144,0.979374,1000
14238,14238,0.978515,0.978825,0.978356,0.978591,1000
14239,14239,0.978068,0.978228,0.977917,0.978072,1000
14240,14240,0.977131,0.977424,0.976869,0.977147,1000
14241,14241,0.976653,0.976818,0.976536,0.976677,1000
14242,14242,0.975982,0.976206,0.975802,0.976004,1000
14243,14243,0.975329,0.975561,0.975182,0.975372,1000
14244,14244,0.975078,0.975162,0.974983,0.975073,1000
14245,14245,0.974588,0.974779,0.974527,0.974653,1000
14246,14246,0.974500,0.974540,0.974443,0.974492,1000
14247,14247,0.973647,0.973887,0.973368,0.973627,1000
14248,14248,0.973355,0.973446,0.973291,0.973369,1000
14249,14249,0.974105,0.974256,0.973846,0.974051,1000
14250,14250,0.974689,0.974883,0.974499,0.974691,1000
14251,14251,0.975691,0.975971,0.975380,0.975675,1000
14252,14252,0.976244,0.976572,0.976158,0.976365,1000
14253,14253,0.977143,0.977420,0.976933,0.977177,1000
14254,14254,0.977695,0.977835,0.977531,0.977683,1000
14255,14255,0.978434,0.978657,0.978207,0.978432,1000
14256,14256,0.979523,0.979922,0.979234,0.979578,1000
14257,14257,0.980712,0.981079,0.980386,0.980732,1000
14258,14258,0.981873,0.982298,0.981575,0.981937,1000
14259,14259,0.982809,0.983080,0.982552,0.982816,1000
14260,14260,0.983034,0.983109,0.982974,0.983041,1000
14261,14261,0.981940,0.982277,0.981623,0.981950,1000
14262,14262,0.980918,0.981216,0.980586,0.980901,1000
14263,14263,0.980631,0.980693,0.980515,0.980604,1000
14264,14264,0.979276,0.979653,0.978839,0.979246,1000
14265,14265,0.978679,0.978879,0.978565,0.978722,1000
14266,14266,0.977629,0.977906,0.977207,0.977557,1000
14267,14267,0.975826,0.976344,0.975306,0.975825,1000
14268,14268,0.974539,0.974897,0.974103,0.974500,1000
14269,14269,0.973001,0.973468,0.972585,0.973027,1000
14270,14270,0.971493,0.971943,0.971014,0.971478,1000
14271,14271,0.970535,0.970797,0.970213,0.970505,1000
14272,14272,0.969475,0.969795,0.969187,0.969491,1000
14273,14273,0.967725,0.968204,0.967103,0.967654,1000
14274,14274,0.966580,0.966895,0.966245,0.966570,1000
14275,14275,0.965761,0.966020,0.965548,0.965784,1000
14276,14276,0.964813,0.965108,0.964529,0.964818,1000
14277,14277,0.964023,0.964219,0.963706,0.963963,1000
14278,14278,0.963416,0.963575,0.963243,0.963409,1000
14279,14279,0.962815,0.962999,0.962648,0.962824,1000
14280,14280,0.961996,0.962237,0.961734,0.961985,1000
14281,14281,0.961326,0.961541,0.961160,0.961351,1000
14282,14282,0.959899,0.960305,0.959409,0.959857,1000
14283,14283,0.958902,0.959180,0.958601,0.958890,1000
14284,14284,0.957466,0.957908,0.957067,0.957487,1000
14285,14285,0.957415,0.957413,0.957348,0.957381,1000
14286,14286,0.957276,0.957293,0.957219,0.957256,1000
14287,14287,0.956887,0.956947,0.956683,0.956815,1000
14288,14288,0.956249,0.956424,0.956090,0.956257,1000
14289,14289,0.955371,0.955647,0.955124,0.955385,1000
14290,14290,0.953680,0.954195,0.953176,0.953686,1000
14291,14291,0.952561,0.952898,0.952223,0.952560,1000
14292,14292,0.951089,0.951506,0.950603,0.951055,1000
14293,14293,0.950641,0.950764,0.950515,0.950639,1000
14294,14294,0.950365,0.950461,0.950309,0.950385,1000
14295,14295,0.950286,0.950388,0.950386,0.950387,1000
14296,14296,0.950163,0.950237,0.950108,0.950172,1000
14297,14297,0.949130,0.949439,0.948811,0.949125,1000
14298,14298,0.947867,0.948266,0.947531,0.947898,1000
14299,14299,0.946754,0.947113,0.946440,0.946776,1000
14300,14300,0.946004,0.946241,0.945782,0.946011,1000
14301,14301,0.945307,0.945489,0.945043,0.945266,1000
14302,14302,0.944272,0.944577,0.943987,0.944282,1000
14303,14303,0.943144,0.943465,0.942765,0.943115,1000
14304,14304,0.941980,0.942329,0.941655,0.941992,1000
14305,14305,0.940973,0.941286,0.940681,0.940983,1000
14306,14306,0.939671,0.940085,0.939315,0.939700,1000
14307,14307,0.938623,0.938908,0.938230,0.938569,1000
14308,14308,0.937661,0.937906,0.937337,0.937622,1000
14309,14309,0.937094,0.937263,0.936955,0.937109,1000
14310,14310,0.936686,0.936873,0.936672,0.936772,1000
14311,14311,0.936767,0.936720,0.936674,0.936697,1000
14312,14312,0.936208,0.936335,0.936024,0.936180,1000
14313,14313,0.934959,0.935362,0.934662,0.935012,1000
14314,14314,0.933542,0.933960,0.933060,0.933510,1000
14315,14315,0.932365,0.932694,0.931994,0.932344,1000
14316,14316,0.931735,0.931908,0.931535,0.931722,1000
14317,14317,0.931314,0.931445,0.931209,0.931327,1000
14318,14318,0.931290,0.931315,0.931305,0.931310,1000
14319,14319,0.931210,0.931226,0.931155,0.931191,1000
14320,14320,0.931299,0.931289,0.931243,0.931266,1000
14321,14321,0.930764,0.930891,0.930569,0.930730,1000
14322,14322,0.930193,0.930382,0.930085,0.930233,1000
14323,14323,0.929439,0.929751,0.929338,0.929544,1000
14324,14324,0.929063,0.929214,0.928931,0.929073,1000
14325,14325,0.928006,0.928357,0.927744,0.928050,1000
14326,14326,0.926867,0.927191,0.926456,0.926823,1000
14327,14327,0.926175,0.926365,0.925972,0.926168,1000
14328,14328,0.925998,0.926024,0.925901,0.925963,1000
14329,14329,0.925526,0.925606,0.925300,0.925453,1000
14330,14330,0.925331,0.925377,0.925312,0.925345,1000
14331,14331,0.924843,0.925051,0.924798,0.924924,1000
14332,14332,0.924402,0.924621,0.924360,0.924491,1000
14333,14333,0.923968,0.924121,0.923804,0.923962,1000
14334,14334,0.923426,0.923545,0.923188,0.923367,1000
14335,14335,0.922515,0.922796,0.922307,0.922551,1000
14336,14336,0.922100,0.922270,0.922030,0.922150,1000
14337,14337,0.921394,0.921640,0.921202,0.921421,1000
14338,14338,0.920939,0.921086,0.920799,0.920942,1000
14339,14339,0.920447,0.920530,0.920176,0.920353,1000
14340,14340,0.920588,0.920625,0.920499,0.920562,1000
14341,14341,0.920824,0.921013,0.920805,0.920909,1000
14342,14342,0.921263,0.921367,0.921156,0.921262,1000
14343,14343,0.921388,0.921297,0.921280,0.921289,1000
14344,14344,0.921319,0.921264,0.921243,0.921254,1000
14345,14345,0.922225,0.922566,0.921960,0.922263,1000
14346,14346,0.922898,0.923077,0.922701,0.922889,1000
14347,14347,0.923058,0.923088,0.922996,0.923042,1000
14348,14348,0.923167,0.923124,0.923086,0.923105,1000
14349,14349,0.922739,0.922839,0.922611,0.922725,1000
14350,14350,0.922367,0.922480,0.922269,0.922374,1000
14351,14351,0.922132,0.922188,0.922029,0.922109,1000
14352,14352,0.922501,0.922539,0.922340,0.922439,1000
14353,14353,0.922110,0.922250,0.922088,0.922169,1000
14354,14354,0.921566,0.921745,0.921382,0.921563,1000
14355,14355,0.921234,0.921312,0.921097,0.921204,1000
14356,14356,0.921282,0.921271,0.921240,0.921255,1000
14357,14357,0.921223,0.921197,0.921147,0.921172,1000
14358,14358,0.920561,0.920755,0.920398,0.920577,1000
14359,14359,0.920967,0.921045,0.920829,0.920937,1000
14360,14360,0.921711,0.922121,0.921574,0.921848,1000
14361,14361,0.922831,0.923165,0.922557,0.922861,1000
14362,14362,0.923916,0.924244,0.923605,0.923925,1000
14363,14363,0.925534,0.926047,0.925067,0.925557,1000
14364,14364,0.926588,0.926830,0.926242,0.926536,1000
14365,14365,0.927058,0.927137,0.926860,0.926998,1000
14366,14366,0.927767,0.928057,0.927568,0.927812,1000
14367,14367,0.928278,0.928367,0.928111,0.928239,1000
14368,14368,0.928830,0.929057,0.928679,0.928868,1000
14369,14369,0.929965,0.930322,0.929651,0.929987,1000
14370,14370,0.930562,0.930786,0.930417,0.930601,1000
14371,14371,0.930685,0.930761,0.930687,0.930724,1000
14372,14372,0.931771,0.932105,0.931467,0.931786,1000
14373,14373,0.932784,0.933075,0.932480,0.932777,1000
14374,14374,0.933591,0.933848,0.933353,0.933601,1000
14375,14375,0.933936,0.934001,0.933816,0.933908,1000
14376,14376,0.934357,0.934552,0.934255,0.934404,1000
14377,14377,0.934229,0.934271,0.934157,0.934214,1000
14378,14378,0.934211,0.934240,0.934228,0.934234,1000
14379,14379,0.935304,0.935579,0.934958,0.935268,1000
14380,14380,0.936383,0.936781,0.936083,0.936432,1000
14381,14381,0.938058,0.938531,0.937562,0.938046,1000
14382,14382,0.938787,0.938977,0.938547,0.938762,1000
14383,14383,0.938949,0.938990,0.938885,0.938937,1000
14384,14384,0.939202,0.939276,0.939120,0.939198,1000
14385,14385,0.939582,0.939680,0.939458,0.939569,1000
14386,14386,0.939756,0.939836,0.939713,0.939774,1000
14387,14387,0.939703,0.939763,0.939753,0.939758,1000
14388,14388,0.939702,0.939727,0.939701,0.939714,1000
14389,14389,0.939141,0.939325,0.938991,0.939158,1000
14390,14390,0.939206,0.939180,0.939170,0.939175,1000
14391,14391,0.939721,0.939979,0.939608,0.939794,1000
14392,14392,0.940033,0.940101,0.939959,0.940030,1000
14393,14393,0.940155,0.940107,0.940072,0.940089,1000
14394,14394,0.939468,0.939637,0.939250,0.939444,1000
14395,14395,0.939166,0.939230,0.939046,0.939138,1000
14396,14396,0.939517,0.939644,0.939410,0.939527,1000
14397,14397,0.939700,0.939697,0.939619,0.939658,1000
14398,14398,0.939876,0.940013,0.939849,0.939931,1000
14399,14399,0.939809,0.939777,0.939645,0.939711,1000
14400,14400,0.939469,0.939539,0.939392,0.939466,1000
14401,14401,0.939973,0.940056,0.939783,0.939919,1000
14402,14402,0.938863,0.939189,0.938563,0.938876,1000
14403,14403,0.938423,0.938597,0.938358,0.938477,1000
14404,14404,0.937289,0.937629,0.936903,0.937266,1000
14405,14405,0.936488,0.936725,0.936262,0.936493,1000
14406,14406,0.935642,0.935917,0.935423,0.935670,1000
14407,14407,0.934582,0.934916,0.934270,0.934593,1000
14408,14408,0.933793,0.934083,0.933647,0.933865,1000
14409,14409,0.932549,0.932941,0.932150,0.932546,1000
14410,14410,0.932081,0.932171,0.931850,0.932010,1000
14411,14411,0.931315,0.931532,0.931123,0.931328,1000
14412,14412,0.930729,0.930866,0.930470,0.930668,1000
14413,14413,0.929526,0.929867,0.929182,0.929525,1000
14414,14414,0.927621,0.928135,0.926946,0.927541,1000
14415,14415,0.926032,0.926495,0.925600,0.926047,1000
14416,14416,0.924973,0.925246,0.924560,0.924903,1000
14417,14417,0.923855,0.924153,0.923510,0.923831,1000
14418,14418,0.923090,0.923270,0.922790,0.923030,1000
14419,14419,0.922605,0.922699,0.922416,0.922557,1000
14420,14420,0.921415,0.921764,0.921084,0.921424,1000
14421,14421,0.920304,0.920592,0.919879,0.920236,1000
14422,14422,0.918953,0.919326,0.918547,0.918936,1000
14423,14423,0.918033,0.918341,0.917831,0.918086,1000
14424,14424,0.918089,0.918096,0.918091,0.918094,1000
14425,14425,0.917664,0.917789,0.917527,0.917658,1000
14426,14426,0.917267,0.917382,0.917145,0.917263,1000
14427,14427,0.916445,0.916672,0.916165,0.916418,1000
14428,14428,0.916164,0.916218,0.916047,0.916132,1000
14429,14429,0.916180,0.916185,0.916160,0.916173,1000
14430,14430,0.916813,0.917044,0.916642,0.916843,1000
14431,14431,0.916739,0.916771,0.916709,0.916740,1000
14432,14432,0.917133,0.917240,0.917009,0.917125,1000
14433,14433,0.917873,0.918164,0.917684,0.917924,1000
14434,14434,0.918938,0.919194,0.918607,0.918901,1000
14435,14435,0.920389,0.920765,0.919904,0.920335,1000
14436,14436,0.921235,0.921492,0.920958,0.921225,1000
14437,14437,0.921291,0.921413,0.921326,0.921370,1000
14438,14438,0.920570,0.920758,0.920233,0.920495,1000
14439,14439,0.919460,0.919784,0.919175,0.919480,1000
14440,14440,0.919393,0.919379,0.919292,0.919335,1000
14441,14441,0.919012,0.919129,0.918953,0.919041,1000
14442,14442,0.919106,0.919060,0.919051,0.919056,1000
14443,14443,0.919181,0.919225,0.919147,0.919186,1000
14444,14444,0.919548,0.919605,0.919412,0.919509,1000
14445,14445,0.920529,0.920832,0.920221,0.920526,1000
14446,14446,0.921582,0.921928,0.921281,0.921605,1000
14447,14447,0.921771,0.921762,0.921690,0.921726,1000
14448,14448,0.921779,0.921791,0.921761,0.921776,1000
14449,14449,0.922043,0.922052,0.921925,0.921988,1000
14450,14450,0.921597,0.921728,0.921505,0.921616,1000
14451,14451,0.922269,0.922406,0.922042,0.922224,1000
14452,14452,0.922714,0.922810,0.922540,0.922675,1000
14453,14453,0.922902,0.922917,0.922805,0.922861,1000
14454,14454,0.923218,0.923323,0.923110,0.923216,1000
14455,14455,0.923594,0.923701,0.923477,0.923589,1000
14456,14456,0.924217,0.924327,0.923986,0.924157,1000
14457,14457,0.924511,0.924616,0.924404,0.924510,1000
14458,14458,0.924921,0.925023,0.924786,0.924905,1000
14459,14459,0.925828,0.926009,0.925499,0.925754,1000
14460,14460,0.926511,0.926739,0.926284,0.926512,1000
14461,14461,0.926703,0.926780,0.926656,0.926718,1000
14462,14462,0.926674,0.926671,0.926630,0.926650,1000
14463,14463,0.926989,0.927083,0.926883,0.926983,1000
14464,14464,0.927357,0.927457,0.927238,0.927348,1000
14465,14465,0.927728,0.927835,0.927610,0.927723,1000
14466,14466,0.928478,0.928556,0.928171,0.928363,1000
14467,14467,0.928062,0.928199,0.928058,0.928129,1000
14468,14468,0.927309,0.927607,0.927159,0.927383,1000
14469,14469,0.926670,0.926883,0.926455,0.926669,1000
14470,14470,0.926433,0.926511,0.926376,0.926444,1000
14471,14471,0.925777,0.925995,0.925611,0.925803,1000
14472,14472,0.925174,0.925391,0.925038,0.925214,1000
14473,14473,0.924704,0.924821,0.924485,0.924653,1000
14474,14474,0.924229,0.924324,0.924042,0.924183,1000
14475,14475,0.922835,0.923296,0.922537,0.922916,1000
14476,14476,0.921144,0.921662,0.920588,0.921125,1000
14477,14477,0.919799,0.920240,0.919483,0.919862,1000
14478,14478,0.918408,0.918826,0.917940,0.918383,1000
14479,14479,0.917764,0.917950,0.917579,0.917764,1000
14480,14480,0.917667,0.917680,0.917609,0.917645,1000
14481,14481,0.918121,0.918326,0.918011,0.918169,1000
14482,14482,0.918016,0.918048,0.917945,0.917996,1000
14483,14483,0.917156,0.917385,0.916860,0.917122,1000
14484,14484,0.916356,0.916664,0.916271,0.916468,1000
14485,14485,0.915405,0.915738,0.915113,0.915425,1000
14486,14486,0.914519,0.914869,0.914392,0.914630,1000
14487,14487,0.913739,0.913989,0.913440,0.913715,1000
14488,14488,0.913870,0.913861,0.913793,0.913827,1000
14489,14489,0.914274,0.914204,0.914030,0.914117,1000
14490,14490,0.914279,0.914303,0.914217,0.914260,1000
14491,14491,0.914541,0.914492,0.914385,0.914438,1000
14492,14492,0.914976,0.915160,0.914827,0.914993,1000
14493,14493,0.915434,0.915555,0.915296,0.915425,1000
14494,14494,0.915702,0.915706,0.915577,0.915641,1000
14495,14495,0.916276,0.916445,0.916074,0.916259,1000
14496,14496,0.916888,0.917061,0.916691,0.916876,1000
14497,14497,0.917355,0.917459,0.917190,0.917324,1000
14498,14498,0.917558,0.917659,0.917504,0.917582,1000
14499,14499,0.917323,0.917401,0.917246,0.917323,1000
14500,14500,0.916642,0.916893,0.916524,0.916709,1000
14501,14501,0.916752,0.916797,0.916756,0.916777,1000
14502,14502,0.916578,0.916681,0.916599,0.916640,1000
14503,14503,0.916157,0.916301,0.916011,0.916156,1000
14504,14504,0.915837,0.915994,0.915855,0.915924,1000
14505,14505,0.916294,0.916340,0.916148,0.916244,1000
14506,14506,0.916933,0.917270,0.916796,0.917033,1000
14507,14507,0.917668,0.917820,0.917457,0.917639,1000
14508,14508,0.918620,0.918902,0.918318,0.918610,1000
14509,14509,0.919180,0.919350,0.919009,0.919179,1000
14510,14510,0.920412,0.920690,0.919993,0.920341,1000
14511,14511,0.922048,0.922539,0.921524,0.922032,1000
14512,14512,0.923172,0.923562,0.922855,0.923208,1000
14513,14513,0.924079,0.924328,0.923811,0.924070,1000
14514,14514,0.924339,0.924405,0.924250,0.924327,1000
14515,14515,0.924506,0.924597,0.924473,0.924535,1000
14516,14516,0.925083,0.925201,0.924893,0.925047,1000
14517,14517,0.925279,0.925295,0.925181,0.925238,1000
14518,14518,0.925598,0.925695,0.925484,0.925590,1000
14519,14519,0.925780,0.925797,0.925701,0.925749,1000
14520,14520,0.925745,0.925728,0.925710,0.925719,1000
14521,14521,0.926261,0.926448,0.926112,0.926280,1000
14522,14522,0.926555,0.926695,0.926503,0.926599,1000
14523,14523,0.926851,0.927020,0.926826,0.926923,1000
14524,14524,0.926990,0.927014,0.926972,0.926993,1000
14525,14525,0.927522,0.927688,0.927367,0.927528,1000
14526,14526,0.927613,0.927659,0.927598,0.927629,1000
14527,14527,0.927317,0.927332,0.927077,0.927204,1000
14528,14528,0.927004,0.927029,0.926878,0.926953,1000
14529,14529,0.927198,0.927280,0.927129,0.927204,1000
14530,14530,0.926761,0.926847,0.926540,0.926693,1000
14531,14531,0.925951,0.926249,0.925868,0.926058,1000
14532,14532,0.925514,0.925699,0.925391,0.925545,1000
14533,14533,0.925012,0.925162,0.924834,0.924998,1000
14534,14534,0.924798,0.924864,0.924750,0.924807,1000
14535,14535,0.924872,0.924949,0.924884,0.924916,1000
14536,14536,0.924656,0.924723,0.924557,0.924640,1000
14537,14537,0.924526,0.924566,0.924503,0.924534,1000
14538,14538,0.924225,0.924326,0.924148,0.924237,1000
14539,14539,0.923851,0.923998,0.923793,0.923896,1000
14540,14540,0.923073,0.923238,0.922674,0.922956,1000
14541,14541,0.923454,0.923594,0.923299,0.923446,1000
14542,14542,0.923474,0.923582,0.923520,0.923551,1000
14543,14543,0.923681,0.923644,0.923601,0.923623,1000
14544,14544,0.924447,0.924678,0.924191,0.924434,1000
14545,14545,0.924568,0.924688,0.924571,0.924630,1000
14546,14546,0.924620,0.924670,0.924651,0.924661,1000
14547,14547,0.924370,0.924404,0.924184,0.924294,1000
14548,14548,0.923022,0.923411,0.922655,0.923033,1000
14549,14549,0.922181,0.922403,0.921864,0.922134,1000
14550,14550,0.921681,0.921803,0.921520,0.921662,1000
14551,14551,0.920935,0.921151,0.920714,0.920933,1000
14552,14552,0.919913,0.920181,0.919537,0.919859,1000
14553,14553,0.918117,0.918686,0.917682,0.918184,1000
14554,14554,0.916444,0.916975,0.915941,0.916458,1000
14555,14555,0.915157,0.915555,0.914781,0.915168,1000
14556,14556,0.914063,0.914439,0.913815,0.914127,1000
14557,14557,0.913406,0.913602,0.913151,0.913376,1000
14558,14558,0.912616,0.912849,0.912396,0.912623,1000
14559,14559,0.911890,0.912128,0.911705,0.911917,1000
14560,14560,0.911487,0.911638,0.911399,0.911518,1000
14561,14561,0.912277,0.912461,0.912026,0.912244,1000
14562,14562,0.912661,0.912860,0.912576,0.912718,1000
14563,14563,0.913382,0.913584,0.913184,0.913384,1000
14564,14564,0.913850,0.914036,0.913735,0.913886,1000
14565,14565,0.913760,0.913816,0.913756,0.913786,1000
14566,14566,0.914216,0.914354,0.914092,0.914223,1000
14567,14567,0.914745,0.914894,0.914584,0.914739,1000
14568,14568,0.915602,0.915820,0.915321,0.915570,1000
14569,14569,0.916311,0.916472,0.916056,0.916264,1000
14570,14570,0.917246,0.917529,0.916945,0.917237,1000
14571,14571,0.918777,0.919241,0.918316,0.918778,1000
14572,14572,0.920829,0.921508,0.920247,0.920877,1000
14573,14573,0.921741,0.922005,0.921484,0.921745,1000
14574,14574,0.922303,0.922465,0.922132,0.922299,1000
14575,14575,0.923543,0.923982,0.923205,0.923594,1000
14576,14576,0.924774,0.925071,0.924389,0.924730,1000
14577,14577,0.926627,0.927235,0.926078,0.926656,1000
14578,14578,0.927715,0.928053,0.927408,0.927730,1000
14579,14579,0.928872,0.929190,0.928516,0.928853,1000
14580,14580,0.929334,0.929471,0.929185,0.929328,1000
14581,14581,0.929873,0.930166,0.929779,0.929972,1000
14582,14582,0.930071,0.930161,0.930074,0.930117,1000
14583,14583,0.930220,0.930317,0.930225,0.930271,1000
14584,14584,0.930277,0.930219,0.930175,0.930197,1000
14585,14585,0.930232,0.930232,0.930216,0.930224,1000
14586,14586,0.930527,0.930651,0.930454,0.930552,1000
14587,14587,0.930519,0.930555,0.930553,0.930554,1000
14588,14588,0.930668,0.930785,0.930678,0.930732,1000
14589,14589,0.930513,0.930599,0.930484,0.930541,1000
14590,14590,0.929279,0.929706,0.928990,0.929348,1000
14591,14591,0.928093,0.928451,0.927684,0.928067,1000
14592,14592,0.926979,0.927300,0.926643,0.926971,1000
14593,14593,0.925080,0.925687,0.924588,0.925138,1000
14594,14594,0.923441,0.923952,0.922938,0.923445,1000
14595,14595,0.921383,0.921985,0.920735,0.921360,1000
14596,14596,0.920050,0.920401,0.919581,0.919991,1000
14597,14597,0.918480,0.918943,0.918047,0.918495,1000
14598,14598,0.917439,0.917748,0.917109,0.917428,1000
14599,14599,0.916128,0.916552,0.915802,0.916177,1000
14600,14600,0.915565,0.915764,0.915409,0.915586,1000
14601,14601,0.914532,0.914876,0.914268,0.914572,1000
14602,14602,0.913638,0.913870,0.913269,0.913570,1000
14603,14603,0.912697,0.912998,0.912508,0.912753,1000
14604,14604,0.911766,0.912086,0.911515,0.911801,1000
14605,14605,0.910884,0.911081,0.910464,0.910773,1000
14606,14606,0.909674,0.909996,0.909331,0.909663,1000
14607,14607,0.908627,0.908895,0.908238,0.908567,1000
14608,14608,0.907233,0.907675,0.906911,0.907293,1000
14609,14609,0.905797,0.906257,0.905369,0.905813,1000
14610,14610,0.904854,0.905127,0.904540,0.904834,1000
14611,14611,0.904808,0.904826,0.904820,0.904823,1000
14612,14612,0.904623,0.904658,0.904516,0.904587,1000
14613,14613,0.904064,0.904188,0.903847,0.904018,1000
14614,14614,0.903386,0.903522,0.903097,0.903310,1000
14615,14615,0.902357,0.902619,0.902027,0.902323,1000
14616,14616,0.902103,0.902159,0.902019,0.902089,1000
14617,14617,0.901974,0.902015,0.901952,0.901984,1000
14618,14618,0.901672,0.901766,0.901578,0.901672,1000
14619,14619,0.900943,0.901127,0.900661,0.900894,1000
14620,14620,0.899675,0.900034,0.899297,0.899665,1000
14621,14621,0.898746,0.899054,0.898530,0.898792,1000
14622,14622,0.898955,0.899010,0.898909,0.898960,1000
14623,14623,0.898778,0.898853,0.898762,0.898808,1000
14624,14624,0.898907,0.898955,0.898887,0.898921,1000
14625,14625,0.898719,0.898859,0.898805,0.898832,1000
14626,14626,0.899267,0.899465,0.899173,0.899319,1000
14627,14627,0.899391,0.899488,0.899410,0.899449,1000
14628,14628,0.899529,0.899586,0.899523,0.899555,1000
14629,14629,0.899615,0.899550,0.899545,0.899548,1000
14630,14630,0.899527,0.899570,0.899559,0.899564,1000
14631,14631,0.899902,0.899970,0.899783,0.899876,1000
14632,14632,0.900266,0.900309,0.900109,0.900209,1000
14633,14633,0.901064,0.901355,0.900826,0.901090,1000
14634,14634,0.901190,0.901290,0.901198,0.901244,1000
14635,14635,0.902242,0.902539,0.901941,0.902240,1000
14636,14636,0.902943,0.903232,0.902774,0.903003,1000
14637,14637,0.903937,0.904281,0.903691,0.903986,1000
14638,14638,0.904563,0.904677,0.904358,0.904518,1000
14639,14639,0.905580,0.905893,0.905258,0.905575,1000
14640,14640,0.906850,0.907147,0.906421,0.906784,1000
14641,14641,0.907688,0.907930,0.907401,0.907666,1000
14642,14642,0.908302,0.908487,0.908108,0.908298,1000
14643,14643,0.908072,0.908160,0.908043,0.908102,1000
14644,14644,0.908579,0.908841,0.908499,0.908670,1000
14645,14645,0.909206,0.909397,0.909061,0.909229,1000
14646,14646,0.909399,0.909395,0.909318,0.909357,1000
14647,14647,0.908957,0.909090,0.908862,0.908976,1000
14648,14648,0.908735,0.908764,0.908582,0.908673,1000
14649,14649,0.908581,0.908569,0.908480,0.908525,1000
14650,14650,0.908348,0.908442,0.908372,0.908407,1000
14651,14651,0.908651,0.908724,0.908578,0.908651,1000
14652,14652,0.909211,0.909415,0.909062,0.909239,1000
14653,14653,0.910233,0.910539,0.909939,0.910239,1000
14654,14654,0.911752,0.912304,0.911350,0.911827,1000
14655,14655,0.912681,0.912992,0.912454,0.912723,1000
14656,14656,0.913750,0.914118,0.913474,0.913796,1000
14657,14657,0.915064,0.915525,0.914727,0.915126,1000
14658,14658,0.916912,0.917383,0.916341,0.916862,1000
14659,14659,0.918937,0.919528,0.918297,0.918913,1000
14660,14660,0.920618,0.921226,0.920157,0.920692,1000
14661,14661,0.922668,0.923223,0.922054,0.922638,1000
14662,14662,0.924457,0.925088,0.923957,0.924523,1000
14663,14663,0.925897,0.926266,0.925461,0.925864,1000
14664,14664,0.927173,0.927564,0.926779,0.927171,1000
14665,14665,0.928084,0.928312,0.927785,0.928049,1000
14666,14666,0.928708,0.929031,0.928578,0.928805,1000
14667,14667,0.929154,0.929354,0.929100,0.929227,1000
14668,14668,0.929591,0.929668,0.929465,0.929566,1000
14669,14669,0.930119,0.930191,0.929903,0.930047,1000
14670,14670,0.930967,0.931316,0.930730,0.931023,1000
14671,14671,0.931081,0.931081,0.931054,0.931067,1000
14672,14672,0.929710,0.930097,0.929267,0.929682,1000
14673,14673,0.928811,0.929050,0.928509,0.928780,1000
14674,14674,0.928573,0.928667,0.928570,0.928619,1000
14675,14675,0.928419,0.928484,0.928368,0.928426,1000
14676,14676,0.928344,0.928387,0.928354,0.928370,1000
14677,14677,0.929029,0.929226,0.928831,0.929029,1000
14678,14678,0.929061,0.929182,0.929111,0.929146,1000
14679,14679,0.929111,0.929151,0.929149,0.929150,1000
14680,14680,0.928647,0.928765,0.928435,0.928600,1000
14681,14681,0.928270,0.928450,0.928322,0.928386,1000
14682,14682,0.928269,0.928346,0.928312,0.928329,1000
14683,14683,0.928614,0.928692,0.928525,0.928608,1000
14684,14684,0.928864,0.928913,0.928772,0.928843,1000
14685,14685,0.928124,0.928389,0.928000,0.928195,1000
14686,14686,0.928530,0.928648,0.928439,0.928544,1000
14687,14687,0.929486,0.929668,0.929149,0.929409,1000
14688,14688,0.929896,0.930018,0.929737,0.929877,1000
14689,14689,0.930641,0.930732,0.930337,0.930535,1000
14690,14690,0.931038,0.931170,0.930877,0.931024,1000
14691,14691,0.930904,0.930973,0.930929,0.930951,1000
14692,14692,0.930595,0.930716,0.930514,0.930615,1000
14693,14693,0.929724,0.930062,0.929588,0.929825,1000
14694,14694,0.929723,0.929701,0.929595,0.929648,1000
14695,14695,0.929671,0.929696,0.929674,0.929685,1000
14696,14696,0.929602,0.929653,0.929625,0.929639,1000
14697,14697,0.929537,0.929546,0.929466,0.929506,1000
14698,14698,0.929222,0.929294,0.929113,0.929204,1000
14699,14699,0.928792,0.928982,0.928792,0.928887,1000
14700,14700,0.928885,0.928857,0.928832,0.928845,1000
14701,14701,0.928708,0.928717,0.928607,0.928662,1000
14702,14702,0.928292,0.928403,0.928180,0.928292,1000
14703,14703,0.928250,0.928279,0.928269,0.928274,1000
14704,14704,0.928147,0.928179,0.928097,0.928138,1000
14705,14705,0.927960,0.928056,0.927986,0.928021,1000
14706,14706,0.927723,0.927783,0.927580,0.927682,1000
14707,14707,0.927416,0.927516,0.927374,0.927445,1000
14708,14708,0.927427,0.927436,0.927429,0.927433,1000
14709,14709,0.927830,0.927975,0.927725,0.927850,1000
14710,14710,0.929051,0.929409,0.928689,0.929049,1000
14711,14711,0.929878,0.930128,0.929630,0.929879,1000
14712,14712,0.930548,0.930815,0.930382,0.930598,1000
14713,14713,0.930868,0.931012,0.930821,0.930917,1000
14714,14714,0.930913,0.931048,0.930988,0.931018,1000
14715,14715,0.931606,0.931905,0.931495,0.931700,1000
14716,14716,0.931913,0.932039,0.931883,0.931961,1000
14717,14717,0.931914,0.931895,0.931839,0.931867,1000
14718,14718,0.932025,0.931976,0.931926,0.931951,1000
14719,14719,0.931898,0.931933,0.931918,0.931926,1000
14720,14720,0.931500,0.931672,0.931454,0.931563,1000
14721,14721,0.930844,0.931091,0.930687,0.930889,1000
14722,14722,0.930975,0.930997,0.930947,0.930972,1000
14723,14723,0.930505,0.930628,0.930333,0.930481,1000
14724,14724,0.930575,0.930547,0.930517,0.930532,1000
14725,14725,0.929990,0.930186,0.929890,0.930038,1000
14726,14726,0.929044,0.929303,0.928673,0.928988,1000
14727,14727,0.928706,0.928806,0.928650,0.928728,1000
14728,14728,0.929072,0.929224,0.928995,0.929110,1000
14729,14729,0.929409,0.929481,0.929310,0.929395,1000
14730,14730,0.929563,0.929757,0.929590,0.929673,1000
14731,14731,0.929473,0.929483,0.929320,0.929401,1000
14732,14732,0.929394,0.929374,0.929350,0.929362,1000
14733,14733,0.928602,0.928868,0.928445,0.928657,1000
14734,14734,0.928185,0.928311,0.928016,0.928163,1000
14735,14735,0.928572,0.928746,0.928477,0.928612,1000
14736,14736,0.928767,0.928756,0.928689,0.928723,1000
14737,14737,0.929091,0.929279,0.929022,0.929151,1000
14738,14738,0.929456,0.929515,0.929347,0.929431,1000
14739,14739,0.929456,0.929446,0.929439,0.929443,1000
14740,14740,0.930753,0.931183,0.930380,0.930782,1000
14741,14741,0.932372,0.932882,0.931912,0.932397,1000
14742,14742,0.934086,0.934564,0.933563,0.934064,1000
14743,14743,0.934509,0.934632,0.934370,0.934501,1000
14744,14744,0.934984,0.935085,0.934816,0.934951,1000
14745,14745,0.936046,0.936405,0.935733,0.936069,1000
14746,14746,0.937229,0.937586,0.936885,0.937236,1000
14747,14747,0.938181,0.938366,0.937844,0.938105,1000
14748,14748,0.938510,0.938530,0.938334,0.938432,1000
14749,14749,0.938113,0.938179,0.937962,0.938070,1000
14750,14750,0.937587,0.937744,0.937465,0.937604,1000
14751,14751,0.937508,0.937503,0.937416,0.937459,1000
14752,14752,0.937409,0.937406,0.937359,0.937382,1000
14753,14753,0.937138,0.937235,0.937108,0.937172,1000
14754,14754,0.936783,0.936875,0.936621,0.936748,1000
14755,14755,0.936744,0.936757,0.936753,0.936755,1000
14756,14756,0.936778,0.936836,0.936798,0.936817,1000
14757,14757,0.937216,0.937305,0.937080,0.937193,1000
14758,14758,0.937449,0.937458,0.937336,0.937397,1000
14759,14759,0.938142,0.938396,0.937935,0.938165,1000
14760,14760,0.938737,0.939005,0.938617,0.938811,1000
14761,14761,0.939145,0.939272,0.939059,0.939166,1000
14762,14762,0.939072,0.939073,0.938993,0.939033,1000
14763,14763,0.938654,0.938744,0.938497,0.938620,1000
14764,14764,0.938147,0.938328,0.938077,0.938202,1000
14765,14765,0.938225,0.938180,0.938161,0.938171,1000
14766,14766,0.937492,0.937737,0.937366,0.937551,1000
14767,14767,0.937405,0.937420,0.937308,0.937364,1000
14768,14768,0.936813,0.936919,0.936537,0.936728,1000
14769,14769,0.935798,0.936100,0.935563,0.935831,1000
14770,14770,0.934493,0.934878,0.934061,0.934469,1000
14771,14771,0.933528,0.933725,0.933088,0.933407,1000
14772,14772,0.932768,0.932931,0.932524,0.932727,1000
14773,14773,0.931548,0.931895,0.931181,0.931538,1000
14774,14774,0.930347,0.930713,0.930006,0.930359,1000
14775,14775,0.929274,0.929575,0.928904,0.929240,1000
14776,14776,0.928242,0.928598,0.928048,0.928323,1000
14777,14777,0.927750,0.927932,0.927596,0.927764,1000
14778,14778,0.927619,0.927649,0.927550,0.927599,1000
14779,14779,0.926621,0.926978,0.926445,0.926711,1000
14780,14780,0.925854,0.926121,0.925615,0.925868,1000
14781,14781,0.924898,0.925231,0.924685,0.924958,1000
14782,14782,0.923981,0.924294,0.923725,0.924010,1000
14783,14783,0.923034,0.923332,0.922752,0.923042,1000
14784,14784,0.921784,0.922154,0.921394,0.921774,1000
14785,14785,0.920669,0.921032,0.920396,0.920714,1000
14786,14786,0.919528,0.919836,0.919084,0.919460,1000
14787,14787,0.917911,0.918367,0.917432,0.917900,1000
14788,14788,0.916912,0.917210,0.916620,0.916915,1000
14789,14789,0.915900,0.916191,0.915570,0.915880,1000
14790,14790,0.915170,0.915393,0.914976,0.915185,1000
14791,14791,0.914708,0.914853,0.914568,0.914711,1000
14792,14792,0.915040,0.915225,0.914988,0.915106,1000
14793,14793,0.915706,0.915812,0.915486,0.915649,1000
14794,14794,0.915940,0.916041,0.915860,0.915950,1000
14795,14795,0.916437,0.916585,0.916292,0.916438,1000
14796,14796,0.916718,0.916806,0.916636,0.916721,1000
14797,14797,0.916728,0.916752,0.916738,0.916745,1000
14798,14798,0.917197,0.917306,0.917047,0.917177,1000
14799,14799,0.917775,0.917941,0.917588,0.917764,1000
14800,14800,0.918696,0.918915,0.918384,0.918649,1000
14801,14801,0.919477,0.919841,0.919291,0.919566,1000
14802,14802,0.919992,0.920167,0.919890,0.920028,1000
14803,14803,0.920427,0.920573,0.920322,0.920447,1000
14804,14804,0.920583,0.920677,0.920571,0.920624,1000
14805,14805,0.920727,0.920725,0.920678,0.920702,1000
14806,14806,0.920183,0.920353,0.920055,0.920204,1000
14807,14807,0.919532,0.919703,0.919274,0.919489,1000
14808,14808,0.918942,0.919161,0.918881,0.919021,1000
14809,14809,0.918441,0.918644,0.918321,0.918483,1000
14810,14810,0.918182,0.918274,0.918096,0.918185,1000
14811,14811,0.917592,0.917714,0.917311,0.917513,1000
14812,14812,0.916995,0.917121,0.916786,0.916953,1000
14813,14813,0.917187,0.917226,0.917100,0.917163,1000
14814,14814,0.917823,0.917967,0.917596,0.917781,1000
14815,14815,0.918294,0.918424,0.918127,0.918276,1000
14816,14816,0.919258,0.919466,0.918916,0.919191,1000
14817,14817,0.919630,0.919713,0.919472,0.919593,1000
14818,14818,0.920444,0.920636,0.920154,0.920395,1000
14819,14819,0.920536,0.920679,0.920548,0.920613,1000
14820,14820,0.920636,0.920637,0.920626,0.920632,1000
14821,14821,0.920678,0.920689,0.920662,0.920676,1000
14822,14822,0.920096,0.920217,0.919825,0.920021,1000
14823,14823,0.919437,0.919630,0.919296,0.919463,1000
14824,14824,0.919125,0.919254,0.919075,0.919165,1000
14825,14825,0.918535,0.918739,0.918374,0.918557,1000
14826,14826,0.917896,0.918134,0.917771,0.917953,1000
14827,14827,0.917042,0.917358,0.916848,0.917103,1000
14828,14828,0.916430,0.916639,0.916242,0.916441,1000
14829,14829,0.916190,0.916251,0.916088,0.916170,1000
14830,14830,0.916609,0.916818,0.916519,0.916668,1000
14831,14831,0.916718,0.916775,0.916726,0.916750,1000
14832,14832,0.917476,0.917590,0.917202,0.917396,1000
14833,14833,0.917672,0.917834,0.917632,0.917733,1000
14834,14834,0.917194,0.917328,0.916982,0.917155,1000
14835,14835,0.916905,0.916997,0.916861,0.916929,1000
14836,14836,0.917238,0.917241,0.917097,0.917169,1000
14837,14837,0.917676,0.917865,0.917544,0.917704,1000
14838,14838,0.918099,0.918097,0.917915,0.918006,1000
14839,14839,0.917757,0.917883,0.917778,0.917830,1000
14840,14840,0.917753,0.917702,0.917592,0.917647,1000
14841,14841,0.917623,0.917634,0.917623,0.917628,1000
14842,14842,0.917579,0.917540,0.917464,0.917502,1000
14843,14843,0.917063,0.917161,0.916868,0.917014,1000
14844,14844,0.917090,0.917026,0.917020,0.917023,1000
14845,14845,0.916710,0.916777,0.916566,0.916671,1000
14846,14846,0.916270,0.916408,0.916183,0.916296,1000
14847,14847,0.916436,0.916402,0.916353,0.916377,1000
14848,14848,0.915691,0.915891,0.915475,0.915683,1000
14849,14849,0.915169,0.915337,0.915041,0.915189,1000
14850,14850,0.914932,0.914997,0.914832,0.914915,1000
14851,14851,0.914344,0.914538,0.914215,0.914377,1000
14852,14852,0.913455,0.913735,0.913186,0.913461,1000
14853,14853,0.912609,0.912854,0.912335,0.912594,1000
14854,14854,0.911313,0.911734,0.910997,0.911365,1000
14855,14855,0.910300,0.910628,0.909996,0.910312,1000
14856,14856,0.909135,0.909476,0.908761,0.909119,1000
14857,14857,0.908321,0.908548,0.908059,0.908303,1000
14858,14858,0.906733,0.907240,0.906330,0.906785,1000
14859,14859,0.905337,0.905748,0.904860,0.905304,1000
14860,14860,0.904593,0.904771,0.904316,0.904544,1000
14861,14861,0.903558,0.903873,0.903298,0.903586,1000
14862,14862,0.902352,0.902702,0.901946,0.902324,1000
14863,14863,0.901127,0.901521,0.900834,0.901178,1000
14864,14864,0.900386,0.900592,0.900090,0.900341,1000
14865,14865,0.899922,0.900029,0.899762,0.899895,1000
14866,14866,0.899712,0.899797,0.899712,0.899754,1000
14867,14867,0.900266,0.900393,0.900098,0.900245,1000
14868,14868,0.900729,0.900784,0.900535,0.900659,1000
14869,14869,0.901000,0.901116,0.900905,0.901011,1000
14870,14870,0.901148,0.901114,0.901066,0.901090,1000
14871,14871,0.901020,0.901031,0.900981,0.901006,1000
14872,14872,0.900746,0.900900,0.900808,0.900854,1000
14873,14873,0.900092,0.900319,0.899861,0.900090,1000
14874,14874,0.899506,0.899689,0.899346,0.899518,1000
14875,14875,0.899073,0.899242,0.899007,0.899125,1000
14876,14876,0.898616,0.898751,0.898432,0.898592,1000
14877,14877,0.898054,0.898224,0.897908,0.898066,1000
14878,14878,0.897975,0.898010,0.897963,0.897987,1000
14879,14879,0.898790,0.898953,0.898507,0.898730,1000
14880,14880,0.899274,0.899492,0.899140,0.899316,1000
14881,14881,0.900273,0.900616,0.900015,0.900316,1000
14882,14882,0.901350,0.901682,0.901051,0.901366,1000
14883,14883,0.902345,0.902708,0.902089,0.902399,1000
14884,14884,0.903652,0.904005,0.903263,0.903634,1000
14885,14885,0.905077,0.905398,0.904583,0.904991,1000
14886,14886,0.906445,0.906806,0.905968,0.906387,1000
14887,14887,0.907492,0.907836,0.907167,0.907502,1000
14888,14888,0.908241,0.908558,0.908070,0.908314,1000
14889,14889,0.909389,0.909824,0.909127,0.909475,1000
14890,14890,0.910471,0.910782,0.910179,0.910480,1000
14891,14891,0.911997,0.912570,0.911605,0.912088,1000
14892,14892,0.912952,0.913294,0.912737,0.913015,1000
14893,14893,0.913810,0.914097,0.913598,0.913847,1000
14894,14894,0.915018,0.915368,0.914666,0.915017,1000
14895,14895,0.916187,0.916433,0.915779,0.916106,1000
14896,14896,0.917693,0.918193,0.917229,0.917711,1000
14897,14897,0.919309,0.919701,0.918782,0.919242,1000
14898,14898,0.921284,0.921806,0.920622,0.921214,1000
14899,14899,0.922820,0.923372,0.922375,0.922873,1000
14900,14900,0.924413,0.924968,0.924001,0.924484,1000
14901,14901,0.924805,0.924953,0.924737,0.924845,1000
14902,14902,0.925167,0.925191,0.925031,0.925111,1000
14903,14903,0.925490,0.925573,0.925360,0.925466,1000
14904,14904,0.925444,0.925522,0.925496,0.925509,1000
14905,14905,0.925923,0.926030,0.925789,0.925910,1000
14906,14906,0.926225,0.926233,0.926084,0.926158,1000
14907,14907,0.925547,0.925730,0.925364,0.925547,1000
14908,14908,0.924727,0.924936,0.924412,0.924674,1000
14909,14909,0.922982,0.923490,0.922477,0.922983,1000
14910,14910,0.921712,0.922093,0.921331,0.921712,1000
14911,14911,0.920615,0.920920,0.920242,0.920581,1000
14912,14912,0.919261,0.919553,0.918673,0.919113,1000
14913,14913,0.917851,0.918268,0.917543,0.917906,1000
14914,14914,0.916356,0.916774,0.915805,0.916290,1000
14915,14915,0.915240,0.915547,0.914911,0.915229,1000
14916,14916,0.914564,0.914710,0.914265,0.914488,1000
14917,14917,0.913492,0.913768,0.913152,0.913460,1000
14918,14918,0.912021,0.912438,0.911563,0.912000,1000
14919,14919,0.910090,0.910651,0.909496,0.910073,1000
14920,14920,0.908078,0.908732,0.907584,0.908158,1000
14921,14921,0.906474,0.906976,0.905964,0.906470,1000
14922,14922,0.905367,0.905748,0.905129,0.905439,1000
14923,14923,0.904958,0.905121,0.904850,0.904985,1000
14924,14924,0.904969,0.904913,0.904851,0.904882,1000
14925,14925,0.904104,0.904342,0.903879,0.904110,1000
14926,14926,0.903559,0.903709,0.903366,0.903538,1000
14927,14927,0.903649,0.903667,0.903607,0.903637,1000
14928,14928,0.904654,0.905028,0.904386,0.904707,1000
14929,14929,0.905239,0.905370,0.905064,0.905217,1000
14930,14930,0.905177,0.905189,0.905165,0.905177,1000
14931,14931,0.904693,0.904850,0.904570,0.904710,1000
14932,14932,0.904968,0.904994,0.904863,0.904928,1000
14933,14933,0.905131,0.905264,0.905109,0.905186,1000
14934,14934,0.906069,0.906318,0.905796,0.906057,1000
14935,14935,0.906868,0.907104,0.906621,0.906862,1000
14936,14936,0.907548,0.907867,0.907403,0.907635,1000
14937,14937,0.908559,0.908874,0.908302,0.908588,1000
14938,14938,0.909906,0.910296,0.909507,0.909901,1000
14939,14939,0.910849,0.911197,0.910599,0.910898,1000
14940,14940,0.911284,0.911443,0.911192,0.911317,1000
14941,14941,0.911256,0.911245,0.911183,0.911214,1000
14942,14942,0.911455,0.911525,0.911381,0.911453,1000
14943,14943,0.911222,0.911311,0.911189,0.911250,1000
14944,14944,0.910596,0.910830,0.910471,0.910651,1000
14945,14945,0.910375,0.910426,0.910233,0.910329,1000
14946,14946,0.909984,0.910088,0.909881,0.909984,1000
14947,14947,0.909610,0.909711,0.909477,0.909594,1000
14948,14948,0.909268,0.909370,0.909178,0.909274,1000
14949,14949,0.907958,0.908415,0.907679,0.908047,1000
14950,14950,0.906216,0.906762,0.905662,0.906212,1000
14951,14951,0.904053,0.904659,0.903329,0.903994,1000
14952,14952,0.901905,0.902489,0.901202,0.901846,1000
14953,14953,0.900145,0.900660,0.899644,0.900152,1000
14954,14954,0.898359,0.898901,0.897831,0.898366,1000
14955,14955,0.896521,0.897108,0.896031,0.896569,1000
14956,14956,0.894496,0.895122,0.893883,0.894503,1000
14957,14957,0.892061,0.892785,0.891315,0.892050,1000
14958,14958,0.889967,0.890557,0.889280,0.889918,1000
14959,14959,0.887691,0.888311,0.886935,0.887623,1000
14960,14960,0.885401,0.886083,0.884765,0.885424,1000
14961,14961,0.883362,0.883985,0.882754,0.883369,1000
14962,14962,0.881287,0.881872,0.880591,0.881232,1000
14963,14963,0.879177,0.879789,0.878554,0.879171,1000
14964,14964,0.877270,0.877797,0.876621,0.877209,1000
14965,14965,0.875350,0.875960,0.874891,0.875425,1000
14966,14966,0.873721,0.874210,0.873170,0.873690,1000
14967,14967,0.872184,0.872527,0.871531,0.872029,1000
14968,14968,0.870752,0.871141,0.870380,0.870761,1000
14969,14969,0.869156,0.869626,0.868655,0.869141,1000
14970,14970,0.867738,0.868160,0.867321,0.867741,1000
14971,14971,0.867140,0.867305,0.866932,0.867119,1000
14972,14972,0.866770,0.866843,0.866607,0.866725,1000
14973,14973,0.866597,0.866624,0.866537,0.866580,1000
14974,14974,0.866542,0.866573,0.866567,0.866570,1000
14975,14975,0.865447,0.865761,0.865068,0.865415,1000
14976,14976,0.863928,0.864354,0.863446,0.863900,1000
14977,14977,0.862314,0.862829,0.861912,0.862370,1000
14978,14978,0.860330,0.860988,0.859805,0.860397,1000
14979,14979,0.858228,0.858875,0.857573,0.858224,1000
14980,14980,0.856252,0.856855,0.855683,0.856269,1000
14981,14981,0.853947,0.854624,0.853216,0.853920,1000
14982,14982,0.851633,0.852335,0.850979,0.851657,1000
14983,14983,0.849806,0.850328,0.849190,0.849759,1000
14984,14984,0.848692,0.848982,0.848316,0.848649,1000
14985,14985,0.847364,0.847689,0.846867,0.847278,1000
14986,14986,0.845370,0.845969,0.844848,0.845409,1000
14987,14987,0.843074,0.843791,0.842407,0.843099,1000
14988,14988,0.840972,0.841622,0.840358,0.840990,1000
14989,14989,0.838668,0.839404,0.838048,0.838726,1000
14990,14990,0.837204,0.837676,0.836777,0.837226,1000
14991,14991,0.835837,0.836249,0.835413,0.835831,1000
14992,14992,0.834999,0.835275,0.834799,0.835037,1000
14993,14993,0.834404,0.834615,0.834254,0.834434,1000
14994,14994,0.834222,0.834272,0.834132,0.834202,1000
14995,14995,0.833786,0.833872,0.833590,0.833731,1000
14996,14996,0.832735,0.833053,0.832472,0.832763,1000
14997,14997,0.831876,0.832191,0.831701,0.831946,1000
14998,14998,0.830623,0.831049,0.830280,0.830664,1000
14999,14999,0.829772,0.830008,0.829447,0.829728,1000
